date,region,category,customer_segment,units,revenue
2025-06-01,Northeast,Apparel,Loyalty,23,1447.08
2025-06-01,Northeast,Electronics,Loyalty,19,443.02
2025-06-01,Northeast,Home,Returning,14,1614.71
2025-06-01,Northeast,Outdoor,New,11,360.19
2025-06-01,Northeast,Beauty,Returning,21,1828.66
2025-06-01,Southeast,Apparel,Loyalty,11,793.76
2025-06-01,Southeast,Electronics,New,6,179.47
2025-06-01,Southeast,Home,Returning,6,296.49
2025-06-01,Southeast,Outdoor,New,20,1245.03
2025-06-01,Southeast,Beauty,Returning,8,607.08
2025-06-01,Midwest,Apparel,Loyalty,22,1144.11
2025-06-01,Midwest,Electronics,New,12,465.93
2025-06-01,Midwest,Home,Loyalty,20,1128.06
2025-06-01,Midwest,Outdoor,Returning,12,1257.66
2025-06-01,Midwest,Beauty,Loyalty,7,285.39
2025-06-01,West,Apparel,Returning,15,1144.38
2025-06-01,West,Electronics,Returning,19,547.68
2025-06-01,West,Home,New,13,1454.76
2025-06-01,West,Outdoor,Loyalty,6,465.78
2025-06-01,West,Beauty,Returning,23,2477.45
2025-06-02,Northeast,Apparel,Loyalty,12,363.61
2025-06-02,Northeast,Electronics,New,3,264.78
2025-06-02,Northeast,Home,New,16,576.07
2025-06-02,Northeast,Outdoor,New,10,224.3
2025-06-02,Northeast,Beauty,Returning,24,2427.91
2025-06-02,Southeast,Apparel,Loyalty,4,156.56
2025-06-02,Southeast,Electronics,New,8,535.79
2025-06-02,Southeast,Home,Returning,24,2382.92
2025-06-02,Southeast,Outdoor,Returning,17,1108.93
2025-06-02,Southeast,Beauty,Loyalty,7,112.95
2025-06-02,Midwest,Apparel,Returning,4,113.64
2025-06-02,Midwest,Electronics,Returning,19,901.38
2025-06-02,Midwest,Home,Returning,23,905.86
2025-06-02,Midwest,Outdoor,Returning,21,1720.39
2025-06-02,Midwest,Beauty,Loyalty,14,1188.32
2025-06-02,West,Apparel,Returning,24,1301.95
2025-06-02,West,Electronics,Loyalty,22,963.28
2025-06-02,West,Home,New,24,679.7
2025-06-02,West,Outdoor,Returning,16,1876.35
2025-06-02,West,Beauty,Returning,15,976.34
2025-06-03,Northeast,Apparel,Loyalty,23,380.4
2025-06-03,Northeast,Electronics,Loyalty,4,247.84
2025-06-03,Northeast,Home,Returning,7,594.06
2025-06-03,Northeast,Outdoor,Returning,20,917.26
2025-06-03,Northeast,Beauty,Returning,11,303.78
2025-06-03,Southeast,Apparel,Loyalty,8,933.42
2025-06-03,Southeast,Electronics,New,10,1086.94
2025-06-03,Southeast,Home,New,8,535.17
2025-06-03,Southeast,Outdoor,Loyalty,10,727.1
2025-06-03,Southeast,Beauty,Loyalty,12,1302.27
2025-06-03,Midwest,Apparel,New,17,1478.99
2025-06-03,Midwest,Electronics,New,22,1125.48
2025-06-03,Midwest,Home,Loyalty,20,1766.28
2025-06-03,Midwest,Outdoor,Returning,16,1212.53
2025-06-03,Midwest,Beauty,Loyalty,22,1265.05
2025-06-03,West,Apparel,New,9,430.85
2025-06-03,West,Electronics,New,18,946.42
2025-06-03,West,Home,Returning,21,1067.66
2025-06-03,West,Outdoor,New,3,145.76
2025-06-03,West,Beauty,New,16,614.58
2025-06-04,Northeast,Apparel,Returning,24,1046.34
2025-06-04,Northeast,Electronics,New,16,1107.74
2025-06-04,Northeast,Home,Loyalty,10,322.42
2025-06-04,Northeast,Outdoor,New,14,644.21
2025-06-04,Northeast,Beauty,Returning,21,427.94
2025-06-04,Southeast,Apparel,New,18,273.96
2025-06-04,Southeast,Electronics,New,13,436.51
2025-06-04,Southeast,Home,New,7,694.15
2025-06-04,Southeast,Outdoor,Loyalty,5,138.9
2025-06-04,Southeast,Beauty,Loyalty,17,907.41
2025-06-04,Midwest,Apparel,Returning,23,1781.44
2025-06-04,Midwest,Electronics,New,3,266.05
2025-06-04,Midwest,Home,Loyalty,20,792.08
2025-06-04,Midwest,Outdoor,New,23,2095.8
2025-06-04,Midwest,Beauty,Loyalty,19,1836.52
2025-06-04,West,Apparel,Returning,6,185.4
2025-06-04,West,Electronics,Loyalty,18,1177.91
2025-06-04,West,Home,New,5,303.46
2025-06-04,West,Outdoor,Loyalty,8,611.27
2025-06-04,West,Beauty,Returning,4,76.81
2025-06-05,Northeast,Apparel,Loyalty,19,520.16
2025-06-05,Northeast,Electronics,New,5,171.6
2025-06-05,Northeast,Home,New,22,967.51
2025-06-05,Northeast,Outdoor,New,4,149.22
2025-06-05,Northeast,Beauty,New,13,346.18
2025-06-05,Southeast,Apparel,Returning,19,1135.86
2025-06-05,Southeast,Electronics,New,16,1380.37
2025-06-05,Southeast,Home,New,10,1141.39
2025-06-05,Southeast,Outdoor,Returning,15,233.02
2025-06-05,Southeast,Beauty,New,20,1571.66
2025-06-05,Midwest,Apparel,Loyalty,7,756.32
2025-06-05,Midwest,Electronics,Returning,12,849.84
2025-06-05,Midwest,Home,Loyalty,6,392.86
2025-06-05,Midwest,Outdoor,New,19,1827.95
2025-06-05,Midwest,Beauty,Returning,21,2061.54
2025-06-05,West,Apparel,New,18,288.95
2025-06-05,West,Electronics,Loyalty,18,1680.02
2025-06-05,West,Home,Returning,7,422.19
2025-06-05,West,Outdoor,New,3,128.38
2025-06-05,West,Beauty,Returning,15,1518.57
2025-06-06,Northeast,Apparel,Returning,12,903.57
2025-06-06,Northeast,Electronics,Loyalty,15,324.44
2025-06-06,Northeast,Home,Loyalty,3,180.6
2025-06-06,Northeast,Outdoor,Loyalty,18,2148.33
2025-06-06,Northeast,Beauty,Returning,13,1095.58
2025-06-06,Southeast,Apparel,New,11,181.04
2025-06-06,Southeast,Electronics,Returning,23,918.21
2025-06-06,Southeast,Home,Loyalty,20,1716.94
2025-06-06,Southeast,Outdoor,Loyalty,5,155.39
2025-06-06,Southeast,Beauty,New,16,1655.1
2025-06-06,Midwest,Apparel,New,11,565.2
2025-06-06,Midwest,Electronics,Loyalty,15,1330.53
2025-06-06,Midwest,Home,New,5,233.07
2025-06-06,Midwest,Outdoor,New,17,1684.67
2025-06-06,Midwest,Beauty,New,23,1084.51
2025-06-06,West,Apparel,New,4,238.87
2025-06-06,West,Electronics,Loyalty,8,615.95
2025-06-06,West,Home,Loyalty,4,372.65
2025-06-06,West,Outdoor,Returning,16,1145.48
2025-06-06,West,Beauty,Loyalty,13,1286.78
2025-06-07,Northeast,Apparel,New,17,779.71
2025-06-07,Northeast,Electronics,New,3,172.32
2025-06-07,Northeast,Home,New,18,1642.13
2025-06-07,Northeast,Outdoor,Returning,16,951.95
2025-06-07,Northeast,Beauty,New,4,90.31
2025-06-07,Southeast,Apparel,New,10,782.47
2025-06-07,Southeast,Electronics,Returning,7,246.59
2025-06-07,Southeast,Home,New,6,164.72
2025-06-07,Southeast,Outdoor,Returning,9,180.99
2025-06-07,Southeast,Beauty,New,3,164.07
2025-06-07,Midwest,Apparel,Returning,7,622.49
2025-06-07,Midwest,Electronics,Loyalty,21,2096.55
2025-06-07,Midwest,Home,Returning,22,604.82
2025-06-07,Midwest,Outdoor,New,15,1604.78
2025-06-07,Midwest,Beauty,New,4,261.14
2025-06-07,West,Apparel,Returning,21,1819.82
2025-06-07,West,Electronics,Returning,9,206.42
2025-06-07,West,Home,Returning,5,170.83
2025-06-07,West,Outdoor,New,16,846.09
2025-06-07,West,Beauty,Returning,12,950
2025-06-08,Northeast,Apparel,New,12,633.26
2025-06-08,Northeast,Electronics,New,19,1647.38
2025-06-08,Northeast,Home,Loyalty,17,757.49
2025-06-08,Northeast,Outdoor,New,17,1730.72
2025-06-08,Northeast,Beauty,Loyalty,15,988.06
2025-06-08,Southeast,Apparel,New,4,383.97
2025-06-08,Southeast,Electronics,Loyalty,9,564.56
2025-06-08,Southeast,Home,Returning,12,994.04
2025-06-08,Southeast,Outdoor,New,12,1098.84
2025-06-08,Southeast,Beauty,Returning,21,1748.48
2025-06-08,Midwest,Apparel,Returning,4,382.24
2025-06-08,Midwest,Electronics,New,4,114.77
2025-06-08,Midwest,Home,New,3,209.87
2025-06-08,Midwest,Outdoor,Returning,6,489.55
2025-06-08,Midwest,Beauty,Returning,13,723.07
2025-06-08,West,Apparel,Loyalty,21,1125.99
2025-06-08,West,Electronics,New,20,2064.46
2025-06-08,West,Home,Returning,6,367.38
2025-06-08,West,Outdoor,Loyalty,22,1419.27
2025-06-08,West,Beauty,Loyalty,8,694.6
2025-06-09,Northeast,Apparel,New,13,993.88
2025-06-09,Northeast,Electronics,Returning,12,1017.09
2025-06-09,Northeast,Home,Returning,23,385.39
2025-06-09,Northeast,Outdoor,New,8,284.9
2025-06-09,Northeast,Beauty,Loyalty,22,2113.52
2025-06-09,Southeast,Apparel,Returning,24,2203.6
2025-06-09,Southeast,Electronics,Returning,14,237.15
2025-06-09,Southeast,Home,New,17,412.33
2025-06-09,Southeast,Outdoor,Returning,23,1580.51
2025-06-09,Southeast,Beauty,New,12,1358.12
2025-06-09,Midwest,Apparel,New,15,1525.72
2025-06-09,Midwest,Electronics,Loyalty,21,1366.63
2025-06-09,Midwest,Home,Loyalty,21,468.37
2025-06-09,Midwest,Outdoor,Loyalty,5,257.84
2025-06-09,Midwest,Beauty,New,13,1218.01
2025-06-09,West,Apparel,Loyalty,18,1250.16
2025-06-09,West,Electronics,Returning,4,431.18
2025-06-09,West,Home,New,18,545.38
2025-06-09,West,Outdoor,New,12,712.12
2025-06-09,West,Beauty,Loyalty,18,983.43
2025-06-10,Northeast,Apparel,New,11,505.84
2025-06-10,Northeast,Electronics,Returning,19,1481.19
2025-06-10,Northeast,Home,New,10,170.37
2025-06-10,Northeast,Outdoor,New,10,529.46
2025-06-10,Northeast,Beauty,Loyalty,3,321.36
2025-06-10,Southeast,Apparel,Loyalty,9,501.68
2025-06-10,Southeast,Electronics,Returning,14,832.66
2025-06-10,Southeast,Home,Returning,22,2272.5
2025-06-10,Southeast,Outdoor,Returning,23,395.83
2025-06-10,Southeast,Beauty,Loyalty,16,745.99
2025-06-10,Midwest,Apparel,Loyalty,8,940.82
2025-06-10,Midwest,Electronics,Returning,13,513.66
2025-06-10,Midwest,Home,Loyalty,19,593.3
2025-06-10,Midwest,Outdoor,Loyalty,12,376.69
2025-06-10,Midwest,Beauty,New,18,395.41
2025-06-10,West,Apparel,Loyalty,15,1341.1
2025-06-10,West,Electronics,Loyalty,4,197.01
2025-06-10,West,Home,Returning,21,1537.67
2025-06-10,West,Outdoor,New,20,1296.83
2025-06-10,West,Beauty,New,23,644.85
2025-06-11,Northeast,Apparel,Returning,15,401.6
2025-06-11,Northeast,Electronics,Returning,22,377.04
2025-06-11,Northeast,Home,New,6,523.25
2025-06-11,Northeast,Outdoor,New,22,1830.09
2025-06-11,Northeast,Beauty,Returning,6,712.99
2025-06-11,Southeast,Apparel,Loyalty,10,915.38
2025-06-11,Southeast,Electronics,New,21,329.62
2025-06-11,Southeast,Home,Loyalty,5,262.78
2025-06-11,Southeast,Outdoor,Returning,20,2254.19
2025-06-11,Southeast,Beauty,Loyalty,5,539.84
2025-06-11,Midwest,Apparel,New,13,312.03
2025-06-11,Midwest,Electronics,Returning,13,899.43
2025-06-11,Midwest,Home,Returning,17,1403.01
2025-06-11,Midwest,Outdoor,Returning,5,538.69
2025-06-11,Midwest,Beauty,Loyalty,3,265.98
2025-06-11,West,Apparel,New,16,1794.9
2025-06-11,West,Electronics,Loyalty,16,1918.83
2025-06-11,West,Home,Loyalty,9,1061.83
2025-06-11,West,Outdoor,New,23,2104.78
2025-06-11,West,Beauty,Returning,17,1694.06
2025-06-12,Northeast,Apparel,Returning,15,1388.93
2025-06-12,Northeast,Electronics,Loyalty,12,1407.48
2025-06-12,Northeast,Home,Returning,6,245.05
2025-06-12,Northeast,Outdoor,Returning,12,1020.14
2025-06-12,Northeast,Beauty,Returning,11,933.56
2025-06-12,Southeast,Apparel,New,5,228.69
2025-06-12,Southeast,Electronics,New,15,515.19
2025-06-12,Southeast,Home,New,14,526.25
2025-06-12,Southeast,Outdoor,New,6,526.85
2025-06-12,Southeast,Beauty,Loyalty,10,393.2
2025-06-12,Midwest,Apparel,Returning,6,365.86
2025-06-12,Midwest,Electronics,Returning,5,314.58
2025-06-12,Midwest,Home,Loyalty,16,1447.98
2025-06-12,Midwest,Outdoor,Loyalty,6,404.53
2025-06-12,Midwest,Beauty,Returning,22,533.22
2025-06-12,West,Apparel,Returning,4,383.34
2025-06-12,West,Electronics,Returning,20,324.36
2025-06-12,West,Home,New,4,316.65
2025-06-12,West,Outdoor,Returning,21,1752.24
2025-06-12,West,Beauty,Returning,10,157.48
2025-06-13,Northeast,Apparel,Returning,9,504.7
2025-06-13,Northeast,Electronics,Loyalty,16,1072.99
2025-06-13,Northeast,Home,Returning,13,1063.72
2025-06-13,Northeast,Outdoor,Loyalty,13,1152.82
2025-06-13,Northeast,Beauty,New,24,2743.75
2025-06-13,Southeast,Apparel,Returning,21,1413.07
2025-06-13,Southeast,Electronics,Loyalty,20,1708.37
2025-06-13,Southeast,Home,New,11,255.79
2025-06-13,Southeast,Outdoor,Returning,20,1300
2025-06-13,Southeast,Beauty,Returning,21,1747.11
2025-06-13,Midwest,Apparel,Loyalty,19,1955.83
2025-06-13,Midwest,Electronics,Returning,23,2131.91
2025-06-13,Midwest,Home,New,21,890.23
2025-06-13,Midwest,Outdoor,New,9,877.73
2025-06-13,Midwest,Beauty,Loyalty,11,920.83
2025-06-13,West,Apparel,Returning,23,1187.12
2025-06-13,West,Electronics,Loyalty,5,165.26
2025-06-13,West,Home,Loyalty,11,980.5
2025-06-13,West,Outdoor,New,23,1823.17
2025-06-13,West,Beauty,Returning,17,1443.38
2025-06-14,Northeast,Apparel,New,21,2470.49
2025-06-14,Northeast,Electronics,Returning,19,500.29
2025-06-14,Northeast,Home,Returning,13,1003.2
2025-06-14,Northeast,Outdoor,Loyalty,7,147.19
2025-06-14,Northeast,Beauty,New,20,512.12
2025-06-14,Southeast,Apparel,Returning,6,386.55
2025-06-14,Southeast,Electronics,Loyalty,9,700.01
2025-06-14,Southeast,Home,Returning,18,1296.25
2025-06-14,Southeast,Outdoor,Loyalty,17,415.98
2025-06-14,Southeast,Beauty,New,4,113.8
2025-06-14,Midwest,Apparel,Loyalty,5,350.35
2025-06-14,Midwest,Electronics,Returning,9,455.45
2025-06-14,Midwest,Home,Loyalty,10,338.62
2025-06-14,Midwest,Outdoor,Returning,17,1914.97
2025-06-14,Midwest,Beauty,Loyalty,24,514.77
2025-06-14,West,Apparel,Returning,16,256.03
2025-06-14,West,Electronics,New,22,2200.7
2025-06-14,West,Home,Loyalty,7,786.49
2025-06-14,West,Outdoor,New,5,79.27
2025-06-14,West,Beauty,Loyalty,21,891.79
2025-06-15,Northeast,Apparel,Returning,12,1055.03
2025-06-15,Northeast,Electronics,New,10,359.35
2025-06-15,Northeast,Home,Loyalty,9,149.59
2025-06-15,Northeast,Outdoor,Loyalty,23,1003.74
2025-06-15,Northeast,Beauty,Returning,5,341.89
2025-06-15,Southeast,Apparel,Returning,23,715.21
2025-06-15,Southeast,Electronics,New,21,1429.18
2025-06-15,Southeast,Home,Returning,14,1295.59
2025-06-15,Southeast,Outdoor,Returning,5,488.85
2025-06-15,Southeast,Beauty,Returning,24,1233.36
2025-06-15,Midwest,Apparel,Returning,14,1524.93
2025-06-15,Midwest,Electronics,New,4,231.58
2025-06-15,Midwest,Home,Loyalty,4,337.04
2025-06-15,Midwest,Outdoor,New,18,1252.88
2025-06-15,Midwest,Beauty,Loyalty,21,355.51
2025-06-15,West,Apparel,Returning,8,343.16
2025-06-15,West,Electronics,Loyalty,18,672
2025-06-15,West,Home,Returning,18,1411.75
2025-06-15,West,Outdoor,Loyalty,11,287.52
2025-06-15,West,Beauty,Loyalty,10,579.48
2025-06-16,Northeast,Apparel,Loyalty,16,1103.42
2025-06-16,Northeast,Electronics,Returning,5,404.24
2025-06-16,Northeast,Home,Loyalty,18,1344.43
2025-06-16,Northeast,Outdoor,New,12,562.77
2025-06-16,Northeast,Beauty,Loyalty,8,250.65
2025-06-16,Southeast,Apparel,Returning,11,472.52
2025-06-16,Southeast,Electronics,Loyalty,11,649.09
2025-06-16,Southeast,Home,New,19,1531.64
2025-06-16,Southeast,Outdoor,Loyalty,7,404.91
2025-06-16,Southeast,Beauty,New,21,2383.41
2025-06-16,Midwest,Apparel,Returning,14,1592.14
2025-06-16,Midwest,Electronics,Returning,4,105.58
2025-06-16,Midwest,Home,Returning,15,1691.63
2025-06-16,Midwest,Outdoor,New,4,124.21
2025-06-16,Midwest,Beauty,Returning,23,874.4
2025-06-16,West,Apparel,Returning,21,2218.28
2025-06-16,West,Electronics,Returning,5,545.5
2025-06-16,West,Home,Returning,15,805.67
2025-06-16,West,Outdoor,Loyalty,15,1652.78
2025-06-16,West,Beauty,New,17,1137.18
2025-06-17,Northeast,Apparel,Returning,13,1523.44
2025-06-17,Northeast,Electronics,New,24,1222.04
2025-06-17,Northeast,Home,Returning,23,2395.23
2025-06-17,Northeast,Outdoor,Loyalty,24,2340.53
2025-06-17,Northeast,Beauty,Returning,21,1747.11
2025-06-17,Southeast,Apparel,New,19,862.53
2025-06-17,Southeast,Electronics,Returning,9,167.25
2025-06-17,Southeast,Home,Returning,14,325.04
2025-06-17,Southeast,Outdoor,Returning,5,513.81
2025-06-17,Southeast,Beauty,Returning,20,1557.49
2025-06-17,Midwest,Apparel,Loyalty,5,438.6
2025-06-17,Midwest,Electronics,New,22,2505.66
2025-06-17,Midwest,Home,Returning,16,845.69
2025-06-17,Midwest,Outdoor,Loyalty,7,525.03
2025-06-17,Midwest,Beauty,Returning,13,1242.87
2025-06-17,West,Apparel,Loyalty,19,340.38
2025-06-17,West,Electronics,Loyalty,11,1305.66
2025-06-17,West,Home,Loyalty,23,1418.86
2025-06-17,West,Outdoor,New,22,2279.16
2025-06-17,West,Beauty,Loyalty,11,861.18
2025-06-18,Northeast,Apparel,Loyalty,17,454.14
2025-06-18,Northeast,Electronics,New,9,227.84
2025-06-18,Northeast,Home,Returning,20,1661.82
2025-06-18,Northeast,Outdoor,New,22,1749.39
2025-06-18,Northeast,Beauty,Returning,13,1129.86
2025-06-18,Southeast,Apparel,New,4,214.93
2025-06-18,Southeast,Electronics,New,13,459.95
2025-06-18,Southeast,Home,New,12,256.09
2025-06-18,Southeast,Outdoor,Loyalty,15,974.4
2025-06-18,Southeast,Beauty,New,18,2145.8
2025-06-18,Midwest,Apparel,Returning,13,1103.65
2025-06-18,Midwest,Electronics,New,21,2275.3
2025-06-18,Midwest,Home,Loyalty,19,403.08
2025-06-18,Midwest,Outdoor,New,13,1336.43
2025-06-18,Midwest,Beauty,Returning,7,708.27
2025-06-18,West,Apparel,Returning,12,1247.18
2025-06-18,West,Electronics,Returning,15,1489.55
2025-06-18,West,Home,New,5,228.69
2025-06-18,West,Outdoor,New,6,584.22
2025-06-18,West,Beauty,Returning,7,376.68
2025-06-19,Northeast,Apparel,Returning,16,1405.95
2025-06-19,Northeast,Electronics,Returning,23,2026.2
2025-06-19,Northeast,Home,New,12,229.15
2025-06-19,Northeast,Outdoor,New,6,581.38
2025-06-19,Northeast,Beauty,Loyalty,8,490.33
2025-06-19,Southeast,Apparel,Returning,22,1397.05
2025-06-19,Southeast,Electronics,Returning,20,1159.82
2025-06-19,Southeast,Home,New,12,608.84
2025-06-19,Southeast,Outdoor,New,4,256.46
2025-06-19,Southeast,Beauty,New,22,2222.8
2025-06-19,Midwest,Apparel,New,23,1897.11
2025-06-19,Midwest,Electronics,Returning,8,665.83
2025-06-19,Midwest,Home,New,5,468.52
2025-06-19,Midwest,Outdoor,Returning,11,1100.7
2025-06-19,Midwest,Beauty,Loyalty,6,125.73
2025-06-19,West,Apparel,Loyalty,13,1295.06
2025-06-19,West,Electronics,New,18,1757.61
2025-06-19,West,Home,New,10,418.83
2025-06-19,West,Outdoor,New,4,476.19
2025-06-19,West,Beauty,New,19,1025.77
2025-06-20,Northeast,Apparel,Returning,15,1300.08
2025-06-20,Northeast,Electronics,Returning,22,1568.32
2025-06-20,Northeast,Home,Returning,18,901.73
2025-06-20,Northeast,Outdoor,New,20,1204.56
2025-06-20,Northeast,Beauty,Loyalty,11,547.25
2025-06-20,Southeast,Apparel,Loyalty,16,419.75
2025-06-20,Southeast,Electronics,Loyalty,14,270
2025-06-20,Southeast,Home,Loyalty,12,254.66
2025-06-20,Southeast,Outdoor,Returning,20,1992.97
2025-06-20,Southeast,Beauty,Loyalty,21,827.44
2025-06-20,Midwest,Apparel,Loyalty,20,1460.7
2025-06-20,Midwest,Electronics,Returning,10,887.5
2025-06-20,Midwest,Home,Loyalty,15,520.63
2025-06-20,Midwest,Outdoor,New,21,1934.21
2025-06-20,Midwest,Beauty,New,5,83.28
2025-06-20,West,Apparel,New,19,722.27
2025-06-20,West,Electronics,New,8,805.74
2025-06-20,West,Home,Returning,16,1404.47
2025-06-20,West,Outdoor,Returning,14,837.71
2025-06-20,West,Beauty,Returning,18,1192.42
2025-06-21,Northeast,Apparel,Loyalty,11,205.55
2025-06-21,Northeast,Electronics,Returning,18,919.73
2025-06-21,Northeast,Home,New,17,1703.78
2025-06-21,Northeast,Outdoor,New,15,1325.56
2025-06-21,Northeast,Beauty,Loyalty,19,1926.69
2025-06-21,Southeast,Apparel,Returning,17,944.14
2025-06-21,Southeast,Electronics,Returning,18,1484.15
2025-06-21,Southeast,Home,New,10,1087.99
2025-06-21,Southeast,Outdoor,New,20,1108.63
2025-06-21,Southeast,Beauty,Loyalty,3,296
2025-06-21,Midwest,Apparel,New,14,845.52
2025-06-21,Midwest,Electronics,Loyalty,10,753.08
2025-06-21,Midwest,Home,New,12,1008.04
2025-06-21,Midwest,Outdoor,New,9,1027.14
2025-06-21,Midwest,Beauty,Returning,15,430.74
2025-06-21,West,Apparel,New,5,356.26
2025-06-21,West,Electronics,New,13,1177.61
2025-06-21,West,Home,Returning,4,362.31
2025-06-21,West,Outdoor,New,14,429.25
2025-06-21,West,Beauty,New,24,2012.52
2025-06-22,Northeast,Apparel,Returning,23,2496.21
2025-06-22,Northeast,Electronics,New,22,1668.91
2025-06-22,Northeast,Home,Loyalty,21,1353.53
2025-06-22,Northeast,Outdoor,Loyalty,10,553.23
2025-06-22,Northeast,Beauty,Returning,5,118.45
2025-06-22,Southeast,Apparel,New,4,82.68
2025-06-22,Southeast,Electronics,Loyalty,7,216.49
2025-06-22,Southeast,Home,New,15,799
2025-06-22,Southeast,Outdoor,New,11,1172.14
2025-06-22,Southeast,Beauty,New,17,515.2
2025-06-22,Midwest,Apparel,Returning,19,1534.79
2025-06-22,Midwest,Electronics,Returning,24,774.03
2025-06-22,Midwest,Home,Loyalty,24,954.22
2025-06-22,Midwest,Outdoor,Returning,11,554.35
2025-06-22,Midwest,Beauty,New,14,339.82
2025-06-22,West,Apparel,Loyalty,17,1835.71
2025-06-22,West,Electronics,New,7,493.21
2025-06-22,West,Home,Returning,15,600.32
2025-06-22,West,Outdoor,New,6,343.15
2025-06-22,West,Beauty,Loyalty,8,828.28
2025-06-23,Northeast,Apparel,Returning,17,919.14
2025-06-23,Northeast,Electronics,New,16,709.98
2025-06-23,Northeast,Home,New,10,925.52
2025-06-23,Northeast,Outdoor,New,16,902.22
2025-06-23,Northeast,Beauty,Loyalty,10,653.34
2025-06-23,Southeast,Apparel,New,22,2212.67
2025-06-23,Southeast,Electronics,Loyalty,19,2147.68
2025-06-23,Southeast,Home,Returning,14,554.56
2025-06-23,Southeast,Outdoor,New,11,1017.73
2025-06-23,Southeast,Beauty,New,10,1153.59
2025-06-23,Midwest,Apparel,New,14,1051.71
2025-06-23,Midwest,Electronics,Returning,12,1247.76
2025-06-23,Midwest,Home,New,7,278.55
2025-06-23,Midwest,Outdoor,Loyalty,19,716.76
2025-06-23,Midwest,Beauty,Loyalty,11,285.35
2025-06-23,West,Apparel,Returning,8,409.7
2025-06-23,West,Electronics,Loyalty,7,174.31
2025-06-23,West,Home,Loyalty,5,536.42
2025-06-23,West,Outdoor,Returning,14,1274.5
2025-06-23,West,Beauty,Loyalty,17,1057.29
2025-06-24,Northeast,Apparel,Returning,9,640.54
2025-06-24,Northeast,Electronics,New,4,299.52
2025-06-24,Northeast,Home,New,12,898.25
2025-06-24,Northeast,Outdoor,Returning,15,1630.56
2025-06-24,Northeast,Beauty,New,16,324.79
2025-06-24,Southeast,Apparel,Loyalty,17,1775.61
2025-06-24,Southeast,Electronics,Returning,15,1667.83
2025-06-24,Southeast,Home,Returning,24,1126.32
2025-06-24,Southeast,Outdoor,Loyalty,20,1050.12
2025-06-24,Southeast,Beauty,Returning,19,1629.73
2025-06-24,Midwest,Apparel,Loyalty,21,1658.11
2025-06-24,Midwest,Electronics,Returning,6,265.34
2025-06-24,Midwest,Home,Loyalty,6,222.96
2025-06-24,Midwest,Outdoor,New,8,592.44
2025-06-24,Midwest,Beauty,Loyalty,14,332.37
2025-06-24,West,Apparel,Loyalty,20,1065.36
2025-06-24,West,Electronics,Returning,11,1318.29
2025-06-24,West,Home,New,17,581.72
2025-06-24,West,Outdoor,Returning,13,215.24
2025-06-24,West,Beauty,New,10,600.59
2025-06-25,Northeast,Apparel,New,16,1823.65
2025-06-25,Northeast,Electronics,Returning,17,1359.23
2025-06-25,Northeast,Home,Returning,16,638.69
2025-06-25,Northeast,Outdoor,Returning,15,1115.77
2025-06-25,Northeast,Beauty,Loyalty,21,1021.53
2025-06-25,Southeast,Apparel,New,13,802.79
2025-06-25,Southeast,Electronics,Loyalty,9,710.83
2025-06-25,Southeast,Home,Returning,8,371.33
2025-06-25,Southeast,Outdoor,New,18,730.77
2025-06-25,Southeast,Beauty,New,11,250.41
2025-06-25,Midwest,Apparel,Loyalty,23,2019.32
2025-06-25,Midwest,Electronics,Returning,22,2122.02
2025-06-25,Midwest,Home,Returning,22,2139.92
2025-06-25,Midwest,Outdoor,Returning,9,1040.86
2025-06-25,Midwest,Beauty,New,11,668.77
2025-06-25,West,Apparel,Returning,18,1039.67
2025-06-25,West,Electronics,Loyalty,5,497.1
2025-06-25,West,Home,Returning,22,2141.53
2025-06-25,West,Outdoor,Loyalty,21,788.42
2025-06-25,West,Beauty,Loyalty,5,234.29
2025-06-26,Northeast,Apparel,Returning,14,705.45
2025-06-26,Northeast,Electronics,Loyalty,9,585.29
2025-06-26,Northeast,Home,Loyalty,9,942.74
2025-06-26,Northeast,Outdoor,New,3,212.01
2025-06-26,Northeast,Beauty,Returning,17,1598.15
2025-06-26,Southeast,Apparel,Returning,19,786.94
2025-06-26,Southeast,Electronics,Returning,12,1146.92
2025-06-26,Southeast,Home,Loyalty,20,2212.22
2025-06-26,Southeast,Outdoor,Loyalty,20,1438.08
2025-06-26,Southeast,Beauty,Loyalty,8,545.54
2025-06-26,Midwest,Apparel,Returning,18,2154.32
2025-06-26,Midwest,Electronics,Loyalty,16,1675.11
2025-06-26,Midwest,Home,Returning,11,828.7
2025-06-26,Midwest,Outdoor,Returning,3,206.96
2025-06-26,Midwest,Beauty,Returning,7,667.64
2025-06-26,West,Apparel,New,23,375.24
2025-06-26,West,Electronics,New,6,440.64
2025-06-26,West,Home,Loyalty,13,417.94
2025-06-26,West,Outdoor,New,4,116.42
2025-06-26,West,Beauty,New,6,673.85
2025-06-27,Northeast,Apparel,Loyalty,18,329.98
2025-06-27,Northeast,Electronics,New,4,359.02
2025-06-27,Northeast,Home,New,17,828.92
2025-06-27,Northeast,Outdoor,Loyalty,15,1526.22
2025-06-27,Northeast,Beauty,Loyalty,20,2049.34
2025-06-27,Southeast,Apparel,New,23,404.17
2025-06-27,Southeast,Electronics,Loyalty,6,490.4
2025-06-27,Southeast,Home,Returning,3,77.47
2025-06-27,Southeast,Outdoor,Loyalty,12,700
2025-06-27,Southeast,Beauty,New,14,1595.3
2025-06-27,Midwest,Apparel,New,13,1380.74
2025-06-27,Midwest,Electronics,Returning,8,250.19
2025-06-27,Midwest,Home,New,10,784.71
2025-06-27,Midwest,Outdoor,New,5,344.62
2025-06-27,Midwest,Beauty,New,6,186.09
2025-06-27,West,Apparel,New,22,2485.19
2025-06-27,West,Electronics,Returning,7,760.2
2025-06-27,West,Home,New,16,1385.84
2025-06-27,West,Outdoor,Returning,22,627.37
2025-06-27,West,Beauty,Loyalty,5,443.01
2025-06-28,Northeast,Apparel,New,19,495.8
2025-06-28,Northeast,Electronics,Returning,22,945.65
2025-06-28,Northeast,Home,New,19,1942.81
2025-06-28,Northeast,Outdoor,New,18,925.49
2025-06-28,Northeast,Beauty,Loyalty,12,503.04
2025-06-28,Southeast,Apparel,Loyalty,10,1029.61
2025-06-28,Southeast,Electronics,Returning,12,1059.95
2025-06-28,Southeast,Home,New,21,1445.2
2025-06-28,Southeast,Outdoor,New,20,1662.79
2025-06-28,Southeast,Beauty,New,23,696.18
2025-06-28,Midwest,Apparel,Loyalty,9,756.42
2025-06-28,Midwest,Electronics,Loyalty,13,1305.69
2025-06-28,Midwest,Home,Returning,15,1770.28
2025-06-28,Midwest,Outdoor,Loyalty,17,271.7
2025-06-28,Midwest,Beauty,Loyalty,20,1121.96
2025-06-28,West,Apparel,Loyalty,8,302.64
2025-06-28,West,Electronics,New,10,747.37
2025-06-28,West,Home,Returning,7,192.7
2025-06-28,West,Outdoor,New,21,2355.3
2025-06-28,West,Beauty,New,5,317.99
2025-06-29,Northeast,Apparel,Returning,8,302.26
2025-06-29,Northeast,Electronics,Returning,5,129.19
2025-06-29,Northeast,Home,Loyalty,16,898.57
2025-06-29,Northeast,Outdoor,Loyalty,16,672.79
2025-06-29,Northeast,Beauty,Returning,13,1114.83
2025-06-29,Southeast,Apparel,Returning,3,244.25
2025-06-29,Southeast,Electronics,New,16,1336.65
2025-06-29,Southeast,Home,Loyalty,23,976.85
2025-06-29,Southeast,Outdoor,Returning,21,723.67
2025-06-29,Southeast,Beauty,Returning,4,139.23
2025-06-29,Midwest,Apparel,New,21,539.89
2025-06-29,Midwest,Electronics,New,21,704.8
2025-06-29,Midwest,Home,Loyalty,20,1061.18
2025-06-29,Midwest,Outdoor,New,20,2282.4
2025-06-29,Midwest,Beauty,Loyalty,13,680.33
2025-06-29,West,Apparel,Returning,11,561.89
2025-06-29,West,Electronics,New,24,2869.64
2025-06-29,West,Home,New,5,190.17
2025-06-29,West,Outdoor,New,16,1319.61
2025-06-29,West,Beauty,New,16,1052.61
2025-06-30,Northeast,Apparel,Loyalty,21,1079.31
2025-06-30,Northeast,Electronics,Loyalty,5,540.09
2025-06-30,Northeast,Home,New,18,526.07
2025-06-30,Northeast,Outdoor,Returning,19,838.26
2025-06-30,Northeast,Beauty,Loyalty,18,1689.37
2025-06-30,Southeast,Apparel,Returning,22,1766.29
2025-06-30,Southeast,Electronics,Loyalty,5,211.06
2025-06-30,Southeast,Home,New,9,741.76
2025-06-30,Southeast,Outdoor,New,4,391.68
2025-06-30,Southeast,Beauty,New,8,870.36
2025-06-30,Midwest,Apparel,New,9,705.29
2025-06-30,Midwest,Electronics,Loyalty,18,363.69
2025-06-30,Midwest,Home,Returning,13,1507.2
2025-06-30,Midwest,Outdoor,Returning,22,802.07
2025-06-30,Midwest,Beauty,New,15,1111.55
2025-06-30,West,Apparel,New,15,1136.31
2025-06-30,West,Electronics,Loyalty,23,2161.89
2025-06-30,West,Home,New,4,129.68
2025-06-30,West,Outdoor,Returning,19,1067.12
2025-06-30,West,Beauty,Returning,22,1971.32
2025-07-01,Northeast,Apparel,New,6,515.99
2025-07-01,Northeast,Electronics,Loyalty,22,739.48
2025-07-01,Northeast,Home,Returning,12,1267.38
2025-07-01,Northeast,Outdoor,Loyalty,8,423.44
2025-07-01,Northeast,Beauty,Returning,15,577.28
2025-07-01,Southeast,Apparel,Loyalty,11,253.75
2025-07-01,Southeast,Electronics,Loyalty,10,1006.66
2025-07-01,Southeast,Home,New,24,1577.39
2025-07-01,Southeast,Outdoor,New,18,1256.41
2025-07-01,Southeast,Beauty,Loyalty,4,364.15
2025-07-01,Midwest,Apparel,Returning,23,477.04
2025-07-01,Midwest,Electronics,Returning,5,566.32
2025-07-01,Midwest,Home,Returning,12,567.72
2025-07-01,Midwest,Outdoor,Returning,16,1640.39
2025-07-01,Midwest,Beauty,Loyalty,10,168.94
2025-07-01,West,Apparel,Loyalty,20,1776.22
2025-07-01,West,Electronics,Loyalty,6,603.08
2025-07-01,West,Home,Loyalty,19,766.47
2025-07-01,West,Outdoor,Returning,13,339.13
2025-07-01,West,Beauty,Returning,3,329.87
2025-07-02,Northeast,Apparel,New,19,1611.07
2025-07-02,Northeast,Electronics,Loyalty,20,1099.83
2025-07-02,Northeast,Home,Returning,18,969.05
2025-07-02,Northeast,Outdoor,Returning,19,631.24
2025-07-02,Northeast,Beauty,Loyalty,24,1054.98
2025-07-02,Southeast,Apparel,Loyalty,21,2317.5
2025-07-02,Southeast,Electronics,Loyalty,5,382.41
2025-07-02,Southeast,Home,Loyalty,20,830.34
2025-07-02,Southeast,Outdoor,New,25,2729.17
2025-07-02,Southeast,Beauty,Loyalty,15,1145.04
2025-07-02,Midwest,Apparel,Returning,12,753.44
2025-07-02,Midwest,Electronics,Returning,4,435.48
2025-07-02,Midwest,Home,Returning,15,1194.03
2025-07-02,Midwest,Outdoor,Loyalty,4,249.85
2025-07-02,Midwest,Beauty,New,8,581.12
2025-07-02,West,Apparel,New,5,111.46
2025-07-02,West,Electronics,Returning,6,686.29
2025-07-02,West,Home,Returning,14,729.14
2025-07-02,West,Outdoor,New,15,1033.82
2025-07-02,West,Beauty,Returning,19,2000.3
2025-07-03,Northeast,Apparel,New,6,220.3
2025-07-03,Northeast,Electronics,Loyalty,12,602.55
2025-07-03,Northeast,Home,Returning,14,1310.63
2025-07-03,Northeast,Outdoor,Returning,13,1083.06
2025-07-03,Northeast,Beauty,New,8,500.65
2025-07-03,Southeast,Apparel,Loyalty,6,99.03
2025-07-03,Southeast,Electronics,New,22,1959.69
2025-07-03,Southeast,Home,Loyalty,24,2257.59
2025-07-03,Southeast,Outdoor,Loyalty,25,2774.16
2025-07-03,Southeast,Beauty,Loyalty,16,827.75
2025-07-03,Midwest,Apparel,Loyalty,8,909.94
2025-07-03,Midwest,Electronics,Returning,8,868.24
2025-07-03,Midwest,Home,New,24,981.79
2025-07-03,Midwest,Outdoor,Loyalty,25,2414.78
2025-07-03,Midwest,Beauty,Loyalty,5,170.01
2025-07-03,West,Apparel,New,4,306.66
2025-07-03,West,Electronics,Returning,11,221.61
2025-07-03,West,Home,Loyalty,12,863.07
2025-07-03,West,Outdoor,Returning,11,424.86
2025-07-03,West,Beauty,Returning,6,129.04
2025-07-04,Northeast,Apparel,Returning,12,302.98
2025-07-04,Northeast,Electronics,Returning,5,91.09
2025-07-04,Northeast,Home,Returning,12,775.8
2025-07-04,Northeast,Outdoor,Returning,4,250.83
2025-07-04,Northeast,Beauty,New,10,562.26
2025-07-04,Southeast,Apparel,Returning,22,580.79
2025-07-04,Southeast,Electronics,Loyalty,20,1766.38
2025-07-04,Southeast,Home,Returning,6,309.25
2025-07-04,Southeast,Outdoor,Loyalty,24,2292.46
2025-07-04,Southeast,Beauty,New,21,467.86
2025-07-04,Midwest,Apparel,Returning,17,700.67
2025-07-04,Midwest,Electronics,Loyalty,20,860.57
2025-07-04,Midwest,Home,New,18,624.12
2025-07-04,Midwest,Outdoor,Loyalty,24,2498.86
2025-07-04,Midwest,Beauty,New,4,78.51
2025-07-04,West,Apparel,Returning,13,836.01
2025-07-04,West,Electronics,Loyalty,20,321.87
2025-07-04,West,Home,New,26,2460.7
2025-07-04,West,Outdoor,Loyalty,7,740.06
2025-07-04,West,Beauty,Loyalty,13,807.17
2025-07-05,Northeast,Apparel,Returning,21,880.37
2025-07-05,Northeast,Electronics,Loyalty,21,1890.19
2025-07-05,Northeast,Home,Loyalty,9,666.33
2025-07-05,Northeast,Outdoor,Returning,8,725.82
2025-07-05,Northeast,Beauty,New,25,2110.7
2025-07-05,Southeast,Apparel,Returning,10,1126
2025-07-05,Southeast,Electronics,New,12,1043.79
2025-07-05,Southeast,Home,New,15,1093.36
2025-07-05,Southeast,Outdoor,New,8,492.49
2025-07-05,Southeast,Beauty,Returning,6,718.08
2025-07-05,Midwest,Apparel,New,10,944.75
2025-07-05,Midwest,Electronics,Loyalty,8,658.64
2025-07-05,Midwest,Home,New,4,298.2
2025-07-05,Midwest,Outdoor,New,21,1116.73
2025-07-05,Midwest,Beauty,Loyalty,20,851.77
2025-07-05,West,Apparel,Loyalty,25,752.55
2025-07-05,West,Electronics,Returning,7,324.7
2025-07-05,West,Home,New,25,1464.81
2025-07-05,West,Outdoor,Returning,19,1170.52
2025-07-05,West,Beauty,Returning,5,378.62
2025-07-06,Northeast,Apparel,Loyalty,8,661.11
2025-07-06,Northeast,Electronics,Returning,9,553.38
2025-07-06,Northeast,Home,Loyalty,12,1286.29
2025-07-06,Northeast,Outdoor,Loyalty,9,776.05
2025-07-06,Northeast,Beauty,New,4,169.36
2025-07-06,Southeast,Apparel,Loyalty,25,975.34
2025-07-06,Southeast,Electronics,Returning,15,258.3
2025-07-06,Southeast,Home,Returning,6,523.61
2025-07-06,Southeast,Outdoor,New,13,385.83
2025-07-06,Southeast,Beauty,Loyalty,16,415.2
2025-07-06,Midwest,Apparel,Loyalty,12,1186.1
2025-07-06,Midwest,Electronics,New,4,388.91
2025-07-06,Midwest,Home,Returning,14,1248.14
2025-07-06,Midwest,Outdoor,Returning,16,1451.3
2025-07-06,Midwest,Beauty,Returning,17,1818.27
2025-07-06,West,Apparel,New,14,1209
2025-07-06,West,Electronics,New,17,1535.11
2025-07-06,West,Home,New,4,237.7
2025-07-06,West,Outdoor,Returning,15,952.39
2025-07-06,West,Beauty,Loyalty,11,492.92
2025-07-07,Northeast,Apparel,Returning,20,625.08
2025-07-07,Northeast,Electronics,Loyalty,19,2137.04
2025-07-07,Northeast,Home,Loyalty,7,738.1
2025-07-07,Northeast,Outdoor,New,7,518.53
2025-07-07,Northeast,Beauty,Loyalty,12,180.03
2025-07-07,Southeast,Apparel,Loyalty,14,292.71
2025-07-07,Southeast,Electronics,Loyalty,6,565.18
2025-07-07,Southeast,Home,New,21,978.65
2025-07-07,Southeast,Outdoor,New,18,1610.3
2025-07-07,Southeast,Beauty,Loyalty,26,2087.95
2025-07-07,Midwest,Apparel,Loyalty,18,2045.24
2025-07-07,Midwest,Electronics,Returning,19,316.75
2025-07-07,Midwest,Home,Returning,12,765.24
2025-07-07,Midwest,Outdoor,Loyalty,5,524.51
2025-07-07,Midwest,Beauty,New,8,300.82
2025-07-07,West,Apparel,New,9,517.88
2025-07-07,West,Electronics,Loyalty,10,1036.76
2025-07-07,West,Home,Returning,13,1258.13
2025-07-07,West,Outdoor,New,25,1152.72
2025-07-07,West,Beauty,Loyalty,4,188.04
2025-07-08,Northeast,Apparel,Returning,18,1846.71
2025-07-08,Northeast,Electronics,New,22,876.34
2025-07-08,Northeast,Home,Returning,13,1206.04
2025-07-08,Northeast,Outdoor,Returning,19,1259.49
2025-07-08,Northeast,Beauty,New,4,459.22
2025-07-08,Southeast,Apparel,New,20,1377.83
2025-07-08,Southeast,Electronics,Returning,26,477.88
2025-07-08,Southeast,Home,Loyalty,21,1439.01
2025-07-08,Southeast,Outdoor,Returning,20,1840.4
2025-07-08,Southeast,Beauty,New,19,310.15
2025-07-08,Midwest,Apparel,Returning,10,1059.75
2025-07-08,Midwest,Electronics,Returning,17,498.27
2025-07-08,Midwest,Home,New,25,2944.39
2025-07-08,Midwest,Outdoor,New,7,314.77
2025-07-08,Midwest,Beauty,New,21,2323.11
2025-07-08,West,Apparel,Returning,10,447.44
2025-07-08,West,Electronics,New,16,1294.66
2025-07-08,West,Home,Loyalty,16,413.67
2025-07-08,West,Outdoor,Loyalty,10,964.36
2025-07-08,West,Beauty,New,25,1704.99
2025-07-09,Northeast,Apparel,New,13,545.67
2025-07-09,Northeast,Electronics,Loyalty,10,828.7
2025-07-09,Northeast,Home,Returning,16,585.17
2025-07-09,Northeast,Outdoor,New,15,1400.5
2025-07-09,Northeast,Beauty,New,18,1893.56
2025-07-09,Southeast,Apparel,Returning,22,1263.15
2025-07-09,Southeast,Electronics,Returning,11,325.45
2025-07-09,Southeast,Home,Returning,5,521.11
2025-07-09,Southeast,Outdoor,Returning,14,799.7
2025-07-09,Southeast,Beauty,Returning,5,325.5
2025-07-09,Midwest,Apparel,Returning,11,613.01
2025-07-09,Midwest,Electronics,Loyalty,16,1680.05
2025-07-09,Midwest,Home,Loyalty,23,2519.48
2025-07-09,Midwest,Outdoor,New,25,1564.39
2025-07-09,Midwest,Beauty,Returning,13,373.42
2025-07-09,West,Apparel,New,4,266.5
2025-07-09,West,Electronics,Loyalty,15,556.96
2025-07-09,West,Home,New,19,968.42
2025-07-09,West,Outdoor,Loyalty,8,503.19
2025-07-09,West,Beauty,New,25,2386.9
2025-07-10,Northeast,Apparel,Loyalty,9,988.61
2025-07-10,Northeast,Electronics,Returning,5,330.67
2025-07-10,Northeast,Home,Loyalty,21,2130.56
2025-07-10,Northeast,Outdoor,Loyalty,25,2791.29
2025-07-10,Northeast,Beauty,New,15,1434.5
2025-07-10,Southeast,Apparel,New,25,1444.58
2025-07-10,Southeast,Electronics,Returning,10,411.39
2025-07-10,Southeast,Home,Loyalty,20,403.79
2025-07-10,Southeast,Outdoor,Returning,18,592.92
2025-07-10,Southeast,Beauty,Returning,17,1169.19
2025-07-10,Midwest,Apparel,Loyalty,23,2258.42
2025-07-10,Midwest,Electronics,New,25,1623.4
2025-07-10,Midwest,Home,Loyalty,16,811.48
2025-07-10,Midwest,Outdoor,Loyalty,18,1770.6
2025-07-10,Midwest,Beauty,Returning,7,714.43
2025-07-10,West,Apparel,Returning,18,875.52
2025-07-10,West,Electronics,Loyalty,11,1074.26
2025-07-10,West,Home,New,21,510.54
2025-07-10,West,Outdoor,New,19,605.6
2025-07-10,West,Beauty,Loyalty,26,1085.69
2025-07-11,Northeast,Apparel,New,20,878.47
2025-07-11,Northeast,Electronics,Returning,14,916.2
2025-07-11,Northeast,Home,Returning,3,126.31
2025-07-11,Northeast,Outdoor,Returning,8,529.37
2025-07-11,Northeast,Beauty,Loyalty,24,1833.79
2025-07-11,Southeast,Apparel,Returning,20,2059.64
2025-07-11,Southeast,Electronics,Returning,24,2251.06
2025-07-11,Southeast,Home,Loyalty,12,678.32
2025-07-11,Southeast,Outdoor,New,26,1351.65
2025-07-11,Southeast,Beauty,New,16,658.98
2025-07-11,Midwest,Apparel,Loyalty,5,498.53
2025-07-11,Midwest,Electronics,Loyalty,11,752.89
2025-07-11,Midwest,Home,Returning,7,728.22
2025-07-11,Midwest,Outdoor,Returning,24,2671.33
2025-07-11,Midwest,Beauty,New,18,1643.89
2025-07-11,West,Apparel,Loyalty,11,430.1
2025-07-11,West,Electronics,Loyalty,11,788.96
2025-07-11,West,Home,Returning,12,1255.87
2025-07-11,West,Outdoor,Loyalty,22,1501.93
2025-07-11,West,Beauty,Loyalty,18,2010.15
2025-07-12,Northeast,Apparel,Loyalty,14,1376.9
2025-07-12,Northeast,Electronics,Loyalty,13,503.96
2025-07-12,Northeast,Home,Returning,22,2253.48
2025-07-12,Northeast,Outdoor,Loyalty,5,544.11
2025-07-12,Northeast,Beauty,Loyalty,6,632.97
2025-07-12,Southeast,Apparel,Returning,22,1653.74
2025-07-12,Southeast,Electronics,Loyalty,22,981.69
2025-07-12,Southeast,Home,Loyalty,19,530.01
2025-07-12,Southeast,Outdoor,New,20,1756.81
2025-07-12,Southeast,Beauty,Loyalty,9,275.18
2025-07-12,Midwest,Apparel,New,4,120.93
2025-07-12,Midwest,Electronics,New,18,340.99
2025-07-12,Midwest,Home,New,25,2614.06
2025-07-12,Midwest,Outdoor,Loyalty,20,2306.38
2025-07-12,Midwest,Beauty,Loyalty,7,247.33
2025-07-12,West,Apparel,New,21,1358.88
2025-07-12,West,Electronics,New,10,432.4
2025-07-12,West,Home,Loyalty,5,505.19
2025-07-12,West,Outdoor,Loyalty,5,366.49
2025-07-12,West,Beauty,Loyalty,25,500.2
2025-07-13,Northeast,Apparel,Returning,20,2113.92
2025-07-13,Northeast,Electronics,Returning,12,1393.19
2025-07-13,Northeast,Home,Loyalty,18,1742.52
2025-07-13,Northeast,Outdoor,Loyalty,25,703.2
2025-07-13,Northeast,Beauty,New,16,1621.07
2025-07-13,Southeast,Apparel,Loyalty,4,264.57
2025-07-13,Southeast,Electronics,New,19,2221.09
2025-07-13,Southeast,Home,New,15,584.16
2025-07-13,Southeast,Outdoor,Loyalty,10,987.31
2025-07-13,Southeast,Beauty,New,16,1824.03
2025-07-13,Midwest,Apparel,Loyalty,12,438.88
2025-07-13,Midwest,Electronics,Returning,11,1047.64
2025-07-13,Midwest,Home,New,18,1602.19
2025-07-13,Midwest,Outdoor,New,21,1268.22
2025-07-13,Midwest,Beauty,Returning,12,473.55
2025-07-13,West,Apparel,Loyalty,20,719.11
2025-07-13,West,Electronics,Loyalty,9,161.63
2025-07-13,West,Home,New,23,1125.25
2025-07-13,West,Outdoor,Loyalty,19,1434.86
2025-07-13,West,Beauty,Loyalty,23,691.83
2025-07-14,Northeast,Apparel,Loyalty,25,848.79
2025-07-14,Northeast,Electronics,Loyalty,14,1054.65
2025-07-14,Northeast,Home,Returning,23,1521
2025-07-14,Northeast,Outdoor,New,16,1209.03
2025-07-14,Northeast,Beauty,Returning,26,2644.77
2025-07-14,Southeast,Apparel,Loyalty,19,1789.77
2025-07-14,Southeast,Electronics,New,12,188.98
2025-07-14,Southeast,Home,New,12,767.41
2025-07-14,Southeast,Outdoor,New,15,660.65
2025-07-14,Southeast,Beauty,New,11,1045.91
2025-07-14,Midwest,Apparel,New,16,1773.44
2025-07-14,Midwest,Electronics,Loyalty,21,391.44
2025-07-14,Midwest,Home,Returning,18,1967.5
2025-07-14,Midwest,Outdoor,Loyalty,13,494.43
2025-07-14,Midwest,Beauty,Loyalty,15,1719.48
2025-07-14,West,Apparel,New,22,1145.31
2025-07-14,West,Electronics,New,14,385.14
2025-07-14,West,Home,Loyalty,15,1657.08
2025-07-14,West,Outdoor,Loyalty,25,2522.94
2025-07-14,West,Beauty,Loyalty,20,800.77
2025-07-15,Northeast,Apparel,New,25,1991.69
2025-07-15,Northeast,Electronics,Loyalty,25,2160.9
2025-07-15,Northeast,Home,Loyalty,14,855.17
2025-07-15,Northeast,Outdoor,Loyalty,17,1389.13
2025-07-15,Northeast,Beauty,Returning,7,526.94
2025-07-15,Southeast,Apparel,Loyalty,22,1997.93
2025-07-15,Southeast,Electronics,Loyalty,24,505.19
2025-07-15,Southeast,Home,New,11,637.14
2025-07-15,Southeast,Outdoor,Loyalty,13,473.49
2025-07-15,Southeast,Beauty,Loyalty,21,1998.4
2025-07-15,Midwest,Apparel,Returning,7,205.26
2025-07-15,Midwest,Electronics,Returning,23,1023.89
2025-07-15,Midwest,Home,New,15,369.12
2025-07-15,Midwest,Outdoor,New,3,182.39
2025-07-15,Midwest,Beauty,Loyalty,21,1615.35
2025-07-15,West,Apparel,Loyalty,19,1178.16
2025-07-15,West,Electronics,Loyalty,5,137.81
2025-07-15,West,Home,Loyalty,16,841.83
2025-07-15,West,Outdoor,Loyalty,4,67.86
2025-07-15,West,Beauty,New,19,811.27
2025-07-16,Northeast,Apparel,Loyalty,6,281.35
2025-07-16,Northeast,Electronics,New,21,2141.04
2025-07-16,Northeast,Home,Loyalty,12,1353.7
2025-07-16,Northeast,Outdoor,Loyalty,12,862.27
2025-07-16,Northeast,Beauty,New,6,534.19
2025-07-16,Southeast,Apparel,Loyalty,26,1268.04
2025-07-16,Southeast,Electronics,New,24,2482.11
2025-07-16,Southeast,Home,New,6,234.95
2025-07-16,Southeast,Outdoor,Loyalty,5,193.64
2025-07-16,Southeast,Beauty,Loyalty,23,2154.66
2025-07-16,Midwest,Apparel,Loyalty,15,1076.04
2025-07-16,Midwest,Electronics,New,12,597.67
2025-07-16,Midwest,Home,Loyalty,25,1678.44
2025-07-16,Midwest,Outdoor,Returning,16,1735.73
2025-07-16,Midwest,Beauty,Returning,21,705.05
2025-07-16,West,Apparel,New,6,360.73
2025-07-16,West,Electronics,New,21,1799.32
2025-07-16,West,Home,Loyalty,18,1796.1
2025-07-16,West,Outdoor,New,9,774.3
2025-07-16,West,Beauty,Returning,20,1156
2025-07-17,Northeast,Apparel,Returning,15,1014.41
2025-07-17,Northeast,Electronics,New,11,411.66
2025-07-17,Northeast,Home,Returning,15,355.44
2025-07-17,Northeast,Outdoor,Loyalty,6,328.33
2025-07-17,Northeast,Beauty,Returning,23,2379.83
2025-07-17,Southeast,Apparel,Loyalty,11,888.42
2025-07-17,Southeast,Electronics,Loyalty,10,931.56
2025-07-17,Southeast,Home,Loyalty,6,479.52
2025-07-17,Southeast,Outdoor,Loyalty,18,660
2025-07-17,Southeast,Beauty,Loyalty,21,2286.83
2025-07-17,Midwest,Apparel,Loyalty,7,368.04
2025-07-17,Midwest,Electronics,Returning,11,776.83
2025-07-17,Midwest,Home,Loyalty,7,420.78
2025-07-17,Midwest,Outdoor,New,23,657.64
2025-07-17,Midwest,Beauty,Loyalty,8,929.73
2025-07-17,West,Apparel,Returning,19,1888.91
2025-07-17,West,Electronics,New,14,969.25
2025-07-17,West,Home,Loyalty,7,605.83
2025-07-17,West,Outdoor,Returning,10,972.03
2025-07-17,West,Beauty,New,10,378.76
2025-07-18,Northeast,Apparel,Returning,7,410.23
2025-07-18,Northeast,Electronics,Loyalty,7,650.23
2025-07-18,Northeast,Home,Returning,9,390.05
2025-07-18,Northeast,Outdoor,New,25,810.73
2025-07-18,Northeast,Beauty,Loyalty,17,765.97
2025-07-18,Southeast,Apparel,Returning,25,1614.67
2025-07-18,Southeast,Electronics,Returning,14,1096.22
2025-07-18,Southeast,Home,Loyalty,10,908.87
2025-07-18,Southeast,Outdoor,New,23,1764.19
2025-07-18,Southeast,Beauty,Loyalty,15,1179.73
2025-07-18,Midwest,Apparel,Returning,13,922.46
2025-07-18,Midwest,Electronics,New,7,472.95
2025-07-18,Midwest,Home,Returning,6,697.44
2025-07-18,Midwest,Outdoor,New,8,146.03
2025-07-18,Midwest,Beauty,New,19,2261.21
2025-07-18,West,Apparel,Loyalty,12,1272.76
2025-07-18,West,Electronics,Loyalty,12,1202.63
2025-07-18,West,Home,New,8,577.44
2025-07-18,West,Outdoor,New,15,1600.5
2025-07-18,West,Beauty,Loyalty,6,713.37
2025-07-19,Northeast,Apparel,New,6,253.93
2025-07-19,Northeast,Electronics,Loyalty,16,591.97
2025-07-19,Northeast,Home,New,9,667.45
2025-07-19,Northeast,Outdoor,New,13,898.42
2025-07-19,Northeast,Beauty,New,8,713.27
2025-07-19,Southeast,Apparel,Returning,13,944.84
2025-07-19,Southeast,Electronics,New,13,1211.55
2025-07-19,Southeast,Home,New,23,1905.06
2025-07-19,Southeast,Outdoor,Loyalty,6,507.19
2025-07-19,Southeast,Beauty,Returning,20,507.97
2025-07-19,Midwest,Apparel,Loyalty,26,2035.4
2025-07-19,Midwest,Electronics,Returning,22,1416.86
2025-07-19,Midwest,Home,New,7,279.67
2025-07-19,Midwest,Outdoor,Loyalty,15,1582.67
2025-07-19,Midwest,Beauty,New,8,411.88
2025-07-19,West,Apparel,Returning,4,147.92
2025-07-19,West,Electronics,New,20,1670.31
2025-07-19,West,Home,New,24,2184.33
2025-07-19,West,Outdoor,Returning,22,2183.95
2025-07-19,West,Beauty,Loyalty,16,775.66
2025-07-20,Northeast,Apparel,Returning,3,198.95
2025-07-20,Northeast,Electronics,New,18,587.96
2025-07-20,Northeast,Home,Returning,15,1023.87
2025-07-20,Northeast,Outdoor,Loyalty,5,238.74
2025-07-20,Northeast,Beauty,New,5,292.03
2025-07-20,Southeast,Apparel,Loyalty,19,885.05
2025-07-20,Southeast,Electronics,Returning,16,1187.11
2025-07-20,Southeast,Home,New,5,517.07
2025-07-20,Southeast,Outdoor,Loyalty,13,897.27
2025-07-20,Southeast,Beauty,New,22,1083.31
2025-07-20,Midwest,Apparel,New,21,730.02
2025-07-20,Midwest,Electronics,Loyalty,26,1320.62
2025-07-20,Midwest,Home,Returning,21,798.25
2025-07-20,Midwest,Outdoor,Returning,21,1322.16
2025-07-20,Midwest,Beauty,Returning,10,513.56
2025-07-20,West,Apparel,Loyalty,18,2102.53
2025-07-20,West,Electronics,Returning,7,236.26
2025-07-20,West,Home,Loyalty,6,519.5
2025-07-20,West,Outdoor,New,8,290.6
2025-07-20,West,Beauty,Returning,3,244.54
2025-07-21,Northeast,Apparel,Returning,24,2737.35
2025-07-21,Northeast,Electronics,Returning,8,475.62
2025-07-21,Northeast,Home,Returning,17,1108.17
2025-07-21,Northeast,Outdoor,New,15,1364.64
2025-07-21,Northeast,Beauty,New,8,851.25
2025-07-21,Southeast,Apparel,Loyalty,11,717
2025-07-21,Southeast,Electronics,New,4,435.06
2025-07-21,Southeast,Home,Returning,23,2269.6
2025-07-21,Southeast,Outdoor,New,23,2207.65
2025-07-21,Southeast,Beauty,New,9,661.17
2025-07-21,Midwest,Apparel,Returning,15,1788.77
2025-07-21,Midwest,Electronics,Loyalty,8,500.91
2025-07-21,Midwest,Home,New,15,853.33
2025-07-21,Midwest,Outdoor,New,7,497.98
2025-07-21,Midwest,Beauty,Loyalty,4,177.68
2025-07-21,West,Apparel,Returning,16,1374.87
2025-07-21,West,Electronics,Loyalty,16,1267.62
2025-07-21,West,Home,Returning,11,710.62
2025-07-21,West,Outdoor,New,11,359.23
2025-07-21,West,Beauty,Returning,14,1601.67
2025-07-22,Northeast,Apparel,Loyalty,19,1173.83
2025-07-22,Northeast,Electronics,Loyalty,21,1601.24
2025-07-22,Northeast,Home,Loyalty,26,2192.36
2025-07-22,Northeast,Outdoor,New,16,1748.28
2025-07-22,Northeast,Beauty,Loyalty,6,554.98
2025-07-22,Southeast,Apparel,Loyalty,23,511.77
2025-07-22,Southeast,Electronics,Loyalty,15,869.06
2025-07-22,Southeast,Home,Loyalty,10,833.47
2025-07-22,Southeast,Outdoor,Returning,23,639.86
2025-07-22,Southeast,Beauty,Returning,9,713.65
2025-07-22,Midwest,Apparel,Loyalty,23,1568.46
2025-07-22,Midwest,Electronics,New,22,1123.68
2025-07-22,Midwest,Home,Loyalty,10,578.14
2025-07-22,Midwest,Outdoor,Returning,14,489.03
2025-07-22,Midwest,Beauty,Loyalty,12,330.08
2025-07-22,West,Apparel,Returning,13,381.25
2025-07-22,West,Electronics,New,12,242.13
2025-07-22,West,Home,New,20,1228.35
2025-07-22,West,Outdoor,Returning,17,1568.63
2025-07-22,West,Beauty,New,13,861.77
2025-07-23,Northeast,Apparel,Returning,17,1325.93
2025-07-23,Northeast,Electronics,Loyalty,10,345.89
2025-07-23,Northeast,Home,Loyalty,23,1798.81
2025-07-23,Northeast,Outdoor,Returning,19,1760.39
2025-07-23,Northeast,Beauty,Loyalty,9,638.62
2025-07-23,Southeast,Apparel,New,12,1035.17
2025-07-23,Southeast,Electronics,New,5,81.45
2025-07-23,Southeast,Home,Returning,26,728.42
2025-07-23,Southeast,Outdoor,Loyalty,12,1144.32
2025-07-23,Southeast,Beauty,Loyalty,9,970.2
2025-07-23,Midwest,Apparel,Returning,10,729.3
2025-07-23,Midwest,Electronics,Returning,15,1396.3
2025-07-23,Midwest,Home,Returning,20,2012.35
2025-07-23,Midwest,Outdoor,Returning,18,338.58
2025-07-23,Midwest,Beauty,Returning,9,788.12
2025-07-23,West,Apparel,New,10,336.39
2025-07-23,West,Electronics,New,15,1307.16
2025-07-23,West,Home,Returning,20,1152.06
2025-07-23,West,Outdoor,Returning,17,1366.32
2025-07-23,West,Beauty,Returning,14,649.2
2025-07-24,Northeast,Apparel,Returning,6,550.07
2025-07-24,Northeast,Electronics,New,6,603.18
2025-07-24,Northeast,Home,New,25,1680.1
2025-07-24,Northeast,Outdoor,Loyalty,25,1811.59
2025-07-24,Northeast,Beauty,New,19,1514.08
2025-07-24,Southeast,Apparel,Loyalty,11,367.31
2025-07-24,Southeast,Electronics,Loyalty,15,755.94
2025-07-24,Southeast,Home,Loyalty,6,365.82
2025-07-24,Southeast,Outdoor,Loyalty,6,521.84
2025-07-24,Southeast,Beauty,Returning,4,73.35
2025-07-24,Midwest,Apparel,Returning,6,176.06
2025-07-24,Midwest,Electronics,Loyalty,15,655.08
2025-07-24,Midwest,Home,Loyalty,22,2366.01
2025-07-24,Midwest,Outdoor,New,16,1240.7
2025-07-24,Midwest,Beauty,Loyalty,21,989.4
2025-07-24,West,Apparel,Loyalty,13,1392.58
2025-07-24,West,Electronics,New,9,265.52
2025-07-24,West,Home,New,13,397.13
2025-07-24,West,Outdoor,Returning,14,891.61
2025-07-24,West,Beauty,New,23,1024.15
2025-07-25,Northeast,Apparel,New,4,194.61
2025-07-25,Northeast,Electronics,Returning,7,393.28
2025-07-25,Northeast,Home,Returning,24,2494.07
2025-07-25,Northeast,Outdoor,Loyalty,25,1344.37
2025-07-25,Northeast,Beauty,New,22,2314.58
2025-07-25,Southeast,Apparel,Loyalty,13,984.11
2025-07-25,Southeast,Electronics,Returning,20,352.84
2025-07-25,Southeast,Home,Loyalty,21,2078.86
2025-07-25,Southeast,Outdoor,New,22,2152.52
2025-07-25,Southeast,Beauty,Loyalty,26,1149.97
2025-07-25,Midwest,Apparel,Returning,24,1289.75
2025-07-25,Midwest,Electronics,New,17,1290.32
2025-07-25,Midwest,Home,Loyalty,13,1380.55
2025-07-25,Midwest,Outdoor,New,18,662.76
2025-07-25,Midwest,Beauty,Loyalty,16,1443.33
2025-07-25,West,Apparel,Loyalty,5,583.53
2025-07-25,West,Electronics,Returning,22,2145.18
2025-07-25,West,Home,Loyalty,18,1779.12
2025-07-25,West,Outdoor,Returning,9,860.06
2025-07-25,West,Beauty,Loyalty,4,197.33
2025-07-26,Northeast,Apparel,Loyalty,7,221.15
2025-07-26,Northeast,Electronics,Returning,21,2381.11
2025-07-26,Northeast,Home,New,11,1312.72
2025-07-26,Northeast,Outdoor,Loyalty,23,1562.66
2025-07-26,Northeast,Beauty,Loyalty,16,1488.89
2025-07-26,Southeast,Apparel,Returning,16,507.12
2025-07-26,Southeast,Electronics,Returning,13,1235.98
2025-07-26,Southeast,Home,Loyalty,10,467.48
2025-07-26,Southeast,Outdoor,Loyalty,14,854.73
2025-07-26,Southeast,Beauty,Returning,21,1009.11
2025-07-26,Midwest,Apparel,Returning,23,556.28
2025-07-26,Midwest,Electronics,New,9,1067.03
2025-07-26,Midwest,Home,Loyalty,5,363.34
2025-07-26,Midwest,Outdoor,Returning,20,1705.45
2025-07-26,Midwest,Beauty,New,13,342.2
2025-07-26,West,Apparel,Loyalty,5,499.85
2025-07-26,West,Electronics,Returning,11,873.3
2025-07-26,West,Home,New,16,1330.01
2025-07-26,West,Outdoor,Returning,13,390.01
2025-07-26,West,Beauty,Returning,3,161.64
2025-07-27,Northeast,Apparel,Returning,14,917.96
2025-07-27,Northeast,Electronics,New,23,1931.19
2025-07-27,Northeast,Home,Loyalty,24,1361.23
2025-07-27,Northeast,Outdoor,New,26,3100.72
2025-07-27,Northeast,Beauty,Returning,18,1601.5
2025-07-27,Southeast,Apparel,Returning,13,1411.82
2025-07-27,Southeast,Electronics,Returning,26,938.05
2025-07-27,Southeast,Home,Returning,14,686.72
2025-07-27,Southeast,Outdoor,New,5,93.22
2025-07-27,Southeast,Beauty,New,8,889.34
2025-07-27,Midwest,Apparel,Loyalty,9,300.34
2025-07-27,Midwest,Electronics,Returning,24,1963.27
2025-07-27,Midwest,Home,New,19,1032.67
2025-07-27,Midwest,Outdoor,New,15,1001.41
2025-07-27,Midwest,Beauty,Loyalty,9,1075.65
2025-07-27,West,Apparel,Loyalty,5,479.67
2025-07-27,West,Electronics,Returning,22,2327.81
2025-07-27,West,Home,Returning,4,411.27
2025-07-27,West,Outdoor,New,23,2348.83
2025-07-27,West,Beauty,Returning,13,951.65
2025-07-28,Northeast,Apparel,New,15,1688.46
2025-07-28,Northeast,Electronics,Returning,19,1792.91
2025-07-28,Northeast,Home,Returning,4,379.37
2025-07-28,Northeast,Outdoor,Loyalty,21,848.17
2025-07-28,Northeast,Beauty,New,7,648.38
2025-07-28,Southeast,Apparel,New,7,772.03
2025-07-28,Southeast,Electronics,New,15,971.13
2025-07-28,Southeast,Home,New,4,462.11
2025-07-28,Southeast,Outdoor,Returning,11,851.17
2025-07-28,Southeast,Beauty,Loyalty,11,406.96
2025-07-28,Midwest,Apparel,Loyalty,9,505.2
2025-07-28,Midwest,Electronics,Returning,25,2554.68
2025-07-28,Midwest,Home,New,14,592.89
2025-07-28,Midwest,Outdoor,New,7,435.71
2025-07-28,Midwest,Beauty,Returning,18,533.77
2025-07-28,West,Apparel,New,19,2217.48
2025-07-28,West,Electronics,New,17,959.92
2025-07-28,West,Home,Returning,8,380.77
2025-07-28,West,Outdoor,Returning,10,1103.24
2025-07-28,West,Beauty,Returning,24,769.78
2025-07-29,Northeast,Apparel,Returning,22,2632.78
2025-07-29,Northeast,Electronics,Loyalty,23,646.71
2025-07-29,Northeast,Home,Loyalty,4,110.79
2025-07-29,Northeast,Outdoor,Returning,15,819.26
2025-07-29,Northeast,Beauty,New,25,2615.71
2025-07-29,Southeast,Apparel,New,4,250.6
2025-07-29,Southeast,Electronics,New,15,1443.29
2025-07-29,Southeast,Home,New,13,1265.78
2025-07-29,Southeast,Outdoor,New,23,1813.3
2025-07-29,Southeast,Beauty,New,6,298
2025-07-29,Midwest,Apparel,Loyalty,23,1386.73
2025-07-29,Midwest,Electronics,Returning,19,1453.78
2025-07-29,Midwest,Home,Returning,25,2743.76
2025-07-29,Midwest,Outdoor,Loyalty,6,489.51
2025-07-29,Midwest,Beauty,Loyalty,24,1339.96
2025-07-29,West,Apparel,Loyalty,20,526.46
2025-07-29,West,Electronics,New,6,383.76
2025-07-29,West,Home,Loyalty,25,2767.76
2025-07-29,West,Outdoor,Loyalty,24,895.89
2025-07-29,West,Beauty,New,21,636.07
2025-07-30,Northeast,Apparel,Loyalty,21,1293.71
2025-07-30,Northeast,Electronics,Loyalty,3,118.48
2025-07-30,Northeast,Home,New,22,1545.91
2025-07-30,Northeast,Outdoor,Returning,22,743.19
2025-07-30,Northeast,Beauty,New,9,984.63
2025-07-30,Southeast,Apparel,Returning,4,328.12
2025-07-30,Southeast,Electronics,Loyalty,24,1933.01
2025-07-30,Southeast,Home,Loyalty,23,2303.3
2025-07-30,Southeast,Outdoor,Returning,20,1192.59
2025-07-30,Southeast,Beauty,Returning,20,374.08
2025-07-30,Midwest,Apparel,Returning,11,1170.24
2025-07-30,Midwest,Electronics,New,22,1518.51
2025-07-30,Midwest,Home,New,23,1396.1
2025-07-30,Midwest,Outdoor,New,22,1770.75
2025-07-30,Midwest,Beauty,Returning,4,335.83
2025-07-30,West,Apparel,New,14,693.56
2025-07-30,West,Electronics,Returning,26,2270.87
2025-07-30,West,Home,Returning,21,1327.93
2025-07-30,West,Outdoor,Loyalty,17,279.45
2025-07-30,West,Beauty,New,24,491.83
2025-07-31,Northeast,Apparel,Loyalty,13,801.26
2025-07-31,Northeast,Electronics,Returning,21,1635.53
2025-07-31,Northeast,Home,Loyalty,10,739.53
2025-07-31,Northeast,Outdoor,Returning,15,887.15
2025-07-31,Northeast,Beauty,New,11,760.42
2025-07-31,Southeast,Apparel,Loyalty,19,678.75
2025-07-31,Southeast,Electronics,Loyalty,18,992.01
2025-07-31,Southeast,Home,New,19,1412.26
2025-07-31,Southeast,Outdoor,New,16,910.77
2025-07-31,Southeast,Beauty,Returning,13,1289.9
2025-07-31,Midwest,Apparel,Returning,20,1467.35
2025-07-31,Midwest,Electronics,New,13,484.56
2025-07-31,Midwest,Home,Loyalty,5,507.46
2025-07-31,Midwest,Outdoor,Loyalty,11,700.91
2025-07-31,Midwest,Beauty,Loyalty,14,966.52
2025-07-31,West,Apparel,Returning,9,645.23
2025-07-31,West,Electronics,New,26,455
2025-07-31,West,Home,Returning,18,519.81
2025-07-31,West,Outdoor,New,5,398.57
2025-07-31,West,Beauty,Loyalty,23,1032.18
2025-08-01,Northeast,Apparel,New,18,1767.26
2025-08-01,Northeast,Electronics,New,19,1427.04
2025-08-01,Northeast,Home,Returning,19,1848.52
2025-08-01,Northeast,Outdoor,Loyalty,81,2920.63
2025-08-01,Northeast,Beauty,New,30,1980.09
2025-08-01,Southeast,Apparel,Loyalty,22,713.88
2025-08-01,Southeast,Electronics,Loyalty,17,990.36
2025-08-01,Southeast,Home,Loyalty,29,3406.98
2025-08-01,Southeast,Outdoor,Returning,4,431.38
2025-08-01,Southeast,Beauty,New,5,220.88
2025-08-01,Midwest,Apparel,Returning,17,1100.72
2025-08-01,Midwest,Electronics,New,17,1718.09
2025-08-01,Midwest,Home,Loyalty,15,1578.2
2025-08-01,Midwest,Outdoor,New,17,1427.29
2025-08-01,Midwest,Beauty,New,28,1709.98
2025-08-01,West,Apparel,Returning,31,2885.38
2025-08-01,West,Electronics,New,12,540.92
2025-08-01,West,Home,New,10,206.04
2025-08-01,West,Outdoor,Loyalty,17,655.7
2025-08-01,West,Beauty,Loyalty,19,2029.7
2025-08-02,Northeast,Apparel,Returning,23,2188.88
2025-08-02,Northeast,Electronics,New,17,512.82
2025-08-02,Northeast,Home,Loyalty,12,312.81
2025-08-02,Northeast,Outdoor,Returning,104,2084.01
2025-08-02,Northeast,Beauty,New,7,330.97
2025-08-02,Southeast,Apparel,New,26,1480.55
2025-08-02,Southeast,Electronics,New,17,1632.99
2025-08-02,Southeast,Home,Loyalty,27,1922.02
2025-08-02,Southeast,Outdoor,Loyalty,4,220.33
2025-08-02,Southeast,Beauty,Loyalty,18,594.27
2025-08-02,Midwest,Apparel,New,13,899.62
2025-08-02,Midwest,Electronics,Returning,30,2887.42
2025-08-02,Midwest,Home,Loyalty,21,842.77
2025-08-02,Midwest,Outdoor,Loyalty,24,1727.75
2025-08-02,Midwest,Beauty,Loyalty,24,2370.27
2025-08-02,West,Apparel,Loyalty,30,2584.33
2025-08-02,West,Electronics,Loyalty,31,3043.72
2025-08-02,West,Home,New,28,744.58
2025-08-02,West,Outdoor,Loyalty,25,2170.02
2025-08-02,West,Beauty,New,18,1233.59
2025-08-03,Northeast,Apparel,New,24,1372.5
2025-08-03,Northeast,Electronics,Loyalty,17,2018.09
2025-08-03,Northeast,Home,New,11,577.94
2025-08-03,Northeast,Outdoor,Loyalty,54,4917.8
2025-08-03,Northeast,Beauty,New,6,219.72
2025-08-03,Southeast,Apparel,Loyalty,22,784.66
2025-08-03,Southeast,Electronics,Loyalty,13,1526.77
2025-08-03,Southeast,Home,Loyalty,22,1780.6
2025-08-03,Southeast,Outdoor,New,29,3018.12
2025-08-03,Southeast,Beauty,Loyalty,14,1578.53
2025-08-03,Midwest,Apparel,New,11,1053.1
2025-08-03,Midwest,Electronics,Loyalty,25,2475.95
2025-08-03,Midwest,Home,Loyalty,29,627.38
2025-08-03,Midwest,Outdoor,Loyalty,11,1088.89
2025-08-03,Midwest,Beauty,New,32,1589.93
2025-08-03,West,Apparel,Returning,10,887.56
2025-08-03,West,Electronics,Loyalty,32,1358.46
2025-08-03,West,Home,Returning,22,2635.85
2025-08-03,West,Outdoor,Returning,32,2782.39
2025-08-03,West,Beauty,Returning,25,1133.78
2025-08-04,Northeast,Apparel,New,15,456.36
2025-08-04,Northeast,Electronics,Loyalty,17,558.28
2025-08-04,Northeast,Home,Loyalty,23,2631.02
2025-08-04,Northeast,Outdoor,New,25,498.19
2025-08-04,Northeast,Beauty,New,14,437.45
2025-08-04,Southeast,Apparel,Loyalty,29,2236.81
2025-08-04,Southeast,Electronics,New,24,1503.65
2025-08-04,Southeast,Home,Returning,31,2749.51
2025-08-04,Southeast,Outdoor,Loyalty,13,328.14
2025-08-04,Southeast,Beauty,Returning,8,776.61
2025-08-04,Midwest,Apparel,Loyalty,8,933.27
2025-08-04,Midwest,Electronics,New,8,615.85
2025-08-04,Midwest,Home,New,18,1262.96
2025-08-04,Midwest,Outdoor,Loyalty,21,908.55
2025-08-04,Midwest,Beauty,Returning,14,1425.48
2025-08-04,West,Apparel,Returning,16,1561.17
2025-08-04,West,Electronics,Returning,24,1318.99
2025-08-04,West,Home,Loyalty,11,224.18
2025-08-04,West,Outdoor,Returning,23,2007.9
2025-08-04,West,Beauty,New,8,680.16
2025-08-05,Northeast,Apparel,Loyalty,28,1441.56
2025-08-05,Northeast,Electronics,Returning,25,709.57
2025-08-05,Northeast,Home,Loyalty,10,574.08
2025-08-05,Northeast,Outdoor,New,23,2407.75
2025-08-05,Northeast,Beauty,Loyalty,22,748.27
2025-08-05,Southeast,Apparel,Loyalty,15,1339.32
2025-08-05,Southeast,Electronics,Returning,23,377.27
2025-08-05,Southeast,Home,New,12,1368.17
2025-08-05,Southeast,Outdoor,Loyalty,28,3161.16
2025-08-05,Southeast,Beauty,Returning,31,3396.54
2025-08-05,Midwest,Apparel,New,6,617.03
2025-08-05,Midwest,Electronics,Loyalty,16,1024.43
2025-08-05,Midwest,Home,New,14,1516.67
2025-08-05,Midwest,Outdoor,Returning,29,2069.06
2025-08-05,Midwest,Beauty,New,14,1051.24
2025-08-05,West,Apparel,New,8,379.11
2025-08-05,West,Electronics,Loyalty,18,1005.41
2025-08-05,West,Home,Loyalty,16,466.21
2025-08-05,West,Outdoor,New,30,1667.88
2025-08-05,West,Beauty,Returning,15,1278.97
2025-08-06,Northeast,Apparel,Returning,32,3603.47
2025-08-06,Northeast,Electronics,New,22,1463.42
2025-08-06,Northeast,Home,New,11,665.71
2025-08-06,Northeast,Outdoor,Returning,106,5571.79
2025-08-06,Northeast,Beauty,Returning,23,1022
2025-08-06,Southeast,Apparel,Loyalty,15,1306.36
2025-08-06,Southeast,Electronics,New,25,1138.94
2025-08-06,Southeast,Home,New,29,3018.52
2025-08-06,Southeast,Outdoor,Loyalty,21,2264.96
2025-08-06,Southeast,Beauty,New,13,1315.79
2025-08-06,Midwest,Apparel,Returning,15,327.74
2025-08-06,Midwest,Electronics,New,21,2023.87
2025-08-06,Midwest,Home,New,29,2660.6
2025-08-06,Midwest,Outdoor,New,13,343.56
2025-08-06,Midwest,Beauty,New,7,551.51
2025-08-06,West,Apparel,Returning,25,1128.95
2025-08-06,West,Electronics,Returning,5,426.17
2025-08-06,West,Home,Returning,31,1939.58
2025-08-06,West,Outdoor,Loyalty,6,528.67
2025-08-06,West,Beauty,Returning,5,177.69
2025-08-07,Northeast,Apparel,New,11,1045.88
2025-08-07,Northeast,Electronics,New,13,995.75
2025-08-07,Northeast,Home,Loyalty,29,3227.14
2025-08-07,Northeast,Outdoor,Loyalty,70,1921.38
2025-08-07,Northeast,Beauty,Returning,10,339.31
2025-08-07,Southeast,Apparel,New,7,107.55
2025-08-07,Southeast,Electronics,New,31,756.69
2025-08-07,Southeast,Home,Returning,21,1135.49
2025-08-07,Southeast,Outdoor,Loyalty,6,207.91
2025-08-07,Southeast,Beauty,Loyalty,30,1358.98
2025-08-07,Midwest,Apparel,New,15,1057.58
2025-08-07,Midwest,Electronics,Returning,21,1368.6
2025-08-07,Midwest,Home,New,26,1156.79
2025-08-07,Midwest,Outdoor,New,9,447.9
2025-08-07,Midwest,Beauty,Returning,9,216.84
2025-08-07,West,Apparel,Returning,31,2122.89
2025-08-07,West,Electronics,Returning,5,145.1
2025-08-07,West,Home,Returning,25,889.27
2025-08-07,West,Outdoor,Returning,16,495.23
2025-08-07,West,Beauty,Loyalty,14,498.18
2025-08-08,Northeast,Apparel,New,20,2276.36
2025-08-08,Northeast,Electronics,New,29,2899.71
2025-08-08,Northeast,Home,Loyalty,18,1035.3
2025-08-08,Northeast,Outdoor,New,98,6303.36
2025-08-08,Northeast,Beauty,Returning,10,524.93
2025-08-08,Southeast,Apparel,Loyalty,6,379.63
2025-08-08,Southeast,Electronics,Loyalty,13,979.34
2025-08-08,Southeast,Home,Returning,26,2495.7
2025-08-08,Southeast,Outdoor,New,6,346.92
2025-08-08,Southeast,Beauty,Returning,13,1557.21
2025-08-08,Midwest,Apparel,New,27,648.28
2025-08-08,Midwest,Electronics,New,9,1051.48
2025-08-08,Midwest,Home,Loyalty,8,867.83
2025-08-08,Midwest,Outdoor,Loyalty,9,924.44
2025-08-08,Midwest,Beauty,New,29,584.17
2025-08-08,West,Apparel,New,5,465.35
2025-08-08,West,Electronics,Loyalty,7,403.41
2025-08-08,West,Home,Returning,8,874.82
2025-08-08,West,Outdoor,New,22,2586.12
2025-08-08,West,Beauty,New,8,552.45
2025-08-09,Northeast,Apparel,New,14,1149.05
2025-08-09,Northeast,Electronics,New,24,623.95
2025-08-09,Northeast,Home,Loyalty,18,1334.69
2025-08-09,Northeast,Outdoor,Returning,15,665.35
2025-08-09,Northeast,Beauty,Returning,5,273.59
2025-08-09,Southeast,Apparel,New,31,1677.18
2025-08-09,Southeast,Electronics,Returning,16,1486.39
2025-08-09,Southeast,Home,Returning,30,2193.8
2025-08-09,Southeast,Outdoor,Returning,16,1675.14
2025-08-09,Southeast,Beauty,Returning,4,340.54
2025-08-09,Midwest,Apparel,Loyalty,22,1194.52
2025-08-09,Midwest,Electronics,Returning,8,457.25
2025-08-09,Midwest,Home,Loyalty,8,750.72
2025-08-09,Midwest,Outdoor,New,7,475.16
2025-08-09,Midwest,Beauty,Returning,20,1582.85
2025-08-09,West,Apparel,New,11,1043.53
2025-08-09,West,Electronics,Loyalty,26,2835.08
2025-08-09,West,Home,Loyalty,19,1668.52
2025-08-09,West,Outdoor,Loyalty,20,906.2
2025-08-09,West,Beauty,New,32,1459.7
2025-08-10,Northeast,Apparel,Loyalty,15,1529.75
2025-08-10,Northeast,Electronics,New,16,1327.15
2025-08-10,Northeast,Home,New,16,516.29
2025-08-10,Northeast,Outdoor,Loyalty,76,5557.16
2025-08-10,Northeast,Beauty,Loyalty,15,1244.33
2025-08-10,Southeast,Apparel,New,7,175.05
2025-08-10,Southeast,Electronics,Loyalty,27,2143.91
2025-08-10,Southeast,Home,Returning,14,1007.73
2025-08-10,Southeast,Outdoor,Loyalty,4,429.99
2025-08-10,Southeast,Beauty,Returning,9,895.97
2025-08-10,Midwest,Apparel,New,4,444.5
2025-08-10,Midwest,Electronics,Returning,19,1420.65
2025-08-10,Midwest,Home,Returning,29,2647.75
2025-08-10,Midwest,Outdoor,New,20,1589.64
2025-08-10,Midwest,Beauty,Returning,18,1467.48
2025-08-10,West,Apparel,New,30,3378.55
2025-08-10,West,Electronics,Returning,15,1388.84
2025-08-10,West,Home,Loyalty,14,429.19
2025-08-10,West,Outdoor,New,28,824.36
2025-08-10,West,Beauty,Returning,6,443.77
2025-08-11,Northeast,Apparel,New,9,847.56
2025-08-11,Northeast,Electronics,New,30,1235.7
2025-08-11,Northeast,Home,Returning,16,419.09
2025-08-11,Northeast,Outdoor,Loyalty,100,2368.4
2025-08-11,Northeast,Beauty,Loyalty,18,1701.54
2025-08-11,Southeast,Apparel,Returning,22,1014.85
2025-08-11,Southeast,Electronics,Returning,7,675.5
2025-08-11,Southeast,Home,New,16,622.74
2025-08-11,Southeast,Outdoor,Returning,30,1992.43
2025-08-11,Southeast,Beauty,Returning,8,592.38
2025-08-11,Midwest,Apparel,New,7,360.09
2025-08-11,Midwest,Electronics,New,10,594.35
2025-08-11,Midwest,Home,Returning,23,1429.2
2025-08-11,Midwest,Outdoor,New,26,1039.45
2025-08-11,Midwest,Beauty,New,23,1548.29
2025-08-11,West,Apparel,Returning,27,1940.35
2025-08-11,West,Electronics,New,31,3347.37
2025-08-11,West,Home,Loyalty,12,519.94
2025-08-11,West,Outdoor,Returning,20,1541.65
2025-08-11,West,Beauty,Returning,6,181.45
2025-08-12,Northeast,Apparel,New,15,742.48
2025-08-12,Northeast,Electronics,Returning,32,1869.63
2025-08-12,Northeast,Home,Loyalty,7,475.88
2025-08-12,Northeast,Outdoor,Loyalty,71,3628.87
2025-08-12,Northeast,Beauty,Loyalty,28,891.39
2025-08-12,Southeast,Apparel,Loyalty,22,525.01
2025-08-12,Southeast,Electronics,Returning,28,1800.13
2025-08-12,Southeast,Home,New,6,682.46
2025-08-12,Southeast,Outdoor,New,28,512.86
2025-08-12,Southeast,Beauty,Loyalty,5,257.35
2025-08-12,Midwest,Apparel,Loyalty,30,1803.67
2025-08-12,Midwest,Electronics,Returning,12,305.72
2025-08-12,Midwest,Home,Returning,27,3192.46
2025-08-12,Midwest,Outdoor,Loyalty,24,2346.57
2025-08-12,Midwest,Beauty,Loyalty,6,712.46
2025-08-12,West,Apparel,New,15,1541.46
2025-08-12,West,Electronics,Returning,6,481.89
2025-08-12,West,Home,Loyalty,6,197.41
2025-08-12,West,Outdoor,Loyalty,30,2052.89
2025-08-12,West,Beauty,Loyalty,5,459.09
2025-08-13,Northeast,Apparel,New,24,1197.65
2025-08-13,Northeast,Electronics,Returning,21,2231.71
2025-08-13,Northeast,Home,Loyalty,16,1729.81
2025-08-13,Northeast,Outdoor,Returning,83,2284.67
2025-08-13,Northeast,Beauty,Loyalty,6,517.26
2025-08-13,Southeast,Apparel,New,20,2385.2
2025-08-13,Southeast,Electronics,Loyalty,19,607.53
2025-08-13,Southeast,Home,Returning,22,2582.23
2025-08-13,Southeast,Outdoor,New,14,1429.13
2025-08-13,Southeast,Beauty,New,25,1761.96
2025-08-13,Midwest,Apparel,New,6,604.84
2025-08-13,Midwest,Electronics,Returning,29,485.22
2025-08-13,Midwest,Home,Returning,24,1539.37
2025-08-13,Midwest,Outdoor,New,6,315.52
2025-08-13,Midwest,Beauty,Returning,17,1797.13
2025-08-13,West,Apparel,Loyalty,26,1026.02
2025-08-13,West,Electronics,Returning,19,1299.62
2025-08-13,West,Home,Returning,29,2910.1
2025-08-13,West,Outdoor,Returning,16,794.68
2025-08-13,West,Beauty,New,6,647.89
2025-08-14,Northeast,Apparel,Returning,25,479.29
2025-08-14,Northeast,Electronics,Loyalty,15,1225.06
2025-08-14,Northeast,Home,New,12,539.53
2025-08-14,Northeast,Outdoor,Loyalty,33,3071.52
2025-08-14,Northeast,Beauty,New,19,886.32
2025-08-14,Southeast,Apparel,New,23,1291.28
2025-08-14,Southeast,Electronics,New,22,2188.25
2025-08-14,Southeast,Home,Loyalty,22,1181.13
2025-08-14,Southeast,Outdoor,Returning,20,639.24
2025-08-14,Southeast,Beauty,Loyalty,24,1597.24
2025-08-14,Midwest,Apparel,Returning,8,945.49
2025-08-14,Midwest,Electronics,Returning,14,1562.72
2025-08-14,Midwest,Home,Loyalty,15,932.57
2025-08-14,Midwest,Outdoor,New,26,1674.9
2025-08-14,Midwest,Beauty,Returning,9,586.09
2025-08-14,West,Apparel,Loyalty,8,649.29
2025-08-14,West,Electronics,Returning,6,577.04
2025-08-14,West,Home,Returning,11,572.96
2025-08-14,West,Outdoor,New,28,2892.85
2025-08-14,West,Beauty,Loyalty,14,1341.28
2025-08-15,Northeast,Apparel,New,26,2394.01
2025-08-15,Northeast,Electronics,New,31,1143.37
2025-08-15,Northeast,Home,Returning,31,1739.74
2025-08-15,Northeast,Outdoor,Returning,83,9667.75
2025-08-15,Northeast,Beauty,Returning,23,1763.14
2025-08-15,Southeast,Apparel,New,11,295.73
2025-08-15,Southeast,Electronics,Loyalty,27,1908.25
2025-08-15,Southeast,Home,Loyalty,26,2696.99
2025-08-15,Southeast,Outdoor,Returning,24,958.76
2025-08-15,Southeast,Beauty,Loyalty,25,2959.34
2025-08-15,Midwest,Apparel,Loyalty,26,2674.99
2025-08-15,Midwest,Electronics,New,27,2469.54
2025-08-15,Midwest,Home,Returning,7,479.56
2025-08-15,Midwest,Outdoor,Returning,14,667.57
2025-08-15,Midwest,Beauty,Returning,8,907.8
2025-08-15,West,Apparel,Returning,13,415.3
2025-08-15,West,Electronics,Returning,14,1462.34
2025-08-15,West,Home,Loyalty,29,972.84
2025-08-15,West,Outdoor,Loyalty,11,1132.38
2025-08-15,West,Beauty,Returning,11,421.81
2025-08-16,Northeast,Apparel,Loyalty,16,462.1
2025-08-16,Northeast,Electronics,New,26,634.07
2025-08-16,Northeast,Home,Returning,5,362.88
2025-08-16,Northeast,Outdoor,New,95,8277.73
2025-08-16,Northeast,Beauty,Returning,14,1258.67
2025-08-16,Southeast,Apparel,Loyalty,11,211.67
2025-08-16,Southeast,Electronics,Returning,16,1544.34
2025-08-16,Southeast,Home,Loyalty,11,1282.29
2025-08-16,Southeast,Outdoor,Loyalty,24,1784.15
2025-08-16,Southeast,Beauty,New,5,355.96
2025-08-16,Midwest,Apparel,Returning,24,964.37
2025-08-16,Midwest,Electronics,New,30,968.22
2025-08-16,Midwest,Home,Loyalty,23,913.89
2025-08-16,Midwest,Outdoor,Returning,27,1291.67
2025-08-16,Midwest,Beauty,Returning,11,1299.91
2025-08-16,West,Apparel,Returning,24,2430.61
2025-08-16,West,Electronics,Returning,30,2663.63
2025-08-16,West,Home,Loyalty,25,2518.56
2025-08-16,West,Outdoor,Returning,14,1379.38
2025-08-16,West,Beauty,New,9,948.14
2025-08-17,Northeast,Apparel,New,16,1808.77
2025-08-17,Northeast,Electronics,New,17,1409.38
2025-08-17,Northeast,Home,Loyalty,26,3046.8
2025-08-17,Northeast,Outdoor,New,103,10386.47
2025-08-17,Northeast,Beauty,New,9,273.05
2025-08-17,Southeast,Apparel,Returning,5,500.78
2025-08-17,Southeast,Electronics,Returning,31,888.19
2025-08-17,Southeast,Home,Returning,9,814.44
2025-08-17,Southeast,Outdoor,New,31,3632.61
2025-08-17,Southeast,Beauty,Returning,13,1252.2
2025-08-17,Midwest,Apparel,New,30,3182.35
2025-08-17,Midwest,Electronics,New,11,475.03
2025-08-17,Midwest,Home,New,30,2648.81
2025-08-17,Midwest,Outdoor,Loyalty,10,661.59
2025-08-17,Midwest,Beauty,Loyalty,11,1131.36
2025-08-17,West,Apparel,Loyalty,16,1595.47
2025-08-17,West,Electronics,Returning,30,859.67
2025-08-17,West,Home,Loyalty,23,1095.63
2025-08-17,West,Outdoor,Returning,27,576.33
2025-08-17,West,Beauty,Loyalty,30,3086.12
2025-08-18,Northeast,Apparel,New,21,473.58
2025-08-18,Northeast,Electronics,Loyalty,6,585.53
2025-08-18,Northeast,Home,Loyalty,14,306.26
2025-08-18,Northeast,Outdoor,Returning,59,5162.25
2025-08-18,Northeast,Beauty,Loyalty,14,1524.33
2025-08-18,Southeast,Apparel,Loyalty,9,282.73
2025-08-18,Southeast,Electronics,Returning,12,1257
2025-08-18,Southeast,Home,Returning,28,825.84
2025-08-18,Southeast,Outdoor,Returning,13,1500.53
2025-08-18,Southeast,Beauty,New,15,1182.33
2025-08-18,Midwest,Apparel,Returning,31,1303.81
2025-08-18,Midwest,Electronics,New,24,1293.22
2025-08-18,Midwest,Home,New,15,1430.18
2025-08-18,Midwest,Outdoor,New,24,781.11
2025-08-18,Midwest,Beauty,Loyalty,13,758.08
2025-08-18,West,Apparel,Loyalty,9,745.46
2025-08-18,West,Electronics,Returning,22,752.95
2025-08-18,West,Home,Loyalty,12,240.48
2025-08-18,West,Outdoor,Returning,30,1510.83
2025-08-18,West,Beauty,Returning,8,937.46
2025-08-19,Northeast,Apparel,Returning,24,1704.06
2025-08-19,Northeast,Electronics,Loyalty,10,689.5
2025-08-19,Northeast,Home,Loyalty,23,1329.26
2025-08-19,Northeast,Outdoor,New,31,2854.95
2025-08-19,Northeast,Beauty,Returning,9,143.8
2025-08-19,Southeast,Apparel,Loyalty,8,469.87
2025-08-19,Southeast,Electronics,Returning,26,2305.19
2025-08-19,Southeast,Home,Loyalty,20,1226
2025-08-19,Southeast,Outdoor,Returning,11,1026.58
2025-08-19,Southeast,Beauty,Loyalty,15,1037.04
2025-08-19,Midwest,Apparel,Loyalty,22,519.78
2025-08-19,Midwest,Electronics,New,16,505.98
2025-08-19,Midwest,Home,Returning,7,687.14
2025-08-19,Midwest,Outdoor,Returning,20,1671.37
2025-08-19,Midwest,Beauty,New,26,2486.46
2025-08-19,West,Apparel,New,28,1874.51
2025-08-19,West,Electronics,New,12,351.95
2025-08-19,West,Home,New,23,2509.01
2025-08-19,West,Outdoor,Loyalty,8,350.23
2025-08-19,West,Beauty,Returning,25,1860.09
2025-08-20,Northeast,Apparel,Returning,20,1044.46
2025-08-20,Northeast,Electronics,New,21,1337.97
2025-08-20,Northeast,Home,New,17,1736.14
2025-08-20,Northeast,Outdoor,Loyalty,50,5071.7
2025-08-20,Northeast,Beauty,Loyalty,23,1408.15
2025-08-20,Southeast,Apparel,Returning,8,931.27
2025-08-20,Southeast,Electronics,Returning,29,585.93
2025-08-20,Southeast,Home,New,10,353.73
2025-08-20,Southeast,Outdoor,Loyalty,25,1327.31
2025-08-20,Southeast,Beauty,New,10,960.73
2025-08-20,Midwest,Apparel,Returning,6,385.9
2025-08-20,Midwest,Electronics,New,10,1079.89
2025-08-20,Midwest,Home,New,31,1068.85
2025-08-20,Midwest,Outdoor,New,30,1515.84
2025-08-20,Midwest,Beauty,Loyalty,17,1454.95
2025-08-20,West,Apparel,New,28,1190.98
2025-08-20,West,Electronics,Returning,12,208.07
2025-08-20,West,Home,New,22,921.69
2025-08-20,West,Outdoor,Returning,28,2306.09
2025-08-20,West,Beauty,New,31,2535.05
2025-08-21,Northeast,Apparel,Loyalty,9,306.67
2025-08-21,Northeast,Electronics,Returning,23,2356.39
2025-08-21,Northeast,Home,Returning,25,2546.85
2025-08-21,Northeast,Outdoor,New,80,5600.04
2025-08-21,Northeast,Beauty,New,7,422.06
2025-08-21,Southeast,Apparel,Returning,25,2981.31
2025-08-21,Southeast,Electronics,Returning,16,720.96
2025-08-21,Southeast,Home,Returning,28,1300.87
2025-08-21,Southeast,Outdoor,Loyalty,23,1912.67
2025-08-21,Southeast,Beauty,New,22,1578.85
2025-08-21,Midwest,Apparel,Returning,17,1681.43
2025-08-21,Midwest,Electronics,Loyalty,28,1094.48
2025-08-21,Midwest,Home,Returning,17,1016.44
2025-08-21,Midwest,Outdoor,Loyalty,26,3010.49
2025-08-21,Midwest,Beauty,Loyalty,22,380.54
2025-08-21,West,Apparel,Loyalty,15,565.03
2025-08-21,West,Electronics,New,11,413.93
2025-08-21,West,Home,Loyalty,8,235.91
2025-08-21,West,Outdoor,Loyalty,31,1685.28
2025-08-21,West,Beauty,New,31,3626.59
2025-08-22,Northeast,Apparel,New,6,397.97
2025-08-22,Northeast,Electronics,Returning,28,591.96
2025-08-22,Northeast,Home,Returning,11,1300.73
2025-08-22,Northeast,Outdoor,New,38,858.04
2025-08-22,Northeast,Beauty,Returning,11,440.53
2025-08-22,Southeast,Apparel,Loyalty,28,852.86
2025-08-22,Southeast,Electronics,Returning,19,1502.65
2025-08-22,Southeast,Home,Returning,12,195.86
2025-08-22,Southeast,Outdoor,New,9,659.27
2025-08-22,Southeast,Beauty,Returning,10,819.27
2025-08-22,Midwest,Apparel,New,30,2926.95
2025-08-22,Midwest,Electronics,Loyalty,15,297.03
2025-08-22,Midwest,Home,Returning,23,2263.96
2025-08-22,Midwest,Outdoor,New,10,768.47
2025-08-22,Midwest,Beauty,Loyalty,10,897.25
2025-08-22,West,Apparel,Loyalty,4,164.19
2025-08-22,West,Electronics,Returning,14,1659.19
2025-08-22,West,Home,Loyalty,26,2558.95
2025-08-22,West,Outdoor,New,28,3135.56
2025-08-22,West,Beauty,New,30,884.27
2025-08-23,Northeast,Apparel,New,25,1609.93
2025-08-23,Northeast,Electronics,Loyalty,26,1790.62
2025-08-23,Northeast,Home,Returning,9,497.48
2025-08-23,Northeast,Outdoor,Loyalty,36,2161.62
2025-08-23,Northeast,Beauty,Returning,26,2335.33
2025-08-23,Southeast,Apparel,Loyalty,9,254.72
2025-08-23,Southeast,Electronics,Loyalty,25,412.21
2025-08-23,Southeast,Home,New,28,1371.89
2025-08-23,Southeast,Outdoor,Loyalty,7,716.45
2025-08-23,Southeast,Beauty,New,10,599.62
2025-08-23,Midwest,Apparel,New,17,971.22
2025-08-23,Midwest,Electronics,Returning,16,1087.38
2025-08-23,Midwest,Home,New,11,225.19
2025-08-23,Midwest,Outdoor,New,8,270.49
2025-08-23,Midwest,Beauty,Loyalty,22,1859.74
2025-08-23,West,Apparel,Returning,21,1246.97
2025-08-23,West,Electronics,Returning,5,569.47
2025-08-23,West,Home,New,7,427.84
2025-08-23,West,Outdoor,Loyalty,21,2464.33
2025-08-23,West,Beauty,Returning,26,1711.33
2025-08-24,Northeast,Apparel,Loyalty,10,1163.4
2025-08-24,Northeast,Electronics,New,6,343.35
2025-08-24,Northeast,Home,New,28,1869.88
2025-08-24,Northeast,Outdoor,Loyalty,32,727.66
2025-08-24,Northeast,Beauty,Loyalty,9,169.24
2025-08-24,Southeast,Apparel,Returning,21,2379.35
2025-08-24,Southeast,Electronics,New,13,312.82
2025-08-24,Southeast,Home,Loyalty,27,1870.73
2025-08-24,Southeast,Outdoor,Returning,20,1254.6
2025-08-24,Southeast,Beauty,Loyalty,28,1632.97
2025-08-24,Midwest,Apparel,Loyalty,32,517.47
2025-08-24,Midwest,Electronics,New,20,999.24
2025-08-24,Midwest,Home,Returning,19,1567.04
2025-08-24,Midwest,Outdoor,New,19,1394.1
2025-08-24,Midwest,Beauty,Loyalty,8,750.56
2025-08-24,West,Apparel,Loyalty,16,1386.71
2025-08-24,West,Electronics,New,16,260.25
2025-08-24,West,Home,Returning,31,554.08
2025-08-24,West,Outdoor,Loyalty,29,2865.89
2025-08-24,West,Beauty,Returning,13,1234.65
2025-08-25,Northeast,Apparel,Loyalty,12,185.62
2025-08-25,Northeast,Electronics,Returning,7,323.01
2025-08-25,Northeast,Home,New,16,1627.85
2025-08-25,Northeast,Outdoor,Returning,21,430.79
2025-08-25,Northeast,Beauty,Returning,20,1997.5
2025-08-25,Southeast,Apparel,Loyalty,13,414
2025-08-25,Southeast,Electronics,Returning,32,1718.44
2025-08-25,Southeast,Home,Loyalty,10,839.54
2025-08-25,Southeast,Outdoor,Returning,8,492.44
2025-08-25,Southeast,Beauty,Returning,14,695.72
2025-08-25,Midwest,Apparel,New,14,985.79
2025-08-25,Midwest,Electronics,New,8,725.71
2025-08-25,Midwest,Home,New,30,1297.42
2025-08-25,Midwest,Outdoor,Loyalty,13,698.13
2025-08-25,Midwest,Beauty,Returning,28,1455.8
2025-08-25,West,Apparel,New,8,581.25
2025-08-25,West,Electronics,Loyalty,7,305.88
2025-08-25,West,Home,Returning,10,412.66
2025-08-25,West,Outdoor,New,29,3288.12
2025-08-25,West,Beauty,Loyalty,27,555.66
2025-08-26,Northeast,Apparel,New,27,2582.11
2025-08-26,Northeast,Electronics,New,17,1912.11
2025-08-26,Northeast,Home,New,20,1383.48
2025-08-26,Northeast,Outdoor,New,98,7499.91
2025-08-26,Northeast,Beauty,Loyalty,15,481.71
2025-08-26,Southeast,Apparel,New,10,735.59
2025-08-26,Southeast,Electronics,New,30,1300.51
2025-08-26,Southeast,Home,New,24,2269.93
2025-08-26,Southeast,Outdoor,Returning,12,1053.53
2025-08-26,Southeast,Beauty,New,17,1476.29
2025-08-26,Midwest,Apparel,Returning,21,871.23
2025-08-26,Midwest,Electronics,Loyalty,6,687.36
2025-08-26,Midwest,Home,Returning,20,1311.82
2025-08-26,Midwest,Outdoor,Loyalty,16,1784.78
2025-08-26,Midwest,Beauty,Returning,24,767.7
2025-08-26,West,Apparel,Returning,23,2420.12
2025-08-26,West,Electronics,Loyalty,22,695.66
2025-08-26,West,Home,New,25,857.42
2025-08-26,West,Outdoor,Loyalty,7,332.51
2025-08-26,West,Beauty,New,30,1494.19
2025-08-27,Northeast,Apparel,Loyalty,15,254.72
2025-08-27,Northeast,Electronics,New,12,1418.01
2025-08-27,Northeast,Home,Returning,30,3581.87
2025-08-27,Northeast,Outdoor,Returning,68,5603
2025-08-27,Northeast,Beauty,Returning,23,2483.5
2025-08-27,Southeast,Apparel,New,27,1244.26
2025-08-27,Southeast,Electronics,Loyalty,18,1701.5
2025-08-27,Southeast,Home,Loyalty,14,645.26
2025-08-27,Southeast,Outdoor,Loyalty,30,596.55
2025-08-27,Southeast,Beauty,New,27,3018.76
2025-08-27,Midwest,Apparel,Returning,20,1237.88
2025-08-27,Midwest,Electronics,Loyalty,28,1176.12
2025-08-27,Midwest,Home,Loyalty,30,799.16
2025-08-27,Midwest,Outdoor,Returning,22,1980.46
2025-08-27,Midwest,Beauty,New,22,2236.51
2025-08-27,West,Apparel,Loyalty,22,583.19
2025-08-27,West,Electronics,Loyalty,16,1886.29
2025-08-27,West,Home,Returning,12,1104.99
2025-08-27,West,Outdoor,Loyalty,8,430.46
2025-08-27,West,Beauty,New,23,2396
2025-08-28,Northeast,Apparel,Loyalty,13,1362.02
2025-08-28,Northeast,Electronics,Loyalty,10,715.96
2025-08-28,Northeast,Home,New,6,287.77
2025-08-28,Northeast,Outdoor,Returning,76,4964.65
2025-08-28,Northeast,Beauty,Loyalty,19,1446.88
2025-08-28,Southeast,Apparel,Returning,12,848.88
2025-08-28,Southeast,Electronics,Loyalty,27,2604.54
2025-08-28,Southeast,Home,New,15,848.88
2025-08-28,Southeast,Outdoor,Loyalty,10,965.15
2025-08-28,Southeast,Beauty,Returning,13,432.52
2025-08-28,Midwest,Apparel,Returning,8,330.09
2025-08-28,Midwest,Electronics,Loyalty,26,511.86
2025-08-28,Midwest,Home,New,8,905.49
2025-08-28,Midwest,Outdoor,Returning,23,1843.91
2025-08-28,Midwest,Beauty,Returning,17,1206.63
2025-08-28,West,Apparel,Returning,20,747.71
2025-08-28,West,Electronics,Returning,23,1063.33
2025-08-28,West,Home,Returning,23,1377.41
2025-08-28,West,Outdoor,New,4,126.31
2025-08-28,West,Beauty,New,5,473.29
2025-08-29,Northeast,Apparel,New,29,530.51
2025-08-29,Northeast,Electronics,Returning,6,92.23
2025-08-29,Northeast,Home,Returning,30,488.16
2025-08-29,Northeast,Outdoor,New,45,5128.09
2025-08-29,Northeast,Beauty,Loyalty,18,615.75
2025-08-29,Southeast,Apparel,New,15,1095.13
2025-08-29,Southeast,Electronics,Loyalty,13,1529.24
2025-08-29,Southeast,Home,Loyalty,15,654.66
2025-08-29,Southeast,Outdoor,Loyalty,19,2021.41
2025-08-29,Southeast,Beauty,Loyalty,32,1571.27
2025-08-29,Midwest,Apparel,Returning,7,231.79
2025-08-29,Midwest,Electronics,New,19,1133.72
2025-08-29,Midwest,Home,Loyalty,22,739.14
2025-08-29,Midwest,Outdoor,Returning,14,1161.66
2025-08-29,Midwest,Beauty,New,8,520.98
2025-08-29,West,Apparel,New,28,977.11
2025-08-29,West,Electronics,Loyalty,6,243.06
2025-08-29,West,Home,Returning,24,1929.62
2025-08-29,West,Outdoor,New,9,145.63
2025-08-29,West,Beauty,New,17,1814.66
2025-08-30,Northeast,Apparel,Returning,17,1526.6
2025-08-30,Northeast,Electronics,New,24,2383.5
2025-08-30,Northeast,Home,New,9,965.1
2025-08-30,Northeast,Outdoor,Returning,74,4727.64
2025-08-30,Northeast,Beauty,Loyalty,20,888.38
2025-08-30,Southeast,Apparel,Loyalty,13,939.14
2025-08-30,Southeast,Electronics,New,5,370.29
2025-08-30,Southeast,Home,Returning,24,825.1
2025-08-30,Southeast,Outdoor,Loyalty,20,761.73
2025-08-30,Southeast,Beauty,Returning,9,196.58
2025-08-30,Midwest,Apparel,New,26,1852.67
2025-08-30,Midwest,Electronics,Returning,19,2090.87
2025-08-30,Midwest,Home,Returning,16,559.64
2025-08-30,Midwest,Outdoor,Returning,13,733.8
2025-08-30,Midwest,Beauty,Returning,8,216.97
2025-08-30,West,Apparel,New,29,1805.16
2025-08-30,West,Electronics,Returning,24,521.08
2025-08-30,West,Home,New,26,1169.8
2025-08-30,West,Outdoor,Returning,13,682.52
2025-08-30,West,Beauty,Loyalty,24,525.67
2025-08-31,Northeast,Apparel,New,8,372.84
2025-08-31,Northeast,Electronics,Loyalty,30,2377.86
2025-08-31,Northeast,Home,Loyalty,18,860.43
2025-08-31,Northeast,Outdoor,New,18,694.96
2025-08-31,Northeast,Beauty,Loyalty,6,398.77
2025-08-31,Southeast,Apparel,New,11,1294.07
2025-08-31,Southeast,Electronics,Returning,14,842.27
2025-08-31,Southeast,Home,New,7,119.33
2025-08-31,Southeast,Outdoor,Returning,23,1154.36
2025-08-31,Southeast,Beauty,Loyalty,5,597.73
2025-08-31,Midwest,Apparel,New,8,564.05
2025-08-31,Midwest,Electronics,New,22,2144.45
2025-08-31,Midwest,Home,Returning,31,2064.34
2025-08-31,Midwest,Outdoor,Loyalty,20,1859.14
2025-08-31,Midwest,Beauty,New,32,3512.44
2025-08-31,West,Apparel,Loyalty,17,1035.94
2025-08-31,West,Electronics,Loyalty,12,940
2025-08-31,West,Home,Returning,9,1016.12
2025-08-31,West,Outdoor,Loyalty,18,1059.13
2025-08-31,West,Beauty,New,27,1730.27
2025-09-01,Northeast,Apparel,Loyalty,23,1698.69
2025-09-01,Northeast,Electronics,New,26,1739.95
2025-09-01,Northeast,Home,Returning,29,2668.99
2025-09-01,Northeast,Outdoor,Loyalty,21,1251.38
2025-09-01,Northeast,Beauty,New,11,392.58
2025-09-01,Southeast,Apparel,Loyalty,17,861.2
2025-09-01,Southeast,Electronics,Loyalty,31,1602.23
2025-09-01,Southeast,Home,Loyalty,27,1209.98
2025-09-01,Southeast,Outdoor,Loyalty,7,807.09
2025-09-01,Southeast,Beauty,New,31,1648.75
2025-09-01,Midwest,Apparel,Loyalty,12,541.99
2025-09-01,Midwest,Electronics,Loyalty,14,1570.72
2025-09-01,Midwest,Home,Loyalty,21,1455.57
2025-09-01,Midwest,Outdoor,New,13,451.67
2025-09-01,Midwest,Beauty,Returning,21,2107.4
2025-09-01,West,Apparel,Loyalty,15,1300.45
2025-09-01,West,Electronics,Loyalty,24,1371.23
2025-09-01,West,Home,New,24,1151.05
2025-09-01,West,Outdoor,Loyalty,19,1815.46
2025-09-01,West,Beauty,New,33,1791.39
2025-09-02,Northeast,Apparel,New,32,1907.19
2025-09-02,Northeast,Electronics,Returning,20,1434.4
2025-09-02,Northeast,Home,New,12,1091.46
2025-09-02,Northeast,Outdoor,Returning,31,3715.18
2025-09-02,Northeast,Beauty,Returning,5,369.6
2025-09-02,Southeast,Apparel,Returning,31,1396.52
2025-09-02,Southeast,Electronics,Loyalty,31,2970.09
2025-09-02,Southeast,Home,Returning,11,1192.4
2025-09-02,Southeast,Outdoor,Loyalty,37,3729.69
2025-09-02,Southeast,Beauty,Loyalty,17,2034.94
2025-09-02,Midwest,Apparel,Loyalty,14,815.43
2025-09-02,Midwest,Electronics,New,28,756.44
2025-09-02,Midwest,Home,New,33,3639.57
2025-09-02,Midwest,Outdoor,New,20,693.45
2025-09-02,Midwest,Beauty,Loyalty,8,648.25
2025-09-02,West,Apparel,Loyalty,25,387.85
2025-09-02,West,Electronics,Loyalty,8,264.38
2025-09-02,West,Home,New,12,1268.79
2025-09-02,West,Outdoor,New,35,2229.77
2025-09-02,West,Beauty,New,13,799.08
2025-09-03,Northeast,Apparel,New,21,2512.19
2025-09-03,Northeast,Electronics,Returning,5,461.69
2025-09-03,Northeast,Home,Returning,36,1937.12
2025-09-03,Northeast,Outdoor,Returning,36,1359.93
2025-09-03,Northeast,Beauty,Loyalty,18,1533.36
2025-09-03,Southeast,Apparel,Returning,30,1105.38
2025-09-03,Southeast,Electronics,New,8,591.21
2025-09-03,Southeast,Home,Loyalty,16,850.83
2025-09-03,Southeast,Outdoor,Loyalty,10,575.72
2025-09-03,Southeast,Beauty,Loyalty,27,998.38
2025-09-03,Midwest,Apparel,Returning,36,1157.98
2025-09-03,Midwest,Electronics,New,10,527.76
2025-09-03,Midwest,Home,Loyalty,24,1430.66
2025-09-03,Midwest,Outdoor,Loyalty,32,1051.45
2025-09-03,Midwest,Beauty,New,38,2021.75
2025-09-03,West,Apparel,New,26,715.39
2025-09-03,West,Electronics,Returning,7,224.68
2025-09-03,West,Home,New,16,1324.05
2025-09-03,West,Outdoor,Loyalty,31,799.83
2025-09-03,West,Beauty,Loyalty,18,1993.71
2025-09-04,Northeast,Apparel,Loyalty,28,2162.13
2025-09-04,Northeast,Electronics,New,34,3143.19
2025-09-04,Northeast,Home,Returning,35,3372.7
2025-09-04,Northeast,Outdoor,Loyalty,18,366.67
2025-09-04,Northeast,Beauty,New,22,1721.58
2025-09-04,Southeast,Apparel,New,25,675.5
2025-09-04,Southeast,Electronics,Loyalty,12,949.81
2025-09-04,Southeast,Home,Loyalty,9,730.73
2025-09-04,Southeast,Outdoor,New,15,1603.98
2025-09-04,Southeast,Beauty,New,13,1073.87
2025-09-04,Midwest,Apparel,Loyalty,22,1844.38
2025-09-04,Midwest,Electronics,Loyalty,33,515.89
2025-09-04,Midwest,Home,Returning,22,1197.71
2025-09-04,Midwest,Outdoor,New,24,2596.97
2025-09-04,Midwest,Beauty,Loyalty,25,2284.39
2025-09-04,West,Apparel,Returning,24,2359.94
2025-09-04,West,Electronics,Returning,19,867.95
2025-09-04,West,Home,Loyalty,10,343.98
2025-09-04,West,Outdoor,New,10,748.48
2025-09-04,West,Beauty,Returning,19,1434.86
2025-09-05,Northeast,Apparel,New,13,458.54
2025-09-05,Northeast,Electronics,Returning,28,1580.72
2025-09-05,Northeast,Home,Returning,26,1128.99
2025-09-05,Northeast,Outdoor,Returning,23,2584.01
2025-09-05,Northeast,Beauty,Returning,22,1601.83
2025-09-05,Southeast,Apparel,Loyalty,24,1959.44
2025-09-05,Southeast,Electronics,Loyalty,13,1398.86
2025-09-05,Southeast,Home,Loyalty,34,3613.59
2025-09-05,Southeast,Outdoor,Loyalty,24,2243.05
2025-09-05,Southeast,Beauty,Returning,19,427.29
2025-09-05,Midwest,Apparel,Returning,36,4116.7
2025-09-05,Midwest,Electronics,Returning,25,1414.48
2025-09-05,Midwest,Home,New,12,370.33
2025-09-05,Midwest,Outdoor,New,5,178.47
2025-09-05,Midwest,Beauty,Returning,14,586.7
2025-09-05,West,Apparel,New,18,1763.04
2025-09-05,West,Electronics,New,16,1347.31
2025-09-05,West,Home,Returning,7,567.9
2025-09-05,West,Outdoor,Returning,31,2975.38
2025-09-05,West,Beauty,New,14,893.52
2025-09-06,Northeast,Apparel,Returning,6,562.66
2025-09-06,Northeast,Electronics,Returning,28,1087.4
2025-09-06,Northeast,Home,Loyalty,11,547.87
2025-09-06,Northeast,Outdoor,Returning,27,1426.2
2025-09-06,Northeast,Beauty,New,27,1874.63
2025-09-06,Southeast,Apparel,Returning,18,2105.77
2025-09-06,Southeast,Electronics,Returning,33,3227.8
2025-09-06,Southeast,Home,Loyalty,16,541.67
2025-09-06,Southeast,Outdoor,Loyalty,14,1049.25
2025-09-06,Southeast,Beauty,Loyalty,33,2548.47
2025-09-06,Midwest,Apparel,New,16,968.71
2025-09-06,Midwest,Electronics,New,11,345.96
2025-09-06,Midwest,Home,New,10,862.23
2025-09-06,Midwest,Outdoor,New,15,502.23
2025-09-06,Midwest,Beauty,New,26,1226.18
2025-09-06,West,Apparel,New,21,1417.42
2025-09-06,West,Electronics,Returning,17,1168.7
2025-09-06,West,Home,Returning,18,1776.09
2025-09-06,West,Outdoor,Returning,14,857.53
2025-09-06,West,Beauty,New,18,1928.57
2025-09-07,Northeast,Apparel,New,17,1273.81
2025-09-07,Northeast,Electronics,Loyalty,28,2847.49
2025-09-07,Northeast,Home,Loyalty,13,1113.61
2025-09-07,Northeast,Outdoor,Loyalty,14,1443.5
2025-09-07,Northeast,Beauty,New,20,853.3
2025-09-07,Southeast,Apparel,New,34,2503.17
2025-09-07,Southeast,Electronics,Returning,17,1635.83
2025-09-07,Southeast,Home,New,36,1893.52
2025-09-07,Southeast,Outdoor,New,14,1114.39
2025-09-07,Southeast,Beauty,Loyalty,5,234.24
2025-09-07,Midwest,Apparel,New,34,2284.05
2025-09-07,Midwest,Electronics,Loyalty,37,2772.42
2025-09-07,Midwest,Home,Loyalty,7,556.35
2025-09-07,Midwest,Outdoor,Loyalty,34,3238.28
2025-09-07,Midwest,Beauty,Loyalty,38,854.97
2025-09-07,West,Apparel,Returning,15,1509.03
2025-09-07,West,Electronics,Returning,30,2695.01
2025-09-07,West,Home,New,12,1079.7
2025-09-07,West,Outdoor,Returning,18,979.14
2025-09-07,West,Beauty,Returning,35,752.7
2025-09-08,Northeast,Apparel,New,31,855.14
2025-09-08,Northeast,Electronics,New,14,1500.55
2025-09-08,Northeast,Home,Returning,34,884.77
2025-09-08,Northeast,Outdoor,Returning,24,935.96
2025-09-08,Northeast,Beauty,New,39,1028.16
2025-09-08,Southeast,Apparel,New,39,3165.65
2025-09-08,Southeast,Electronics,Loyalty,25,1621.88
2025-09-08,Southeast,Home,Returning,10,435.01
2025-09-08,Southeast,Outdoor,Loyalty,21,1662.59
2025-09-08,Southeast,Beauty,Loyalty,9,210.63
2025-09-08,Midwest,Apparel,Loyalty,18,1823.9
2025-09-08,Midwest,Electronics,Loyalty,23,2135.61
2025-09-08,Midwest,Home,Loyalty,9,246.82
2025-09-08,Midwest,Outdoor,Returning,15,867.47
2025-09-08,Midwest,Beauty,Loyalty,24,1672.92
2025-09-08,West,Apparel,Loyalty,22,488.04
2025-09-08,West,Electronics,Loyalty,17,1249.42
2025-09-08,West,Home,Returning,28,2726.61
2025-09-08,West,Outdoor,New,32,500.7
2025-09-08,West,Beauty,Returning,32,1058.45
2025-09-09,Northeast,Apparel,Loyalty,15,1548.64
2025-09-09,Northeast,Electronics,Loyalty,21,900.57
2025-09-09,Northeast,Home,New,35,3593.54
2025-09-09,Northeast,Outdoor,New,30,1034.36
2025-09-09,Northeast,Beauty,Returning,9,463.76
2025-09-09,Southeast,Apparel,Returning,13,399.43
2025-09-09,Southeast,Electronics,Loyalty,37,4312.97
2025-09-09,Southeast,Home,Loyalty,28,1482.73
2025-09-09,Southeast,Outdoor,New,37,807.17
2025-09-09,Southeast,Beauty,New,19,1212.1
2025-09-09,Midwest,Apparel,New,12,412.4
2025-09-09,Midwest,Electronics,Loyalty,27,726.14
2025-09-09,Midwest,Home,New,16,1189.52
2025-09-09,Midwest,Outdoor,Loyalty,17,920.76
2025-09-09,Midwest,Beauty,Returning,26,625.64
2025-09-09,West,Apparel,New,25,949.27
2025-09-09,West,Electronics,Returning,11,273.95
2025-09-09,West,Home,Loyalty,32,2933.73
2025-09-09,West,Outdoor,New,9,496.09
2025-09-09,West,Beauty,Returning,28,504.55
2025-09-10,Northeast,Apparel,Loyalty,14,1313.29
2025-09-10,Northeast,Electronics,Returning,32,723.41
2025-09-10,Northeast,Home,Returning,12,459.34
2025-09-10,Northeast,Outdoor,New,28,2433.93
2025-09-10,Northeast,Beauty,Loyalty,26,2472.67
2025-09-10,Southeast,Apparel,New,19,866.46
2025-09-10,Southeast,Electronics,New,29,3036.1
2025-09-10,Southeast,Home,Loyalty,13,900.87
2025-09-10,Southeast,Outdoor,New,36,3250.7
2025-09-10,Southeast,Beauty,Loyalty,29,1404.07
2025-09-10,Midwest,Apparel,Returning,9,681.95
2025-09-10,Midwest,Electronics,Returning,17,1906.8
2025-09-10,Midwest,Home,Returning,31,2252.38
2025-09-10,Midwest,Outdoor,Returning,31,3139.98
2025-09-10,Midwest,Beauty,Returning,22,2172.16
2025-09-10,West,Apparel,New,40,2419.37
2025-09-10,West,Electronics,New,19,1507.41
2025-09-10,West,Home,Returning,39,1477.82
2025-09-10,West,Outdoor,New,16,1146.22
2025-09-10,West,Beauty,New,25,1423.53
2025-09-11,Northeast,Apparel,Returning,8,650.9
2025-09-11,Northeast,Electronics,Loyalty,24,557.9
2025-09-11,Northeast,Home,New,20,1668.83
2025-09-11,Northeast,Outdoor,New,20,2258.53
2025-09-11,Northeast,Beauty,Returning,33,1608.64
2025-09-11,Southeast,Apparel,Loyalty,26,1654.38
2025-09-11,Southeast,Electronics,Returning,19,1277.34
2025-09-11,Southeast,Home,Loyalty,40,3518.14
2025-09-11,Southeast,Outdoor,New,35,3178.57
2025-09-11,Southeast,Beauty,Loyalty,6,97.2
2025-09-11,Midwest,Apparel,New,19,2266.66
2025-09-11,Midwest,Electronics,Returning,20,1792.61
2025-09-11,Midwest,Home,Loyalty,32,968.65
2025-09-11,Midwest,Outdoor,Loyalty,27,2197.95
2025-09-11,Midwest,Beauty,Loyalty,19,2237.31
2025-09-11,West,Apparel,Loyalty,38,3711.56
2025-09-11,West,Electronics,New,13,257.4
2025-09-11,West,Home,New,23,1387.09
2025-09-11,West,Outdoor,Loyalty,13,737.72
2025-09-11,West,Beauty,New,33,3015.78
2025-09-12,Northeast,Apparel,New,27,2971.76
2025-09-12,Northeast,Electronics,New,38,3912.11
2025-09-12,Northeast,Home,Loyalty,12,491
2025-09-12,Northeast,Outdoor,Loyalty,17,1010.89
2025-09-12,Northeast,Beauty,Loyalty,36,3120.05
2025-09-12,Southeast,Apparel,New,37,1190.86
2025-09-12,Southeast,Electronics,Loyalty,9,517.4
2025-09-12,Southeast,Home,Loyalty,35,853.06
2025-09-12,Southeast,Outdoor,New,26,2779.68
2025-09-12,Southeast,Beauty,New,38,1709.3
2025-09-12,Midwest,Apparel,Returning,13,460.28
2025-09-12,Midwest,Electronics,Returning,23,1519.68
2025-09-12,Midwest,Home,New,29,3325.59
2025-09-12,Midwest,Outdoor,New,23,366.82
2025-09-12,Midwest,Beauty,Loyalty,29,1127.36
2025-09-12,West,Apparel,Returning,21,458.07
2025-09-12,West,Electronics,Returning,24,2805.33
2025-09-12,West,Home,New,21,325.03
2025-09-12,West,Outdoor,Loyalty,20,998.52
2025-09-12,West,Beauty,Loyalty,37,1885.09
2025-09-13,Northeast,Apparel,Loyalty,37,1182.5
2025-09-13,Northeast,Electronics,New,6,219.46
2025-09-13,Northeast,Home,New,12,1355.69
2025-09-13,Northeast,Outdoor,Loyalty,18,1943.71
2025-09-13,Northeast,Beauty,Loyalty,24,1412.86
2025-09-13,Southeast,Apparel,Returning,20,428.38
2025-09-13,Southeast,Electronics,Loyalty,14,916.65
2025-09-13,Southeast,Home,New,31,1343.62
2025-09-13,Southeast,Outdoor,New,11,814.69
2025-09-13,Southeast,Beauty,New,27,1141.13
2025-09-13,Midwest,Apparel,New,5,560.57
2025-09-13,Midwest,Electronics,Loyalty,27,2753.74
2025-09-13,Midwest,Home,New,29,1076.3
2025-09-13,Midwest,Outdoor,New,40,3302
2025-09-13,Midwest,Beauty,Returning,23,1187.04
2025-09-13,West,Apparel,Loyalty,20,2016.06
2025-09-13,West,Electronics,New,38,2324.14
2025-09-13,West,Home,Loyalty,28,2088.33
2025-09-13,West,Outdoor,Loyalty,8,680.99
2025-09-13,West,Beauty,Returning,5,366.63
2025-09-14,Northeast,Apparel,New,23,951.64
2025-09-14,Northeast,Electronics,Returning,32,3589.53
2025-09-14,Northeast,Home,Returning,26,2411.59
2025-09-14,Northeast,Outdoor,Loyalty,37,3445.22
2025-09-14,Northeast,Beauty,Loyalty,15,1298.02
2025-09-14,Southeast,Apparel,Returning,36,912.99
2025-09-14,Southeast,Electronics,Returning,21,1185.43
2025-09-14,Southeast,Home,New,33,663.94
2025-09-14,Southeast,Outdoor,Loyalty,39,4016.2
2025-09-14,Southeast,Beauty,Loyalty,39,4631.15
2025-09-14,Midwest,Apparel,Loyalty,34,1906.27
2025-09-14,Midwest,Electronics,Returning,30,2108.29
2025-09-14,Midwest,Home,Loyalty,8,634.12
2025-09-14,Midwest,Outdoor,New,17,810.72
2025-09-14,Midwest,Beauty,Returning,30,675.53
2025-09-14,West,Apparel,Returning,20,2266.97
2025-09-14,West,Electronics,Loyalty,12,944.53
2025-09-14,West,Home,Loyalty,11,722.53
2025-09-14,West,Outdoor,New,25,2931.62
2025-09-14,West,Beauty,Returning,31,1978.87
2025-09-15,Northeast,Apparel,New,37,3678.71
2025-09-15,Northeast,Electronics,Returning,29,1177.74
2025-09-15,Northeast,Home,Loyalty,14,1664.72
2025-09-15,Northeast,Outdoor,Loyalty,22,2424.23
2025-09-15,Northeast,Beauty,Returning,14,1397.06
2025-09-15,Southeast,Apparel,Returning,34,610.22
2025-09-15,Southeast,Electronics,Loyalty,38,2830.78
2025-09-15,Southeast,Home,Returning,33,3466.98
2025-09-15,Southeast,Outdoor,Loyalty,9,918.02
2025-09-15,Southeast,Beauty,Returning,21,2512.82
2025-09-15,Midwest,Apparel,Returning,8,120.88
2025-09-15,Midwest,Electronics,New,29,778.5
2025-09-15,Midwest,Home,Loyalty,28,1121.99
2025-09-15,Midwest,Outdoor,New,8,274.42
2025-09-15,Midwest,Beauty,Returning,11,894.99
2025-09-15,West,Apparel,Loyalty,18,933.17
2025-09-15,West,Electronics,New,17,1240.76
2025-09-15,West,Home,Returning,21,1863.65
2025-09-15,West,Outdoor,Loyalty,39,3680.51
2025-09-15,West,Beauty,Returning,7,393.07
2025-09-16,Northeast,Apparel,New,24,2511
2025-09-16,Northeast,Electronics,New,29,532.27
2025-09-16,Northeast,Home,New,10,635.73
2025-09-16,Northeast,Outdoor,New,13,981.4
2025-09-16,Northeast,Beauty,Returning,6,118.79
2025-09-16,Southeast,Apparel,Loyalty,32,735.53
2025-09-16,Southeast,Electronics,Returning,36,743.74
2025-09-16,Southeast,Home,Loyalty,36,3048.15
2025-09-16,Southeast,Outdoor,New,39,751.36
2025-09-16,Southeast,Beauty,New,40,4309.41
2025-09-16,Midwest,Apparel,Returning,25,2326.39
2025-09-16,Midwest,Electronics,Returning,26,1042.82
2025-09-16,Midwest,Home,Loyalty,16,1404.52
2025-09-16,Midwest,Outdoor,Returning,7,126.58
2025-09-16,Midwest,Beauty,Returning,15,1658.72
2025-09-16,West,Apparel,Loyalty,20,346.34
2025-09-16,West,Electronics,Loyalty,16,1826.08
2025-09-16,West,Home,Returning,29,3284.41
2025-09-16,West,Outdoor,New,6,559.64
2025-09-16,West,Beauty,New,39,1664.57
2025-09-17,Northeast,Apparel,Loyalty,38,1535.76
2025-09-17,Northeast,Electronics,Returning,29,1426
2025-09-17,Northeast,Home,Loyalty,20,950.79
2025-09-17,Northeast,Outdoor,New,37,3311.34
2025-09-17,Northeast,Beauty,Returning,8,604.4
2025-09-17,Southeast,Apparel,New,11,534.3
2025-09-17,Southeast,Electronics,New,18,1211.13
2025-09-17,Southeast,Home,New,31,2646.21
2025-09-17,Southeast,Outdoor,Returning,20,1784.1
2025-09-17,Southeast,Beauty,New,21,1933.17
2025-09-17,Midwest,Apparel,New,36,3207.2
2025-09-17,Midwest,Electronics,Returning,10,710.47
2025-09-17,Midwest,Home,Loyalty,32,3679.04
2025-09-17,Midwest,Outdoor,Returning,33,692.93
2025-09-17,Midwest,Beauty,New,30,1883.3
2025-09-17,West,Apparel,New,14,1264.75
2025-09-17,West,Electronics,Returning,37,986.46
2025-09-17,West,Home,Loyalty,29,2133.7
2025-09-17,West,Outdoor,Returning,30,1964.16
2025-09-17,West,Beauty,New,6,164.82
2025-09-18,Northeast,Apparel,New,10,306.25
2025-09-18,Northeast,Electronics,New,32,3425.99
2025-09-18,Northeast,Home,New,30,3362.07
2025-09-18,Northeast,Outdoor,Returning,37,2502.62
2025-09-18,Northeast,Beauty,Returning,28,2515.46
2025-09-18,Southeast,Apparel,Returning,24,2851.95
2025-09-18,Southeast,Electronics,New,35,1100.02
2025-09-18,Southeast,Home,Loyalty,34,607.72
2025-09-18,Southeast,Outdoor,Loyalty,7,640.59
2025-09-18,Southeast,Beauty,Returning,36,1423.46
2025-09-18,Midwest,Apparel,New,24,1838.54
2025-09-18,Midwest,Electronics,Loyalty,36,1548.09
2025-09-18,Midwest,Home,Returning,5,352.24
2025-09-18,Midwest,Outdoor,Returning,29,1224.1
2025-09-18,Midwest,Beauty,Loyalty,33,3647.1
2025-09-18,West,Apparel,Returning,16,1683.29
2025-09-18,West,Electronics,New,40,2343.33
2025-09-18,West,Home,Loyalty,6,304.68
2025-09-18,West,Outdoor,Returning,34,2812.09
2025-09-18,West,Beauty,Loyalty,31,3080.16
2025-09-19,Northeast,Apparel,New,11,1023.51
2025-09-19,Northeast,Electronics,Loyalty,20,1669.08
2025-09-19,Northeast,Home,New,26,1684.39
2025-09-19,Northeast,Outdoor,Loyalty,13,853.12
2025-09-19,Northeast,Beauty,Loyalty,27,952.78
2025-09-19,Southeast,Apparel,New,29,3407.85
2025-09-19,Southeast,Electronics,New,23,2156.8
2025-09-19,Southeast,Home,Returning,10,646.52
2025-09-19,Southeast,Outdoor,Returning,14,1195.72
2025-09-19,Southeast,Beauty,New,9,471.3
2025-09-19,Midwest,Apparel,Returning,15,694.86
2025-09-19,Midwest,Electronics,Loyalty,21,2326.62
2025-09-19,Midwest,Home,Returning,13,318.07
2025-09-19,Midwest,Outdoor,Returning,39,1017.79
2025-09-19,Midwest,Beauty,Returning,8,476.28
2025-09-19,West,Apparel,Loyalty,21,715.29
2025-09-19,West,Electronics,Returning,15,1199
2025-09-19,West,Home,Loyalty,20,2125.67
2025-09-19,West,Outdoor,New,22,2496.31
2025-09-19,West,Beauty,Loyalty,24,2859.22
2025-09-20,Northeast,Apparel,Loyalty,5,139.42
2025-09-20,Northeast,Electronics,Returning,34,3457.89
2025-09-20,Northeast,Home,Returning,31,1650.67
2025-09-20,Northeast,Outdoor,New,23,2137.2
2025-09-20,Northeast,Beauty,Loyalty,36,1338.04
2025-09-20,Southeast,Apparel,Loyalty,39,2154.63
2025-09-20,Southeast,Electronics,Loyalty,25,2101.22
2025-09-20,Southeast,Home,Loyalty,18,1374.43
2025-09-20,Southeast,Outdoor,New,38,4008.44
2025-09-20,Southeast,Beauty,Loyalty,10,468.51
2025-09-20,Midwest,Apparel,New,17,1214.32
2025-09-20,Midwest,Electronics,New,28,1409.26
2025-09-20,Midwest,Home,Loyalty,12,870.49
2025-09-20,Midwest,Outdoor,Returning,11,934.74
2025-09-20,Midwest,Beauty,New,32,1983.22
2025-09-20,West,Apparel,Loyalty,5,293.34
2025-09-20,West,Electronics,Returning,32,2316.7
2025-09-20,West,Home,New,35,3457.29
2025-09-20,West,Outdoor,Returning,32,1725.39
2025-09-20,West,Beauty,Returning,33,3949.46
2025-09-21,Northeast,Apparel,New,14,1009.71
2025-09-21,Northeast,Electronics,Returning,28,438.62
2025-09-21,Northeast,Home,New,38,2697.1
2025-09-21,Northeast,Outdoor,New,29,2722.82
2025-09-21,Northeast,Beauty,New,25,808.35
2025-09-21,Southeast,Apparel,Returning,28,1277.09
2025-09-21,Southeast,Electronics,Loyalty,37,2823.13
2025-09-21,Southeast,Home,Returning,7,686.69
2025-09-21,Southeast,Outdoor,New,8,749.34
2025-09-21,Southeast,Beauty,Returning,11,1223.99
2025-09-21,Midwest,Apparel,New,32,2810.12
2025-09-21,Midwest,Electronics,Loyalty,32,1155.99
2025-09-21,Midwest,Home,Returning,30,2574.07
2025-09-21,Midwest,Outdoor,New,10,818.74
2025-09-21,Midwest,Beauty,Returning,35,3996.84
2025-09-21,West,Apparel,Returning,16,706.38
2025-09-21,West,Electronics,Returning,30,3248.44
2025-09-21,West,Home,New,17,1191.73
2025-09-21,West,Outdoor,New,39,2749.12
2025-09-21,West,Beauty,Returning,17,1634.69
2025-09-22,Northeast,Apparel,New,10,1163.78
2025-09-22,Northeast,Electronics,Loyalty,25,789.04
2025-09-22,Northeast,Home,Returning,34,541.66
2025-09-22,Northeast,Outdoor,Loyalty,5,119.33
2025-09-22,Northeast,Beauty,New,39,2997.93
2025-09-22,Southeast,Apparel,Returning,15,1659.86
2025-09-22,Southeast,Electronics,New,17,1934.52
2025-09-22,Southeast,Home,New,32,2218.27
2025-09-22,Southeast,Outdoor,New,20,527.9
2025-09-22,Southeast,Beauty,New,35,1638.89
2025-09-22,Midwest,Apparel,Loyalty,14,1602.03
2025-09-22,Midwest,Electronics,Loyalty,30,1124.85
2025-09-22,Midwest,Home,Loyalty,38,3550.35
2025-09-22,Midwest,Outdoor,New,26,1930.95
2025-09-22,Midwest,Beauty,New,7,515.75
2025-09-22,West,Apparel,Loyalty,28,1442.33
2025-09-22,West,Electronics,Loyalty,19,1254.58
2025-09-22,West,Home,Returning,12,1296.65
2025-09-22,West,Outdoor,New,11,665.99
2025-09-22,West,Beauty,Returning,11,449.4
2025-09-23,Northeast,Apparel,Returning,35,3609.83
2025-09-23,Northeast,Electronics,New,18,527.17
2025-09-23,Northeast,Home,Loyalty,33,891.35
2025-09-23,Northeast,Outdoor,New,26,2585.32
2025-09-23,Northeast,Beauty,Loyalty,38,621.18
2025-09-23,Southeast,Apparel,New,25,1176.2
2025-09-23,Southeast,Electronics,New,34,2801.17
2025-09-23,Southeast,Home,Returning,19,1550.68
2025-09-23,Southeast,Outdoor,Loyalty,28,3240.46
2025-09-23,Southeast,Beauty,Loyalty,21,720.71
2025-09-23,Midwest,Apparel,Loyalty,19,285.51
2025-09-23,Midwest,Electronics,New,37,1709.95
2025-09-23,Midwest,Home,Loyalty,24,2540.95
2025-09-23,Midwest,Outdoor,Loyalty,26,3035.7
2025-09-23,Midwest,Beauty,Loyalty,37,2772.04
2025-09-23,West,Apparel,New,28,1032.8
2025-09-23,West,Electronics,New,22,750.65
2025-09-23,West,Home,Returning,35,3561.26
2025-09-23,West,Outdoor,Loyalty,22,1664.8
2025-09-23,West,Beauty,Returning,15,1477.8
2025-09-24,Northeast,Apparel,New,30,2194.06
2025-09-24,Northeast,Electronics,Loyalty,29,3206.74
2025-09-24,Northeast,Home,New,8,320.59
2025-09-24,Northeast,Outdoor,New,18,1086.83
2025-09-24,Northeast,Beauty,Loyalty,6,532.82
2025-09-24,Southeast,Apparel,Returning,30,685.61
2025-09-24,Southeast,Electronics,New,21,463.72
2025-09-24,Southeast,Home,Loyalty,39,1804.57
2025-09-24,Southeast,Outdoor,Returning,8,558.77
2025-09-24,Southeast,Beauty,New,34,2256.87
2025-09-24,Midwest,Apparel,Returning,32,2720.74
2025-09-24,Midwest,Electronics,New,22,699.75
2025-09-24,Midwest,Home,Loyalty,35,3261.77
2025-09-24,Midwest,Outdoor,New,19,1917
2025-09-24,Midwest,Beauty,Returning,8,340.77
2025-09-24,West,Apparel,Returning,34,3715.18
2025-09-24,West,Electronics,Loyalty,39,4106.05
2025-09-24,West,Home,Loyalty,37,878.14
2025-09-24,West,Outdoor,Loyalty,8,209.19
2025-09-24,West,Beauty,Returning,23,2229.31
2025-09-25,Northeast,Apparel,Loyalty,28,1122.34
2025-09-25,Northeast,Electronics,Returning,14,975.4
2025-09-25,Northeast,Home,New,28,2442.82
2025-09-25,Northeast,Outdoor,New,16,335.74
2025-09-25,Northeast,Beauty,New,8,948.45
2025-09-25,Southeast,Apparel,Loyalty,37,3629.06
2025-09-25,Southeast,Electronics,New,21,972.21
2025-09-25,Southeast,Home,Returning,12,1314.61
2025-09-25,Southeast,Outdoor,New,24,2438.1
2025-09-25,Southeast,Beauty,Returning,10,527.24
2025-09-25,Midwest,Apparel,Loyalty,10,648.89
2025-09-25,Midwest,Electronics,New,25,604.88
2025-09-25,Midwest,Home,New,33,1244.48
2025-09-25,Midwest,Outdoor,New,13,1044.53
2025-09-25,Midwest,Beauty,Loyalty,37,2543.78
2025-09-25,West,Apparel,Returning,32,788.33
2025-09-25,West,Electronics,Loyalty,36,939.4
2025-09-25,West,Home,New,20,1752.39
2025-09-25,West,Outdoor,Loyalty,11,1291.51
2025-09-25,West,Beauty,New,5,240.41
2025-09-26,Northeast,Apparel,Returning,36,2563.53
2025-09-26,Northeast,Electronics,Returning,27,3051.76
2025-09-26,Northeast,Home,Returning,14,869.37
2025-09-26,Northeast,Outdoor,New,20,583.25
2025-09-26,Northeast,Beauty,Returning,23,1654.8
2025-09-26,Southeast,Apparel,New,31,703.71
2025-09-26,Southeast,Electronics,New,37,3458.59
2025-09-26,Southeast,Home,Loyalty,26,2308.7
2025-09-26,Southeast,Outdoor,New,9,822.34
2025-09-26,Southeast,Beauty,New,20,2200.08
2025-09-26,Midwest,Apparel,New,32,1696.64
2025-09-26,Midwest,Electronics,Loyalty,24,821.89
2025-09-26,Midwest,Home,New,37,2727.34
2025-09-26,Midwest,Outdoor,New,14,1283.11
2025-09-26,Midwest,Beauty,Returning,29,1154.24
2025-09-26,West,Apparel,New,15,1290.2
2025-09-26,West,Electronics,Returning,22,570.64
2025-09-26,West,Home,Returning,8,159.57
2025-09-26,West,Outdoor,Returning,36,3660.4
2025-09-26,West,Beauty,Returning,28,1355.97
2025-09-27,Northeast,Apparel,Loyalty,29,1668.8
2025-09-27,Northeast,Electronics,New,32,2049.8
2025-09-27,Northeast,Home,Returning,21,1995.37
2025-09-27,Northeast,Outdoor,Loyalty,25,759.01
2025-09-27,Northeast,Beauty,Loyalty,35,2268.21
2025-09-27,Southeast,Apparel,Loyalty,39,4034.57
2025-09-27,Southeast,Electronics,Loyalty,40,3969.78
2025-09-27,Southeast,Home,New,37,2175.48
2025-09-27,Southeast,Outdoor,New,17,947.9
2025-09-27,Southeast,Beauty,New,24,2219.81
2025-09-27,Midwest,Apparel,New,37,1985.11
2025-09-27,Midwest,Electronics,New,12,1423.04
2025-09-27,Midwest,Home,Returning,8,247.67
2025-09-27,Midwest,Outdoor,New,23,2324.29
2025-09-27,Midwest,Beauty,Returning,20,1754.05
2025-09-27,West,Apparel,New,8,152.95
2025-09-27,West,Electronics,New,21,427.9
2025-09-27,West,Home,Loyalty,35,3089.6
2025-09-27,West,Outdoor,Returning,38,2246.16
2025-09-27,West,Beauty,Returning,28,1030.75
2025-09-28,Northeast,Apparel,New,21,961.27
2025-09-28,Northeast,Electronics,New,10,1088.26
2025-09-28,Northeast,Home,Loyalty,36,2962.47
2025-09-28,Northeast,Outdoor,Returning,35,587.59
2025-09-28,Northeast,Beauty,Loyalty,17,1261.73
2025-09-28,Southeast,Apparel,New,19,1331.17
2025-09-28,Southeast,Electronics,Loyalty,13,1118.48
2025-09-28,Southeast,Home,Returning,14,827.68
2025-09-28,Southeast,Outdoor,Loyalty,35,2352.84
2025-09-28,Southeast,Beauty,New,27,1989.35
2025-09-28,Midwest,Apparel,Returning,28,802.4
2025-09-28,Midwest,Electronics,Returning,18,1077.99
2025-09-28,Midwest,Home,New,29,1199.83
2025-09-28,Midwest,Outdoor,Returning,33,1150.48
2025-09-28,Midwest,Beauty,Loyalty,31,3215.75
2025-09-28,West,Apparel,Loyalty,11,1076.23
2025-09-28,West,Electronics,Returning,40,3042.89
2025-09-28,West,Home,New,14,448.15
2025-09-28,West,Outdoor,Loyalty,14,1238.86
2025-09-28,West,Beauty,New,11,1197.27
2025-09-29,Northeast,Apparel,Loyalty,22,660
2025-09-29,Northeast,Electronics,Returning,31,1068.05
2025-09-29,Northeast,Home,Returning,33,1467.47
2025-09-29,Northeast,Outdoor,Returning,21,1055.83
2025-09-29,Northeast,Beauty,Returning,35,2007.99
2025-09-29,Southeast,Apparel,New,23,555.07
2025-09-29,Southeast,Electronics,Returning,23,2647.67
2025-09-29,Southeast,Home,Loyalty,26,2441.53
2025-09-29,Southeast,Outdoor,New,27,3051.68
2025-09-29,Southeast,Beauty,Returning,20,468.66
2025-09-29,Midwest,Apparel,Loyalty,32,3561.4
2025-09-29,Midwest,Electronics,Returning,37,2644.32
2025-09-29,Midwest,Home,New,8,857.87
2025-09-29,Midwest,Outdoor,Returning,31,602.4
2025-09-29,Midwest,Beauty,Returning,24,1810.1
2025-09-29,West,Apparel,Returning,25,714.62
2025-09-29,West,Electronics,New,14,1175.13
2025-09-29,West,Home,Returning,17,1594.27
2025-09-29,West,Outdoor,Loyalty,27,982.45
2025-09-29,West,Beauty,New,32,2653.97
2025-09-30,Northeast,Apparel,New,32,2465.26
2025-09-30,Northeast,Electronics,Loyalty,39,2337.5
2025-09-30,Northeast,Home,Loyalty,17,1899.01
2025-09-30,Northeast,Outdoor,New,39,3606.27
2025-09-30,Northeast,Beauty,Loyalty,13,996.27
2025-09-30,Southeast,Apparel,Returning,22,1363.29
2025-09-30,Southeast,Electronics,Returning,36,1468.7
2025-09-30,Southeast,Home,Returning,30,1045.19
2025-09-30,Southeast,Outdoor,New,36,3549.6
2025-09-30,Southeast,Beauty,Returning,17,1149.79
2025-09-30,Midwest,Apparel,New,39,2611.51
2025-09-30,Midwest,Electronics,New,32,1774.15
2025-09-30,Midwest,Home,Returning,35,1212.98
2025-09-30,Midwest,Outdoor,New,39,1982.63
2025-09-30,Midwest,Beauty,Loyalty,37,1773.85
2025-09-30,West,Apparel,New,39,1162.17
2025-09-30,West,Electronics,Loyalty,39,4290.16
2025-09-30,West,Home,Loyalty,39,1102.9
2025-09-30,West,Outdoor,Returning,31,1764.45
2025-09-30,West,Beauty,New,30,1516.59
2025-10-01,Northeast,Apparel,New,28,1525.06
2025-10-01,Northeast,Electronics,New,9,668.96
2025-10-01,Northeast,Home,Returning,9,397.75
2025-10-01,Northeast,Outdoor,Loyalty,22,941.67
2025-10-01,Northeast,Beauty,Loyalty,44,2903.55
2025-10-01,Southeast,Apparel,Returning,44,3713.15
2025-10-01,Southeast,Electronics,Loyalty,21,1997.17
2025-10-01,Southeast,Home,Returning,19,645.25
2025-10-01,Southeast,Outdoor,Loyalty,17,1456.95
2025-10-01,Southeast,Beauty,New,48,4907.69
2025-10-01,Midwest,Apparel,Loyalty,25,1380.95
2025-10-01,Midwest,Electronics,New,15,1793.31
2025-10-01,Midwest,Home,New,38,4018.62
2025-10-01,Midwest,Outdoor,Returning,7,508.13
2025-10-01,Midwest,Beauty,Loyalty,19,902.46
2025-10-01,West,Apparel,Returning,38,3742.45
2025-10-01,West,Electronics,Loyalty,14,921.12
2025-10-01,West,Home,Loyalty,13,1148.76
2025-10-01,West,Outdoor,Loyalty,15,596.86
2025-10-01,West,Beauty,Returning,23,1866.69
2025-10-02,Northeast,Apparel,Returning,38,1883.36
2025-10-02,Northeast,Electronics,New,36,949.28
2025-10-02,Northeast,Home,New,48,4988.32
2025-10-02,Northeast,Outdoor,Loyalty,12,1240.71
2025-10-02,Northeast,Beauty,New,25,2681.9
2025-10-02,Southeast,Apparel,Returning,45,2968.47
2025-10-02,Southeast,Electronics,New,33,969.93
2025-10-02,Southeast,Home,Loyalty,38,2481.31
2025-10-02,Southeast,Outdoor,Loyalty,8,627.41
2025-10-02,Southeast,Beauty,New,28,1367.24
2025-10-02,Midwest,Apparel,Returning,38,1682.54
2025-10-02,Midwest,Electronics,Loyalty,40,811.16
2025-10-02,Midwest,Home,Returning,12,765.89
2025-10-02,Midwest,Outdoor,New,9,516.99
2025-10-02,Midwest,Beauty,New,36,3485.24
2025-10-02,West,Apparel,Loyalty,33,904.17
2025-10-02,West,Electronics,New,41,1726.37
2025-10-02,West,Home,New,45,1804.01
2025-10-02,West,Outdoor,New,15,472.13
2025-10-02,West,Beauty,Returning,18,1261.46
2025-10-03,Northeast,Apparel,New,16,1412.28
2025-10-03,Northeast,Electronics,Loyalty,13,1266.49
2025-10-03,Northeast,Home,New,24,690.87
2025-10-03,Northeast,Outdoor,Loyalty,14,576.27
2025-10-03,Northeast,Beauty,New,16,1346.69
2025-10-03,Southeast,Apparel,New,39,1254.33
2025-10-03,Southeast,Electronics,Loyalty,37,2798.69
2025-10-03,Southeast,Home,Loyalty,7,627.49
2025-10-03,Southeast,Outdoor,Returning,24,2802.79
2025-10-03,Southeast,Beauty,Returning,37,3935.98
2025-10-03,Midwest,Apparel,New,45,4665.71
2025-10-03,Midwest,Electronics,New,30,2864.19
2025-10-03,Midwest,Home,Loyalty,20,917.88
2025-10-03,Midwest,Outdoor,New,41,4717.95
2025-10-03,Midwest,Beauty,New,39,785.4
2025-10-03,West,Apparel,Returning,22,1051.37
2025-10-03,West,Electronics,Loyalty,20,1878.85
2025-10-03,West,Home,New,40,652.37
2025-10-03,West,Outdoor,Returning,8,368.55
2025-10-03,West,Beauty,Returning,29,1411.55
2025-10-04,Northeast,Apparel,Returning,10,884.97
2025-10-04,Northeast,Electronics,Loyalty,18,1384.61
2025-10-04,Northeast,Home,Returning,17,1778.31
2025-10-04,Northeast,Outdoor,New,23,2560.58
2025-10-04,Northeast,Beauty,New,39,4464.02
2025-10-04,Southeast,Apparel,Loyalty,45,2152.9
2025-10-04,Southeast,Electronics,Returning,8,948.41
2025-10-04,Southeast,Home,Returning,42,3267.44
2025-10-04,Southeast,Outdoor,Returning,47,872.13
2025-10-04,Southeast,Beauty,Loyalty,15,1138.84
2025-10-04,Midwest,Apparel,New,46,2856.05
2025-10-04,Midwest,Electronics,Returning,38,3458.47
2025-10-04,Midwest,Home,Loyalty,45,1696.33
2025-10-04,Midwest,Outdoor,Loyalty,7,816
2025-10-04,Midwest,Beauty,New,27,899.76
2025-10-04,West,Apparel,Returning,31,1357.92
2025-10-04,West,Electronics,Loyalty,26,1348.2
2025-10-04,West,Home,New,31,3466.43
2025-10-04,West,Outdoor,New,40,3555.83
2025-10-04,West,Beauty,New,29,1883.58
2025-10-05,Northeast,Apparel,Returning,18,1495.58
2025-10-05,Northeast,Electronics,Returning,44,2801.99
2025-10-05,Northeast,Home,Loyalty,40,2970.37
2025-10-05,Northeast,Outdoor,New,30,1914.59
2025-10-05,Northeast,Beauty,New,36,1246.53
2025-10-05,Southeast,Apparel,New,37,3862.46
2025-10-05,Southeast,Electronics,Loyalty,36,2263.01
2025-10-05,Southeast,Home,Loyalty,22,650.23
2025-10-05,Southeast,Outdoor,New,24,916.67
2025-10-05,Southeast,Beauty,Returning,8,193.12
2025-10-05,Midwest,Apparel,Returning,13,618.25
2025-10-05,Midwest,Electronics,Loyalty,21,1617.29
2025-10-05,Midwest,Home,New,42,774.54
2025-10-05,Midwest,Outdoor,New,26,2036.29
2025-10-05,Midwest,Beauty,Returning,13,872.71
2025-10-05,West,Apparel,New,13,971.77
2025-10-05,West,Electronics,Loyalty,21,2329.9
2025-10-05,West,Home,New,19,965.99
2025-10-05,West,Outdoor,New,42,3006.13
2025-10-05,West,Beauty,New,42,4602.44
2025-10-06,Northeast,Apparel,Returning,35,2911.43
2025-10-06,Northeast,Electronics,Loyalty,42,3274.48
2025-10-06,Northeast,Home,Returning,41,3857.14
2025-10-06,Northeast,Outdoor,Returning,40,3976.96
2025-10-06,Northeast,Beauty,Returning,48,5087.31
2025-10-06,Southeast,Apparel,Loyalty,12,659.85
2025-10-06,Southeast,Electronics,Loyalty,9,879.95
2025-10-06,Southeast,Home,Returning,11,358.2
2025-10-06,Southeast,Outdoor,Returning,25,2414.61
2025-10-06,Southeast,Beauty,Returning,41,3107.25
2025-10-06,Midwest,Apparel,Returning,16,1191.47
2025-10-06,Midwest,Electronics,Loyalty,10,1030.95
2025-10-06,Midwest,Home,New,26,1645.8
2025-10-06,Midwest,Outdoor,Loyalty,47,3955.34
2025-10-06,Midwest,Beauty,Returning,21,2166.89
2025-10-06,West,Apparel,New,13,824.95
2025-10-06,West,Electronics,Returning,48,5539.08
2025-10-06,West,Home,New,33,2358.8
2025-10-06,West,Outdoor,New,30,1715.56
2025-10-06,West,Beauty,New,30,2106.87
2025-10-07,Northeast,Apparel,Loyalty,22,1448.79
2025-10-07,Northeast,Electronics,Loyalty,41,1004.87
2025-10-07,Northeast,Home,Loyalty,29,3019.43
2025-10-07,Northeast,Outdoor,Loyalty,22,1982.12
2025-10-07,Northeast,Beauty,Returning,27,2827.66
2025-10-07,Southeast,Apparel,Loyalty,30,1908.66
2025-10-07,Southeast,Electronics,Loyalty,13,1086
2025-10-07,Southeast,Home,New,19,1513
2025-10-07,Southeast,Outdoor,New,33,2374.32
2025-10-07,Southeast,Beauty,Loyalty,33,1455.67
2025-10-07,Midwest,Apparel,Returning,12,182.75
2025-10-07,Midwest,Electronics,Returning,41,1580.04
2025-10-07,Midwest,Home,New,33,1050.19
2025-10-07,Midwest,Outdoor,Loyalty,14,1628.68
2025-10-07,Midwest,Beauty,Returning,43,2624.58
2025-10-07,West,Apparel,Loyalty,21,2190.63
2025-10-07,West,Electronics,New,39,3658.96
2025-10-07,West,Home,New,15,421.56
2025-10-07,West,Outdoor,New,31,3171.44
2025-10-07,West,Beauty,New,20,1745.21
2025-10-08,Northeast,Apparel,New,30,1920.97
2025-10-08,Northeast,Electronics,Loyalty,29,3440.81
2025-10-08,Northeast,Home,Returning,12,688.98
2025-10-08,Northeast,Outdoor,Loyalty,12,1407.57
2025-10-08,Northeast,Beauty,New,29,2174.51
2025-10-08,Southeast,Apparel,Loyalty,15,1205.27
2025-10-08,Southeast,Electronics,New,45,4260.28
2025-10-08,Southeast,Home,Loyalty,10,719.32
2025-10-08,Southeast,Outdoor,New,15,1558.76
2025-10-08,Southeast,Beauty,New,18,1113.07
2025-10-08,Midwest,Apparel,New,35,3896.79
2025-10-08,Midwest,Electronics,New,22,790.31
2025-10-08,Midwest,Home,Returning,38,1909.78
2025-10-08,Midwest,Outdoor,Loyalty,36,2649.16
2025-10-08,Midwest,Beauty,Returning,38,792.47
2025-10-08,West,Apparel,New,35,838.31
2025-10-08,West,Electronics,Loyalty,41,2326.74
2025-10-08,West,Home,New,6,502.47
2025-10-08,West,Outdoor,Returning,23,1477.1
2025-10-08,West,Beauty,Returning,46,2057.46
2025-10-09,Northeast,Apparel,New,13,536.41
2025-10-09,Northeast,Electronics,Returning,45,2383.96
2025-10-09,Northeast,Home,Loyalty,45,2227.97
2025-10-09,Northeast,Outdoor,Returning,21,1101.58
2025-10-09,Northeast,Beauty,Returning,14,509.6
2025-10-09,Southeast,Apparel,New,19,900.63
2025-10-09,Southeast,Electronics,New,7,186.11
2025-10-09,Southeast,Home,Loyalty,31,1619.77
2025-10-09,Southeast,Outdoor,Loyalty,42,908.14
2025-10-09,Southeast,Beauty,Returning,18,1458.75
2025-10-09,Midwest,Apparel,Loyalty,9,253.22
2025-10-09,Midwest,Electronics,New,28,2679.51
2025-10-09,Midwest,Home,Loyalty,15,748.67
2025-10-09,Midwest,Outdoor,Returning,21,461.85
2025-10-09,Midwest,Beauty,New,47,2124.11
2025-10-09,West,Apparel,Returning,16,679.36
2025-10-09,West,Electronics,Returning,32,3667.09
2025-10-09,West,Home,Returning,47,4775.8
2025-10-09,West,Outdoor,New,46,1915.05
2025-10-09,West,Beauty,Loyalty,32,1132.2
2025-10-10,Northeast,Apparel,Returning,37,2308.54
2025-10-10,Northeast,Electronics,New,47,1656.25
2025-10-10,Northeast,Home,Returning,36,766.07
2025-10-10,Northeast,Outdoor,Returning,22,867.3
2025-10-10,Northeast,Beauty,Loyalty,23,1760.45
2025-10-10,Southeast,Apparel,New,36,2402.28
2025-10-10,Southeast,Electronics,New,39,783.57
2025-10-10,Southeast,Home,New,25,692.01
2025-10-10,Southeast,Outdoor,Loyalty,22,361.77
2025-10-10,Southeast,Beauty,New,37,923.85
2025-10-10,Midwest,Apparel,Returning,14,1517.73
2025-10-10,Midwest,Electronics,New,40,1711.39
2025-10-10,Midwest,Home,Loyalty,12,237.22
2025-10-10,Midwest,Outdoor,Returning,13,338.95
2025-10-10,Midwest,Beauty,New,43,2171.26
2025-10-10,West,Apparel,Returning,27,1712.28
2025-10-10,West,Electronics,Returning,30,2547.42
2025-10-10,West,Home,Loyalty,29,2125.13
2025-10-10,West,Outdoor,Returning,16,1911.72
2025-10-10,West,Beauty,Returning,25,2725.2
2025-10-11,Northeast,Apparel,Loyalty,40,4617.74
2025-10-11,Northeast,Electronics,New,9,648.56
2025-10-11,Northeast,Home,New,19,1815.97
2025-10-11,Northeast,Outdoor,Returning,21,2050.33
2025-10-11,Northeast,Beauty,Loyalty,29,3459.32
2025-10-11,Southeast,Apparel,New,40,3914.03
2025-10-11,Southeast,Electronics,New,15,1483.64
2025-10-11,Southeast,Home,Returning,46,3981.87
2025-10-11,Southeast,Outdoor,Loyalty,28,1136.27
2025-10-11,Southeast,Beauty,Returning,22,1880.18
2025-10-11,Midwest,Apparel,Returning,13,829.12
2025-10-11,Midwest,Electronics,Loyalty,14,983.65
2025-10-11,Midwest,Home,Loyalty,33,1933.58
2025-10-11,Midwest,Outdoor,Loyalty,20,477.57
2025-10-11,Midwest,Beauty,Loyalty,6,253.13
2025-10-11,West,Apparel,New,45,2708.69
2025-10-11,West,Electronics,New,47,3610.73
2025-10-11,West,Home,Loyalty,36,3916.01
2025-10-11,West,Outdoor,Returning,34,2496.59
2025-10-11,West,Beauty,Returning,6,111.79
2025-10-12,Northeast,Apparel,Loyalty,8,728.91
2025-10-12,Northeast,Electronics,New,37,3904.11
2025-10-12,Northeast,Home,Returning,26,1841.13
2025-10-12,Northeast,Outdoor,Loyalty,22,1502.27
2025-10-12,Northeast,Beauty,Returning,42,959.76
2025-10-12,Southeast,Apparel,Returning,32,1729.06
2025-10-12,Southeast,Electronics,Returning,6,160.37
2025-10-12,Southeast,Home,Returning,32,1033.86
2025-10-12,Southeast,Outdoor,Loyalty,43,3828.23
2025-10-12,Southeast,Beauty,New,43,4213.89
2025-10-12,Midwest,Apparel,New,45,4897.2
2025-10-12,Midwest,Electronics,Loyalty,48,3870.01
2025-10-12,Midwest,Home,New,14,978.05
2025-10-12,Midwest,Outdoor,Returning,8,896.99
2025-10-12,Midwest,Beauty,Returning,38,1942.56
2025-10-12,West,Apparel,Loyalty,15,1348.53
2025-10-12,West,Electronics,New,25,904.54
2025-10-12,West,Home,New,39,1858.14
2025-10-12,West,Outdoor,Returning,41,3565.57
2025-10-12,West,Beauty,Returning,46,1042.68
2025-10-13,Northeast,Apparel,Loyalty,14,228.02
2025-10-13,Northeast,Electronics,Loyalty,31,2197.01
2025-10-13,Northeast,Home,New,11,207.18
2025-10-13,Northeast,Outdoor,Returning,7,533.86
2025-10-13,Northeast,Beauty,Loyalty,8,511.54
2025-10-13,Southeast,Apparel,New,40,970.33
2025-10-13,Southeast,Electronics,Returning,36,2342.14
2025-10-13,Southeast,Home,New,21,1070.11
2025-10-13,Southeast,Outdoor,Returning,37,2009.18
2025-10-13,Southeast,Beauty,New,13,510.55
2025-10-13,Midwest,Apparel,New,6,677.04
2025-10-13,Midwest,Electronics,Loyalty,27,1654.06
2025-10-13,Midwest,Home,New,18,588.19
2025-10-13,Midwest,Outdoor,Returning,23,2244.92
2025-10-13,Midwest,Beauty,Loyalty,38,906.1
2025-10-13,West,Apparel,Returning,24,2414.39
2025-10-13,West,Electronics,Returning,28,1638.19
2025-10-13,West,Home,Returning,25,697.03
2025-10-13,West,Outdoor,Loyalty,33,2928.32
2025-10-13,West,Beauty,Loyalty,19,947.64
2025-10-14,Northeast,Apparel,New,8,298.65
2025-10-14,Northeast,Electronics,New,6,106.51
2025-10-14,Northeast,Home,Returning,8,668.18
2025-10-14,Northeast,Outdoor,New,23,1176.98
2025-10-14,Northeast,Beauty,Loyalty,20,523.32
2025-10-14,Southeast,Apparel,New,21,2146.14
2025-10-14,Southeast,Electronics,Loyalty,37,1597.83
2025-10-14,Southeast,Home,Loyalty,18,2018.07
2025-10-14,Southeast,Outdoor,Returning,16,1210.18
2025-10-14,Southeast,Beauty,Returning,20,1729.91
2025-10-14,Midwest,Apparel,New,47,2977.32
2025-10-14,Midwest,Electronics,Returning,35,2266.26
2025-10-14,Midwest,Home,Loyalty,26,498.24
2025-10-14,Midwest,Outdoor,New,21,1671.73
2025-10-14,Midwest,Beauty,New,30,3366.81
2025-10-14,West,Apparel,Returning,12,852.38
2025-10-14,West,Electronics,New,30,2263.31
2025-10-14,West,Home,Loyalty,22,441.65
2025-10-14,West,Outdoor,Loyalty,8,478.23
2025-10-14,West,Beauty,Loyalty,34,1186.59
2025-10-15,Northeast,Apparel,New,20,1383.88
2025-10-15,Northeast,Electronics,Loyalty,8,717.3
2025-10-15,Northeast,Home,Loyalty,44,2900.13
2025-10-15,Northeast,Outdoor,Returning,22,1488.04
2025-10-15,Northeast,Beauty,Loyalty,45,4149.1
2025-10-15,Southeast,Apparel,Returning,46,1922.05
2025-10-15,Southeast,Electronics,New,31,2857.39
2025-10-15,Southeast,Home,Loyalty,37,3823.75
2025-10-15,Southeast,Outdoor,New,25,2217.95
2025-10-15,Southeast,Beauty,New,38,2319.47
2025-10-15,Midwest,Apparel,Loyalty,31,926.15
2025-10-15,Midwest,Electronics,Loyalty,32,3546.84
2025-10-15,Midwest,Home,New,37,1592.07
2025-10-15,Midwest,Outdoor,Returning,26,1675.75
2025-10-15,Midwest,Beauty,Loyalty,36,831.16
2025-10-15,West,Apparel,Returning,35,750.86
2025-10-15,West,Electronics,New,32,605.47
2025-10-15,West,Home,New,36,1493.49
2025-10-15,West,Outdoor,New,19,1691.47
2025-10-15,West,Beauty,Returning,12,1051.29
2025-10-16,Northeast,Apparel,New,45,4437.52
2025-10-16,Northeast,Electronics,Loyalty,37,2092.64
2025-10-16,Northeast,Home,New,8,935.36
2025-10-16,Northeast,Outdoor,New,43,1447.64
2025-10-16,Northeast,Beauty,Returning,15,1411.99
2025-10-16,Southeast,Apparel,New,30,2882.19
2025-10-16,Southeast,Electronics,Returning,37,2368.96
2025-10-16,Southeast,Home,Loyalty,34,3772.85
2025-10-16,Southeast,Outdoor,New,26,2837.63
2025-10-16,Southeast,Beauty,Loyalty,44,851.32
2025-10-16,Midwest,Apparel,Loyalty,33,947.8
2025-10-16,Midwest,Electronics,New,46,2196.3
2025-10-16,Midwest,Home,Loyalty,36,3500.58
2025-10-16,Midwest,Outdoor,New,41,1063.46
2025-10-16,Midwest,Beauty,Loyalty,21,348.6
2025-10-16,West,Apparel,Loyalty,25,822.52
2025-10-16,West,Electronics,Returning,45,4951.77
2025-10-16,West,Home,Returning,37,1214.8
2025-10-16,West,Outdoor,New,24,1837.82
2025-10-16,West,Beauty,New,43,2874.37
2025-10-17,Northeast,Apparel,New,8,332.53
2025-10-17,Northeast,Electronics,New,9,564.44
2025-10-17,Northeast,Home,Returning,13,514.49
2025-10-17,Northeast,Outdoor,Returning,44,892.33
2025-10-17,Northeast,Beauty,Returning,37,2496.86
2025-10-17,Southeast,Apparel,New,19,358.47
2025-10-17,Southeast,Electronics,New,24,2264.7
2025-10-17,Southeast,Home,Returning,21,1012.43
2025-10-17,Southeast,Outdoor,Returning,20,320.88
2025-10-17,Southeast,Beauty,Returning,28,1038.73
2025-10-17,Midwest,Apparel,Loyalty,33,495.05
2025-10-17,Midwest,Electronics,Loyalty,22,1813.06
2025-10-17,Midwest,Home,Loyalty,13,561.89
2025-10-17,Midwest,Outdoor,Loyalty,45,2069.7
2025-10-17,Midwest,Beauty,New,40,2870.38
2025-10-17,West,Apparel,New,14,589.09
2025-10-17,West,Electronics,Loyalty,27,3087.41
2025-10-17,West,Home,Loyalty,41,3983.59
2025-10-17,West,Outdoor,New,11,225.62
2025-10-17,West,Beauty,Loyalty,25,2791.19
2025-10-18,Northeast,Apparel,New,39,3724.89
2025-10-18,Northeast,Electronics,Returning,39,2736.94
2025-10-18,Northeast,Home,Loyalty,33,719.51
2025-10-18,Northeast,Outdoor,Loyalty,45,835.65
2025-10-18,Northeast,Beauty,New,35,1744.86
2025-10-18,Southeast,Apparel,Returning,37,1709.33
2025-10-18,Southeast,Electronics,New,28,1799.55
2025-10-18,Southeast,Home,Loyalty,25,2946.48
2025-10-18,Southeast,Outdoor,New,46,2330.37
2025-10-18,Southeast,Beauty,Returning,25,2777.14
2025-10-18,Midwest,Apparel,Loyalty,27,2245.57
2025-10-18,Midwest,Electronics,New,29,3227.51
2025-10-18,Midwest,Home,Returning,27,1356.67
2025-10-18,Midwest,Outdoor,Returning,37,3432.44
2025-10-18,Midwest,Beauty,New,28,1859.95
2025-10-18,West,Apparel,Returning,30,940.64
2025-10-18,West,Electronics,Returning,36,3379.7
2025-10-18,West,Home,Returning,33,1127.42
2025-10-18,West,Outdoor,Returning,44,2858.5
2025-10-18,West,Beauty,Loyalty,29,463.3
2025-10-19,Northeast,Apparel,Returning,30,3148.93
2025-10-19,Northeast,Electronics,Loyalty,38,4085.05
2025-10-19,Northeast,Home,Returning,6,328.8
2025-10-19,Northeast,Outdoor,Loyalty,9,514.96
2025-10-19,Northeast,Beauty,Loyalty,30,2047.1
2025-10-19,Southeast,Apparel,Returning,27,3150.62
2025-10-19,Southeast,Electronics,New,15,1579.75
2025-10-19,Southeast,Home,Loyalty,10,162.13
2025-10-19,Southeast,Outdoor,New,10,583.58
2025-10-19,Southeast,Beauty,Returning,46,1373.4
2025-10-19,Midwest,Apparel,New,14,298.36
2025-10-19,Midwest,Electronics,New,34,3228.17
2025-10-19,Midwest,Home,New,39,3574.32
2025-10-19,Midwest,Outdoor,New,43,2534.69
2025-10-19,Midwest,Beauty,New,20,641.7
2025-10-19,West,Apparel,Returning,16,299.75
2025-10-19,West,Electronics,Returning,18,1280.56
2025-10-19,West,Home,New,41,4243.12
2025-10-19,West,Outdoor,Returning,13,1091.51
2025-10-19,West,Beauty,Loyalty,36,2898.3
2025-10-20,Northeast,Apparel,Loyalty,26,1879.26
2025-10-20,Northeast,Electronics,Loyalty,13,1135.17
2025-10-20,Northeast,Home,New,28,1085.16
2025-10-20,Northeast,Outdoor,Returning,31,1234.78
2025-10-20,Northeast,Beauty,Returning,24,690.95
2025-10-20,Southeast,Apparel,New,23,1409.83
2025-10-20,Southeast,Electronics,Loyalty,31,1942.94
2025-10-20,Southeast,Home,New,14,1268.22
2025-10-20,Southeast,Outdoor,New,43,2344.88
2025-10-20,Southeast,Beauty,Returning,28,2332.35
2025-10-20,Midwest,Apparel,Loyalty,15,1510.39
2025-10-20,Midwest,Electronics,Loyalty,6,546.68
2025-10-20,Midwest,Home,Returning,45,908
2025-10-20,Midwest,Outdoor,Loyalty,18,1923.35
2025-10-20,Midwest,Beauty,New,11,705.47
2025-10-20,West,Apparel,Returning,41,4267.67
2025-10-20,West,Electronics,New,32,2319.39
2025-10-20,West,Home,Returning,19,2219.58
2025-10-20,West,Outdoor,Returning,31,1926.27
2025-10-20,West,Beauty,Returning,14,1657.38
2025-10-21,Northeast,Apparel,Loyalty,15,327.02
2025-10-21,Northeast,Electronics,New,37,3502.35
2025-10-21,Northeast,Home,Returning,37,852
2025-10-21,Northeast,Outdoor,Loyalty,48,4906
2025-10-21,Northeast,Beauty,New,36,1725.39
2025-10-21,Southeast,Apparel,Loyalty,48,2236.86
2025-10-21,Southeast,Electronics,New,17,1728.29
2025-10-21,Southeast,Home,Returning,39,719.38
2025-10-21,Southeast,Outdoor,Returning,9,144.19
2025-10-21,Southeast,Beauty,Returning,42,3342.9
2025-10-21,Midwest,Apparel,New,43,3177.76
2025-10-21,Midwest,Electronics,New,22,2488.03
2025-10-21,Midwest,Home,Returning,17,283.08
2025-10-21,Midwest,Outdoor,Returning,12,1303.49
2025-10-21,Midwest,Beauty,Returning,7,178.11
2025-10-21,West,Apparel,Loyalty,10,949.96
2025-10-21,West,Electronics,Returning,43,3924.62
2025-10-21,West,Home,Returning,16,851.78
2025-10-21,West,Outdoor,New,7,564.96
2025-10-21,West,Beauty,Returning,41,3021.55
2025-10-22,Northeast,Apparel,Loyalty,19,437.73
2025-10-22,Northeast,Electronics,New,19,1881.41
2025-10-22,Northeast,Home,Returning,47,2331.15
2025-10-22,Northeast,Outdoor,New,37,3429.43
2025-10-22,Northeast,Beauty,Returning,18,1393.04
2025-10-22,Southeast,Apparel,Loyalty,18,1230.63
2025-10-22,Southeast,Electronics,Loyalty,39,3644.58
2025-10-22,Southeast,Home,Returning,40,3142.58
2025-10-22,Southeast,Outdoor,Returning,29,2464.58
2025-10-22,Southeast,Beauty,New,37,3186.29
2025-10-22,Midwest,Apparel,New,11,350.64
2025-10-22,Midwest,Electronics,Loyalty,26,798.14
2025-10-22,Midwest,Home,Loyalty,48,5560.17
2025-10-22,Midwest,Outdoor,Returning,32,544.11
2025-10-22,Midwest,Beauty,Returning,26,2436.78
2025-10-22,West,Apparel,Loyalty,7,121.17
2025-10-22,West,Electronics,Loyalty,37,3467.17
2025-10-22,West,Home,New,18,1346.2
2025-10-22,West,Outdoor,New,33,3008.29
2025-10-22,West,Beauty,Returning,14,1042.97
2025-10-23,Northeast,Apparel,New,47,3585.14
2025-10-23,Northeast,Electronics,Loyalty,10,942.74
2025-10-23,Northeast,Home,Returning,18,1476.73
2025-10-23,Northeast,Outdoor,New,38,847.51
2025-10-23,Northeast,Beauty,Loyalty,41,1280.97
2025-10-23,Southeast,Apparel,Loyalty,28,2876.15
2025-10-23,Southeast,Electronics,Returning,14,1433.48
2025-10-23,Southeast,Home,Loyalty,29,3274.8
2025-10-23,Southeast,Outdoor,Loyalty,17,301.64
2025-10-23,Southeast,Beauty,Returning,45,1140.07
2025-10-23,Midwest,Apparel,Returning,22,1482.87
2025-10-23,Midwest,Electronics,New,19,2051.31
2025-10-23,Midwest,Home,New,43,955.35
2025-10-23,Midwest,Outdoor,New,22,1258.79
2025-10-23,Midwest,Beauty,New,26,2526.47
2025-10-23,West,Apparel,New,45,4364.11
2025-10-23,West,Electronics,Loyalty,30,3349.17
2025-10-23,West,Home,New,38,3125.63
2025-10-23,West,Outdoor,Loyalty,18,482.91
2025-10-23,West,Beauty,Loyalty,28,2138.3
2025-10-24,Northeast,Apparel,Loyalty,21,2076.22
2025-10-24,Northeast,Electronics,Returning,7,472.9
2025-10-24,Northeast,Home,Returning,34,2359.97
2025-10-24,Northeast,Outdoor,Loyalty,39,3101.68
2025-10-24,Northeast,Beauty,Loyalty,23,2504.66
2025-10-24,Southeast,Apparel,Loyalty,36,1791.91
2025-10-24,Southeast,Electronics,New,39,2996.09
2025-10-24,Southeast,Home,New,32,3777.08
2025-10-24,Southeast,Outdoor,Loyalty,29,2620.31
2025-10-24,Southeast,Beauty,Loyalty,21,1353.29
2025-10-24,Midwest,Apparel,Returning,43,4281.9
2025-10-24,Midwest,Electronics,Returning,11,1217.23
2025-10-24,Midwest,Home,New,34,2049.98
2025-10-24,Midwest,Outdoor,New,22,1215.55
2025-10-24,Midwest,Beauty,Loyalty,15,1443.32
2025-10-24,West,Apparel,New,39,3518.29
2025-10-24,West,Electronics,New,38,1890.17
2025-10-24,West,Home,New,10,566.92
2025-10-24,West,Outdoor,Loyalty,44,2799.64
2025-10-24,West,Beauty,Returning,24,1325.09
2025-10-25,Northeast,Apparel,Returning,7,754.53
2025-10-25,Northeast,Electronics,Returning,32,3451.77
2025-10-25,Northeast,Home,New,26,2685.62
2025-10-25,Northeast,Outdoor,New,31,3292.58
2025-10-25,Northeast,Beauty,Returning,30,2166.28
2025-10-25,Southeast,Apparel,Loyalty,38,3013.64
2025-10-25,Southeast,Electronics,Loyalty,37,1062.17
2025-10-25,Southeast,Home,Loyalty,43,2343.9
2025-10-25,Southeast,Outdoor,Returning,17,1018.8
2025-10-25,Southeast,Beauty,New,32,2590.8
2025-10-25,Midwest,Apparel,New,26,813.4
2025-10-25,Midwest,Electronics,Returning,28,776.43
2025-10-25,Midwest,Home,Loyalty,25,2818.23
2025-10-25,Midwest,Outdoor,Returning,18,718.82
2025-10-25,Midwest,Beauty,Returning,38,2591.8
2025-10-25,West,Apparel,New,16,1048.8
2025-10-25,West,Electronics,Returning,39,1312.38
2025-10-25,West,Home,Returning,38,3875.65
2025-10-25,West,Outdoor,Loyalty,18,822.2
2025-10-25,West,Beauty,New,28,966.64
2025-10-26,Northeast,Apparel,New,43,1014.07
2025-10-26,Northeast,Electronics,New,47,5593.62
2025-10-26,Northeast,Home,Returning,47,1200.03
2025-10-26,Northeast,Outdoor,Returning,42,2173.03
2025-10-26,Northeast,Beauty,Loyalty,30,2314.86
2025-10-26,Southeast,Apparel,New,7,335.53
2025-10-26,Southeast,Electronics,Returning,9,870.26
2025-10-26,Southeast,Home,Returning,30,2295.86
2025-10-26,Southeast,Outdoor,Returning,44,4856.51
2025-10-26,Southeast,Beauty,New,17,1346.26
2025-10-26,Midwest,Apparel,New,33,2377.89
2025-10-26,Midwest,Electronics,Loyalty,25,2460.93
2025-10-26,Midwest,Home,New,44,4774.65
2025-10-26,Midwest,Outdoor,Loyalty,38,3929.81
2025-10-26,Midwest,Beauty,New,6,407.92
2025-10-26,West,Apparel,Loyalty,20,548.55
2025-10-26,West,Electronics,Returning,15,949.38
2025-10-26,West,Home,Loyalty,35,3019.14
2025-10-26,West,Outdoor,Returning,33,2470.43
2025-10-26,West,Beauty,New,36,3826.36
2025-10-27,Northeast,Apparel,New,15,1727.8
2025-10-27,Northeast,Electronics,Returning,37,3856.44
2025-10-27,Northeast,Home,Returning,39,4306.17
2025-10-27,Northeast,Outdoor,New,19,773.18
2025-10-27,Northeast,Beauty,Returning,13,1513.61
2025-10-27,Southeast,Apparel,New,47,1572.32
2025-10-27,Southeast,Electronics,Returning,18,1361.95
2025-10-27,Southeast,Home,Returning,30,2286.26
2025-10-27,Southeast,Outdoor,New,11,886.63
2025-10-27,Southeast,Beauty,Returning,8,672.37
2025-10-27,Midwest,Apparel,New,29,1896.09
2025-10-27,Midwest,Electronics,New,27,3059.18
2025-10-27,Midwest,Home,Returning,23,1105.91
2025-10-27,Midwest,Outdoor,Returning,32,1439.34
2025-10-27,Midwest,Beauty,Returning,23,345.57
2025-10-27,West,Apparel,Loyalty,36,2538.84
2025-10-27,West,Electronics,Loyalty,43,2114.39
2025-10-27,West,Home,New,18,1619.05
2025-10-27,West,Outdoor,Loyalty,18,396.9
2025-10-27,West,Beauty,Loyalty,37,1524.05
2025-10-28,Northeast,Apparel,Loyalty,22,1011
2025-10-28,Northeast,Electronics,New,31,2059.82
2025-10-28,Northeast,Home,Returning,37,2421.41
2025-10-28,Northeast,Outdoor,Loyalty,44,1323.78
2025-10-28,Northeast,Beauty,Returning,34,2930.32
2025-10-28,Southeast,Apparel,Loyalty,23,1549.72
2025-10-28,Southeast,Electronics,Returning,10,969.71
2025-10-28,Southeast,Home,Loyalty,18,699.04
2025-10-28,Southeast,Outdoor,Returning,37,1284.37
2025-10-28,Southeast,Beauty,New,16,837.58
2025-10-28,Midwest,Apparel,Loyalty,28,2165.47
2025-10-28,Midwest,Electronics,Returning,10,1098.39
2025-10-28,Midwest,Home,Returning,27,674.69
2025-10-28,Midwest,Outdoor,New,40,2474.09
2025-10-28,Midwest,Beauty,Loyalty,23,611.82
2025-10-28,West,Apparel,Returning,37,3504.24
2025-10-28,West,Electronics,Loyalty,14,317.37
2025-10-28,West,Home,Returning,9,829.82
2025-10-28,West,Outdoor,Loyalty,7,666.7
2025-10-28,West,Beauty,Returning,46,1002.48
2025-10-29,Northeast,Apparel,Loyalty,7,656.03
2025-10-29,Northeast,Electronics,Loyalty,33,1925.72
2025-10-29,Northeast,Home,Returning,45,2884.27
2025-10-29,Northeast,Outdoor,Returning,21,1989.75
2025-10-29,Northeast,Beauty,New,13,420.48
2025-10-29,Southeast,Apparel,New,45,3425.34
2025-10-29,Southeast,Electronics,Returning,10,954.34
2025-10-29,Southeast,Home,Returning,17,1419.05
2025-10-29,Southeast,Outdoor,Loyalty,37,715.82
2025-10-29,Southeast,Beauty,Returning,37,1752.46
2025-10-29,Midwest,Apparel,New,9,323.4
2025-10-29,Midwest,Electronics,Returning,11,625.72
2025-10-29,Midwest,Home,New,22,1762.58
2025-10-29,Midwest,Outdoor,New,31,747.95
2025-10-29,Midwest,Beauty,Returning,6,331.48
2025-10-29,West,Apparel,New,46,1748.98
2025-10-29,West,Electronics,Loyalty,41,2317.44
2025-10-29,West,Home,Returning,14,618.58
2025-10-29,West,Outdoor,Loyalty,34,2212.12
2025-10-29,West,Beauty,New,12,1272.24
2025-10-30,Northeast,Apparel,Loyalty,16,896.9
2025-10-30,Northeast,Electronics,Returning,20,1128.58
2025-10-30,Northeast,Home,Returning,36,1385.25
2025-10-30,Northeast,Outdoor,New,29,2829.76
2025-10-30,Northeast,Beauty,New,29,2024.82
2025-10-30,Southeast,Apparel,New,16,327.08
2025-10-30,Southeast,Electronics,New,48,4101.84
2025-10-30,Southeast,Home,Loyalty,19,2098.24
2025-10-30,Southeast,Outdoor,Returning,21,2361.79
2025-10-30,Southeast,Beauty,New,40,4649.02
2025-10-30,Midwest,Apparel,New,27,1091.02
2025-10-30,Midwest,Electronics,Returning,7,465.97
2025-10-30,Midwest,Home,Returning,10,187.65
2025-10-30,Midwest,Outdoor,New,43,4395.49
2025-10-30,Midwest,Beauty,Returning,34,2493.45
2025-10-30,West,Apparel,Loyalty,19,564.58
2025-10-30,West,Electronics,New,40,2448.28
2025-10-30,West,Home,New,21,2207.89
2025-10-30,West,Outdoor,Returning,32,2036.25
2025-10-30,West,Beauty,Returning,22,1178.73
2025-10-31,Northeast,Apparel,New,29,1503.71
2025-10-31,Northeast,Electronics,Loyalty,23,2572.44
2025-10-31,Northeast,Home,Returning,27,2713.33
2025-10-31,Northeast,Outdoor,Loyalty,18,1283.82
2025-10-31,Northeast,Beauty,Loyalty,9,988.81
2025-10-31,Southeast,Apparel,Loyalty,9,459.84
2025-10-31,Southeast,Electronics,Loyalty,8,197.78
2025-10-31,Southeast,Home,Loyalty,31,2323.67
2025-10-31,Southeast,Outdoor,Loyalty,32,2221.32
2025-10-31,Southeast,Beauty,Loyalty,37,2552.32
2025-10-31,Midwest,Apparel,New,26,1937.19
2025-10-31,Midwest,Electronics,Loyalty,7,310.36
2025-10-31,Midwest,Home,Returning,18,585.25
2025-10-31,Midwest,Outdoor,Loyalty,26,458.09
2025-10-31,Midwest,Beauty,Returning,21,527.75
2025-10-31,West,Apparel,New,19,2238.27
2025-10-31,West,Electronics,Returning,22,2462.24
2025-10-31,West,Home,Returning,13,597.12
2025-10-31,West,Outdoor,Loyalty,22,1596.09
2025-10-31,West,Beauty,New,7,244.77
2025-11-01,Northeast,Apparel,New,22,1798.9
2025-11-01,Northeast,Electronics,New,31,850.37
2025-11-01,Northeast,Home,New,29,3073.69
2025-11-01,Northeast,Outdoor,Returning,36,2915.52
2025-11-01,Northeast,Beauty,New,35,2661.2
2025-11-01,Southeast,Apparel,Returning,24,602.27
2025-11-01,Southeast,Electronics,New,51,4211.59
2025-11-01,Southeast,Home,New,16,1480.15
2025-11-01,Southeast,Outdoor,New,44,2013.64
2025-11-01,Southeast,Beauty,Returning,21,1971.67
2025-11-01,Midwest,Apparel,Loyalty,50,863.84
2025-11-01,Midwest,Electronics,Loyalty,23,1661.88
2025-11-01,Midwest,Home,Loyalty,51,3162.14
2025-11-01,Midwest,Outdoor,New,28,1414.68
2025-11-01,Midwest,Beauty,Returning,13,681.47
2025-11-01,West,Apparel,Returning,41,3838.34
2025-11-01,West,Electronics,Loyalty,11,1316.99
2025-11-01,West,Home,Returning,34,3404.15
2025-11-01,West,Outdoor,New,22,2320.88
2025-11-01,West,Beauty,New,43,1775.35
2025-11-02,Northeast,Apparel,Returning,30,2477.76
2025-11-02,Northeast,Electronics,New,48,3308.25
2025-11-02,Northeast,Home,New,36,1265.66
2025-11-02,Northeast,Outdoor,Loyalty,12,999.89
2025-11-02,Northeast,Beauty,Loyalty,28,2401.97
2025-11-02,Southeast,Apparel,Loyalty,47,3176.33
2025-11-02,Southeast,Electronics,Loyalty,19,1279.93
2025-11-02,Southeast,Home,Loyalty,11,544.04
2025-11-02,Southeast,Outdoor,Returning,21,370.6
2025-11-02,Southeast,Beauty,Returning,53,5283.48
2025-11-02,Midwest,Apparel,Loyalty,17,1674.59
2025-11-02,Midwest,Electronics,New,31,1449.23
2025-11-02,Midwest,Home,New,15,721.85
2025-11-02,Midwest,Outdoor,Loyalty,45,3885.36
2025-11-02,Midwest,Beauty,Loyalty,22,617.64
2025-11-02,West,Apparel,New,50,1362.43
2025-11-02,West,Electronics,New,34,864.08
2025-11-02,West,Home,Loyalty,52,1510.58
2025-11-02,West,Outdoor,Loyalty,27,2803.05
2025-11-02,West,Beauty,Returning,7,772.14
2025-11-03,Northeast,Apparel,Loyalty,32,1928.21
2025-11-03,Northeast,Electronics,Returning,47,3517.14
2025-11-03,Northeast,Home,Loyalty,15,1037.28
2025-11-03,Northeast,Outdoor,New,32,541.01
2025-11-03,Northeast,Beauty,Loyalty,19,1318.08
2025-11-03,Southeast,Apparel,Loyalty,51,2303.95
2025-11-03,Southeast,Electronics,New,8,269.63
2025-11-03,Southeast,Home,Returning,28,1814.94
2025-11-03,Southeast,Outdoor,Loyalty,36,2138.35
2025-11-03,Southeast,Beauty,New,25,1235.03
2025-11-03,Midwest,Apparel,Loyalty,29,2945.63
2025-11-03,Midwest,Electronics,New,52,4133.41
2025-11-03,Midwest,Home,New,12,621.1
2025-11-03,Midwest,Outdoor,New,20,1557.26
2025-11-03,Midwest,Beauty,Returning,48,1218.27
2025-11-03,West,Apparel,Loyalty,54,2154.54
2025-11-03,West,Electronics,Returning,33,2808.42
2025-11-03,West,Home,Loyalty,19,289.07
2025-11-03,West,Outdoor,Returning,43,4692.48
2025-11-03,West,Beauty,Returning,17,1033.01
2025-11-04,Northeast,Apparel,Returning,27,1980.83
2025-11-04,Northeast,Electronics,New,35,3707.48
2025-11-04,Northeast,Home,Loyalty,43,2292.95
2025-11-04,Northeast,Outdoor,Returning,45,5349.08
2025-11-04,Northeast,Beauty,New,33,2148.8
2025-11-04,Southeast,Apparel,Returning,10,238.79
2025-11-04,Southeast,Electronics,Returning,21,490.64
2025-11-04,Southeast,Home,Loyalty,23,2191.95
2025-11-04,Southeast,Outdoor,Returning,36,827.69
2025-11-04,Southeast,Beauty,Returning,9,584.54
2025-11-04,Midwest,Apparel,New,20,1342.52
2025-11-04,Midwest,Electronics,Loyalty,21,1968.94
2025-11-04,Midwest,Home,Returning,49,869.23
2025-11-04,Midwest,Outdoor,Loyalty,33,2183.87
2025-11-04,Midwest,Beauty,New,51,4721.71
2025-11-04,West,Apparel,New,37,1778.72
2025-11-04,West,Electronics,New,24,1972.71
2025-11-04,West,Home,New,47,1836.97
2025-11-04,West,Outdoor,Loyalty,17,1376.02
2025-11-04,West,Beauty,New,48,4098.14
2025-11-05,Northeast,Apparel,New,38,1382.09
2025-11-05,Northeast,Electronics,New,21,1362.91
2025-11-05,Northeast,Home,Loyalty,38,4441.05
2025-11-05,Northeast,Outdoor,New,48,1575.33
2025-11-05,Northeast,Beauty,Returning,20,2214.93
2025-11-05,Southeast,Apparel,New,11,827.94
2025-11-05,Southeast,Electronics,New,37,3152.21
2025-11-05,Southeast,Home,New,21,845.82
2025-11-05,Southeast,Outdoor,New,28,782.32
2025-11-05,Southeast,Beauty,New,36,675.96
2025-11-05,Midwest,Apparel,Loyalty,16,608.93
2025-11-05,Midwest,Electronics,Loyalty,17,1196.36
2025-11-05,Midwest,Home,New,12,947.13
2025-11-05,Midwest,Outdoor,Returning,53,4630.94
2025-11-05,Midwest,Beauty,Loyalty,36,1781.27
2025-11-05,West,Apparel,New,34,2615.53
2025-11-05,West,Electronics,New,25,881.98
2025-11-05,West,Home,Loyalty,49,2129.48
2025-11-05,West,Outdoor,Returning,39,2313
2025-11-05,West,Beauty,Returning,51,5260.31
2025-11-06,Northeast,Apparel,Returning,26,1396.71
2025-11-06,Northeast,Electronics,Returning,10,604.69
2025-11-06,Northeast,Home,New,47,4765.28
2025-11-06,Northeast,Outdoor,Loyalty,41,4308.58
2025-11-06,Northeast,Beauty,Returning,14,1369.78
2025-11-06,Southeast,Apparel,Returning,42,2178.71
2025-11-06,Southeast,Electronics,Loyalty,24,2772.61
2025-11-06,Southeast,Home,Loyalty,53,3304.36
2025-11-06,Southeast,Outdoor,New,12,874.71
2025-11-06,Southeast,Beauty,Loyalty,25,2738.3
2025-11-06,Midwest,Apparel,New,21,2484.84
2025-11-06,Midwest,Electronics,Returning,42,661.14
2025-11-06,Midwest,Home,Loyalty,49,5303.86
2025-11-06,Midwest,Outdoor,Returning,28,487.46
2025-11-06,Midwest,Beauty,Loyalty,40,4115.19
2025-11-06,West,Apparel,Returning,44,2686.6
2025-11-06,West,Electronics,Returning,33,1181.69
2025-11-06,West,Home,Returning,37,3925.86
2025-11-06,West,Outdoor,New,45,3393.01
2025-11-06,West,Beauty,Loyalty,43,1499.9
2025-11-07,Northeast,Apparel,Returning,34,1985.88
2025-11-07,Northeast,Electronics,New,9,1018.26
2025-11-07,Northeast,Home,Loyalty,13,612.89
2025-11-07,Northeast,Outdoor,New,9,292.84
2025-11-07,Northeast,Beauty,Loyalty,13,300.49
2025-11-07,Southeast,Apparel,Loyalty,10,851.01
2025-11-07,Southeast,Electronics,Loyalty,40,4228.98
2025-11-07,Southeast,Home,Returning,48,2555.42
2025-11-07,Southeast,Outdoor,Loyalty,36,1088.32
2025-11-07,Southeast,Beauty,Returning,33,2443.61
2025-11-07,Midwest,Apparel,New,33,2999.26
2025-11-07,Midwest,Electronics,Loyalty,37,4302.37
2025-11-07,Midwest,Home,Loyalty,28,2337.27
2025-11-07,Midwest,Outdoor,New,10,1199.26
2025-11-07,Midwest,Beauty,Returning,30,1900.9
2025-11-07,West,Apparel,Loyalty,41,2110.32
2025-11-07,West,Electronics,Loyalty,47,4757.97
2025-11-07,West,Home,Returning,53,3202.01
2025-11-07,West,Outdoor,Loyalty,15,571.57
2025-11-07,West,Beauty,Loyalty,49,1902.78
2025-11-08,Northeast,Apparel,New,26,1160.59
2025-11-08,Northeast,Electronics,Loyalty,40,2894.16
2025-11-08,Northeast,Home,Returning,50,2672.82
2025-11-08,Northeast,Outdoor,Loyalty,27,2339.28
2025-11-08,Northeast,Beauty,Loyalty,19,306.07
2025-11-08,Southeast,Apparel,Loyalty,10,1086.8
2025-11-08,Southeast,Electronics,Returning,26,2832.66
2025-11-08,Southeast,Home,Loyalty,50,2509.39
2025-11-08,Southeast,Outdoor,Loyalty,35,3866.24
2025-11-08,Southeast,Beauty,Loyalty,54,4138.51
2025-11-08,Midwest,Apparel,New,23,1898.17
2025-11-08,Midwest,Electronics,New,20,473.09
2025-11-08,Midwest,Home,New,18,1816.59
2025-11-08,Midwest,Outdoor,Returning,16,1569.65
2025-11-08,Midwest,Beauty,New,46,716.68
2025-11-08,West,Apparel,Loyalty,34,1313.59
2025-11-08,West,Electronics,Loyalty,41,3823.47
2025-11-08,West,Home,Loyalty,47,1223.21
2025-11-08,West,Outdoor,Returning,19,368.33
2025-11-08,West,Beauty,New,33,910.4
2025-11-09,Northeast,Apparel,Loyalty,39,3127.72
2025-11-09,Northeast,Electronics,New,40,1905.69
2025-11-09,Northeast,Home,Loyalty,19,903.16
2025-11-09,Northeast,Outdoor,New,38,4112.15
2025-11-09,Northeast,Beauty,New,39,617.11
2025-11-09,Southeast,Apparel,Returning,31,2722.06
2025-11-09,Southeast,Electronics,Loyalty,53,3807.46
2025-11-09,Southeast,Home,New,44,4098.45
2025-11-09,Southeast,Outdoor,Returning,10,667.5
2025-11-09,Southeast,Beauty,Loyalty,27,2333.63
2025-11-09,Midwest,Apparel,New,53,1284.02
2025-11-09,Midwest,Electronics,Loyalty,22,990.99
2025-11-09,Midwest,Home,Returning,21,1785.68
2025-11-09,Midwest,Outdoor,New,20,2003.9
2025-11-09,Midwest,Beauty,Loyalty,43,4692.63
2025-11-09,West,Apparel,Loyalty,20,1312.24
2025-11-09,West,Electronics,Loyalty,32,1804.15
2025-11-09,West,Home,Loyalty,22,2174.89
2025-11-09,West,Outdoor,Loyalty,12,728.87
2025-11-09,West,Beauty,New,41,2026.73
2025-11-10,Northeast,Apparel,New,22,559.1
2025-11-10,Northeast,Electronics,Returning,40,3665.47
2025-11-10,Northeast,Home,Returning,18,1582.56
2025-11-10,Northeast,Outdoor,Returning,50,3779.01
2025-11-10,Northeast,Beauty,New,7,270.29
2025-11-10,Southeast,Apparel,Returning,34,2859.19
2025-11-10,Southeast,Electronics,Loyalty,32,1332.86
2025-11-10,Southeast,Home,Returning,9,546.13
2025-11-10,Southeast,Outdoor,Returning,19,323.99
2025-11-10,Southeast,Beauty,Returning,40,2740.2
2025-11-10,Midwest,Apparel,Loyalty,53,3683.17
2025-11-10,Midwest,Electronics,New,42,3785.02
2025-11-10,Midwest,Home,Returning,38,4466.87
2025-11-10,Midwest,Outdoor,Returning,53,2736.47
2025-11-10,Midwest,Beauty,Loyalty,27,2473.11
2025-11-10,West,Apparel,Returning,27,1738.8
2025-11-10,West,Electronics,Loyalty,50,1344.75
2025-11-10,West,Home,Loyalty,11,181.28
2025-11-10,West,Outdoor,Returning,44,1734.3
2025-11-10,West,Beauty,Loyalty,27,3028.46
2025-11-11,Northeast,Apparel,Loyalty,46,4629.59
2025-11-11,Northeast,Electronics,Loyalty,35,3750.42
2025-11-11,Northeast,Home,Returning,45,5076.62
2025-11-11,Northeast,Outdoor,Loyalty,35,1012.81
2025-11-11,Northeast,Beauty,Loyalty,28,3050.11
2025-11-11,Southeast,Apparel,Loyalty,20,1883.72
2025-11-11,Southeast,Electronics,New,22,2325.03
2025-11-11,Southeast,Home,New,45,3139.26
2025-11-11,Southeast,Outdoor,New,16,1440.48
2025-11-11,Southeast,Beauty,Loyalty,22,500.31
2025-11-11,Midwest,Apparel,Loyalty,47,4644.75
2025-11-11,Midwest,Electronics,Returning,32,3157.28
2025-11-11,Midwest,Home,New,11,678.58
2025-11-11,Midwest,Outdoor,New,49,5696.11
2025-11-11,Midwest,Beauty,Returning,43,3614.7
2025-11-11,West,Apparel,Loyalty,42,3014.08
2025-11-11,West,Electronics,New,20,1662.47
2025-11-11,West,Home,New,53,4802.49
2025-11-11,West,Outdoor,Returning,7,240.61
2025-11-11,West,Beauty,New,34,1144.2
2025-11-12,Northeast,Apparel,Loyalty,10,155.89
2025-11-12,Northeast,Electronics,Returning,18,1654.74
2025-11-12,Northeast,Home,Returning,53,4918.02
2025-11-12,Northeast,Outdoor,Loyalty,27,2393.56
2025-11-12,Northeast,Beauty,Returning,34,2662.57
2025-11-12,Southeast,Apparel,Returning,9,1057.08
2025-11-12,Southeast,Electronics,Loyalty,32,3509.71
2025-11-12,Southeast,Home,Loyalty,28,1028.82
2025-11-12,Southeast,Outdoor,New,48,2229.13
2025-11-12,Southeast,Beauty,Returning,51,5990.57
2025-11-12,Midwest,Apparel,Loyalty,25,2937.05
2025-11-12,Midwest,Electronics,Returning,51,5565.13
2025-11-12,Midwest,Home,New,44,3818.67
2025-11-12,Midwest,Outdoor,New,46,2958.39
2025-11-12,Midwest,Beauty,Loyalty,51,4445.24
2025-11-12,West,Apparel,Loyalty,37,1251.66
2025-11-12,West,Electronics,Returning,31,2928.83
2025-11-12,West,Home,Returning,40,2189.61
2025-11-12,West,Outdoor,Loyalty,7,332.42
2025-11-12,West,Beauty,Returning,22,2254.23
2025-11-13,Northeast,Apparel,New,9,656.13
2025-11-13,Northeast,Electronics,Loyalty,38,2248.66
2025-11-13,Northeast,Home,Returning,23,1300.74
2025-11-13,Northeast,Outdoor,Loyalty,16,559.76
2025-11-13,Northeast,Beauty,Returning,39,2096.43
2025-11-13,Southeast,Apparel,Returning,41,2111.61
2025-11-13,Southeast,Electronics,Loyalty,46,2417.62
2025-11-13,Southeast,Home,Returning,15,1275.05
2025-11-13,Southeast,Outdoor,New,10,789.35
2025-11-13,Southeast,Beauty,Loyalty,41,3542.7
2025-11-13,Midwest,Apparel,Loyalty,26,665.86
2025-11-13,Midwest,Electronics,Returning,25,1257.72
2025-11-13,Midwest,Home,Returning,19,644.57
2025-11-13,Midwest,Outdoor,Loyalty,28,3051.52
2025-11-13,Midwest,Beauty,Loyalty,23,2023.74
2025-11-13,West,Apparel,Loyalty,13,1370.63
2025-11-13,West,Electronics,Returning,16,629.78
2025-11-13,West,Home,Returning,33,2433
2025-11-13,West,Outdoor,Returning,51,874.45
2025-11-13,West,Beauty,New,33,2228.18
2025-11-14,Northeast,Apparel,Returning,19,528.59
2025-11-14,Northeast,Electronics,Returning,7,370.84
2025-11-14,Northeast,Home,Returning,32,2464.92
2025-11-14,Northeast,Outdoor,Loyalty,48,5039.1
2025-11-14,Northeast,Beauty,Returning,46,4965.14
2025-11-14,Southeast,Apparel,Loyalty,20,2247.5
2025-11-14,Southeast,Electronics,Returning,10,1050.68
2025-11-14,Southeast,Home,Loyalty,39,4664.06
2025-11-14,Southeast,Outdoor,Loyalty,14,810.38
2025-11-14,Southeast,Beauty,Returning,30,894.31
2025-11-14,Midwest,Apparel,Returning,9,398.53
2025-11-14,Midwest,Electronics,New,31,1742.96
2025-11-14,Midwest,Home,Loyalty,12,833.45
2025-11-14,Midwest,Outdoor,New,11,665.74
2025-11-14,Midwest,Beauty,Returning,22,1249.95
2025-11-14,West,Apparel,Loyalty,9,728.2
2025-11-14,West,Electronics,Returning,24,610.1
2025-11-14,West,Home,Returning,33,529.24
2025-11-14,West,Outdoor,Loyalty,23,1283.7
2025-11-14,West,Beauty,New,41,1134.93
2025-11-15,Northeast,Apparel,New,38,1288.68
2025-11-15,Northeast,Electronics,New,33,886.2
2025-11-15,Northeast,Home,Returning,10,475.01
2025-11-15,Northeast,Outdoor,New,10,1153
2025-11-15,Northeast,Beauty,New,50,5969.47
2025-11-15,Southeast,Apparel,Returning,8,155.1
2025-11-15,Southeast,Electronics,Loyalty,40,3765.95
2025-11-15,Southeast,Home,Returning,31,3582.25
2025-11-15,Southeast,Outdoor,Returning,29,2915.79
2025-11-15,Southeast,Beauty,Returning,9,554.42
2025-11-15,Midwest,Apparel,New,22,1328.84
2025-11-15,Midwest,Electronics,Loyalty,30,2716.76
2025-11-15,Midwest,Home,Loyalty,7,223.75
2025-11-15,Midwest,Outdoor,New,13,551.21
2025-11-15,Midwest,Beauty,Returning,21,2111.7
2025-11-15,West,Apparel,New,32,1709.2
2025-11-15,West,Electronics,Returning,52,2775.92
2025-11-15,West,Home,Returning,41,1699.97
2025-11-15,West,Outdoor,Returning,51,1134.4
2025-11-15,West,Beauty,Loyalty,43,2193.85
2025-11-16,Northeast,Apparel,Returning,15,1792.43
2025-11-16,Northeast,Electronics,New,43,3276.04
2025-11-16,Northeast,Home,Loyalty,11,749.08
2025-11-16,Northeast,Outdoor,New,40,919.21
2025-11-16,Northeast,Beauty,New,27,1235.4
2025-11-16,Southeast,Apparel,Loyalty,35,3130.57
2025-11-16,Southeast,Electronics,Returning,29,1802.73
2025-11-16,Southeast,Home,Loyalty,13,745.74
2025-11-16,Southeast,Outdoor,Returning,48,2033.73
2025-11-16,Southeast,Beauty,Returning,8,916.58
2025-11-16,Midwest,Apparel,New,46,5096.72
2025-11-16,Midwest,Electronics,Returning,13,1241.39
2025-11-16,Midwest,Home,Loyalty,17,1229.27
2025-11-16,Midwest,Outdoor,New,40,2133.43
2025-11-16,Midwest,Beauty,Loyalty,18,541.11
2025-11-16,West,Apparel,Returning,51,3445.59
2025-11-16,West,Electronics,Returning,38,3042.88
2025-11-16,West,Home,Loyalty,44,2988.26
2025-11-16,West,Outdoor,Loyalty,17,277.23
2025-11-16,West,Beauty,New,10,311.66
2025-11-17,Northeast,Apparel,Returning,10,1000.61
2025-11-17,Northeast,Electronics,Returning,44,2825.04
2025-11-17,Northeast,Home,New,30,1013.3
2025-11-17,Northeast,Outdoor,Returning,35,3568.62
2025-11-17,Northeast,Beauty,Loyalty,24,395.26
2025-11-17,Southeast,Apparel,Returning,15,1222.94
2025-11-17,Southeast,Electronics,Returning,23,1501.73
2025-11-17,Southeast,Home,Loyalty,37,1598.67
2025-11-17,Southeast,Outdoor,New,38,3701.17
2025-11-17,Southeast,Beauty,New,21,1415.92
2025-11-17,Midwest,Apparel,Loyalty,43,2054.2
2025-11-17,Midwest,Electronics,Returning,31,2533.25
2025-11-17,Midwest,Home,Returning,29,2248.67
2025-11-17,Midwest,Outdoor,Returning,13,1398.83
2025-11-17,Midwest,Beauty,Returning,42,656.36
2025-11-17,West,Apparel,Returning,24,889.78
2025-11-17,West,Electronics,Loyalty,9,430.23
2025-11-17,West,Home,New,33,798.04
2025-11-17,West,Outdoor,Returning,45,4227.86
2025-11-17,West,Beauty,Loyalty,38,2226.53
2025-11-18,Northeast,Apparel,New,24,423.63
2025-11-18,Northeast,Electronics,New,33,3251.05
2025-11-18,Northeast,Home,Returning,18,593.17
2025-11-18,Northeast,Outdoor,Loyalty,47,3205.25
2025-11-18,Northeast,Beauty,New,28,1876.52
2025-11-18,Southeast,Apparel,New,7,496.09
2025-11-18,Southeast,Electronics,New,48,5491.55
2025-11-18,Southeast,Home,Loyalty,43,748.81
2025-11-18,Southeast,Outdoor,New,20,1425.63
2025-11-18,Southeast,Beauty,New,36,3714.96
2025-11-18,Midwest,Apparel,Returning,31,2759.14
2025-11-18,Midwest,Electronics,New,15,1531.57
2025-11-18,Midwest,Home,New,40,1102.64
2025-11-18,Midwest,Outdoor,Returning,28,1057.87
2025-11-18,Midwest,Beauty,Loyalty,14,1155.17
2025-11-18,West,Apparel,Loyalty,34,2620.23
2025-11-18,West,Electronics,Returning,36,725.07
2025-11-18,West,Home,Loyalty,34,2940.34
2025-11-18,West,Outdoor,New,29,568.5
2025-11-18,West,Beauty,Loyalty,34,3485.77
2025-11-19,Northeast,Apparel,Returning,17,570.09
2025-11-19,Northeast,Electronics,New,50,1067.34
2025-11-19,Northeast,Home,Returning,30,2762.94
2025-11-19,Northeast,Outdoor,Loyalty,41,3730.11
2025-11-19,Northeast,Beauty,Loyalty,17,1482.38
2025-11-19,Southeast,Apparel,Loyalty,42,2183.73
2025-11-19,Southeast,Electronics,Returning,38,1048.89
2025-11-19,Southeast,Home,New,45,1912.57
2025-11-19,Southeast,Outdoor,Loyalty,24,569.53
2025-11-19,Southeast,Beauty,New,25,2881.99
2025-11-19,Midwest,Apparel,New,44,2581.39
2025-11-19,Midwest,Electronics,New,42,2185.18
2025-11-19,Midwest,Home,Loyalty,32,2743.11
2025-11-19,Midwest,Outdoor,Returning,11,809.05
2025-11-19,Midwest,Beauty,New,47,3644.12
2025-11-19,West,Apparel,Returning,15,1724.03
2025-11-19,West,Electronics,New,24,1098.51
2025-11-19,West,Home,Returning,51,5311.95
2025-11-19,West,Outdoor,Loyalty,11,1031.89
2025-11-19,West,Beauty,Returning,27,624.99
2025-11-20,Northeast,Apparel,Returning,51,1450.1
2025-11-20,Northeast,Electronics,New,15,1426.13
2025-11-20,Northeast,Home,Loyalty,8,420.05
2025-11-20,Northeast,Outdoor,Loyalty,22,1585.39
2025-11-20,Northeast,Beauty,Returning,17,1030.29
2025-11-20,Southeast,Apparel,Loyalty,12,1044.62
2025-11-20,Southeast,Electronics,New,26,3053.13
2025-11-20,Southeast,Home,Loyalty,24,817.6
2025-11-20,Southeast,Outdoor,New,34,2114.54
2025-11-20,Southeast,Beauty,Returning,40,3581.68
2025-11-20,Midwest,Apparel,New,36,2711.07
2025-11-20,Midwest,Electronics,Loyalty,8,528.73
2025-11-20,Midwest,Home,Returning,17,744.08
2025-11-20,Midwest,Outdoor,Returning,46,4425.79
2025-11-20,Midwest,Beauty,Returning,49,1157.3
2025-11-20,West,Apparel,New,31,922.31
2025-11-20,West,Electronics,Loyalty,51,950.2
2025-11-20,West,Home,Loyalty,27,2951.9
2025-11-20,West,Outdoor,Returning,9,659.92
2025-11-20,West,Beauty,Loyalty,31,2222.25
2025-11-21,Northeast,Apparel,Loyalty,7,403.54
2025-11-21,Northeast,Electronics,New,33,3835.76
2025-11-21,Northeast,Home,Returning,16,1395.45
2025-11-21,Northeast,Outdoor,New,19,1196.61
2025-11-21,Northeast,Beauty,Returning,26,755.47
2025-11-21,Southeast,Apparel,Loyalty,45,792.17
2025-11-21,Southeast,Electronics,Loyalty,39,4440.04
2025-11-21,Southeast,Home,New,9,921.01
2025-11-21,Southeast,Outdoor,Loyalty,43,3770.37
2025-11-21,Southeast,Beauty,Loyalty,8,223.38
2025-11-21,Midwest,Apparel,New,25,2539.65
2025-11-21,Midwest,Electronics,Returning,17,1053.08
2025-11-21,Midwest,Home,Loyalty,14,713.42
2025-11-21,Midwest,Outdoor,Loyalty,43,2514.18
2025-11-21,Midwest,Beauty,New,40,2160.42
2025-11-21,West,Apparel,New,19,2007.3
2025-11-21,West,Electronics,Returning,25,1671.64
2025-11-21,West,Home,Returning,16,1401.39
2025-11-21,West,Outdoor,Loyalty,15,1008.61
2025-11-21,West,Beauty,Returning,21,717
2025-11-22,Northeast,Apparel,New,20,2194.36
2025-11-22,Northeast,Electronics,New,52,4412.52
2025-11-22,Northeast,Home,Loyalty,16,433.04
2025-11-22,Northeast,Outdoor,Returning,52,5606.19
2025-11-22,Northeast,Beauty,Loyalty,38,759.49
2025-11-22,Southeast,Apparel,New,10,1093.63
2025-11-22,Southeast,Electronics,Loyalty,31,1684.55
2025-11-22,Southeast,Home,Loyalty,36,2928.73
2025-11-22,Southeast,Outdoor,Returning,27,1523.06
2025-11-22,Southeast,Beauty,Returning,25,1187.39
2025-11-22,Midwest,Apparel,Loyalty,11,1228.64
2025-11-22,Midwest,Electronics,Loyalty,47,1811.85
2025-11-22,Midwest,Home,Loyalty,37,1514.66
2025-11-22,Midwest,Outdoor,Loyalty,54,4655.12
2025-11-22,Midwest,Beauty,Loyalty,15,802.9
2025-11-22,West,Apparel,Loyalty,30,2241.17
2025-11-22,West,Electronics,New,39,4254.21
2025-11-22,West,Home,Loyalty,49,1595.18
2025-11-22,West,Outdoor,New,30,2968.17
2025-11-22,West,Beauty,Returning,24,907.88
2025-11-23,Northeast,Apparel,Loyalty,16,1195.14
2025-11-23,Northeast,Electronics,New,35,3689.24
2025-11-23,Northeast,Home,Loyalty,44,1139.13
2025-11-23,Northeast,Outdoor,Returning,23,1784.69
2025-11-23,Northeast,Beauty,New,20,734
2025-11-23,Southeast,Apparel,Returning,29,1816.9
2025-11-23,Southeast,Electronics,New,32,2624.08
2025-11-23,Southeast,Home,New,43,2497.61
2025-11-23,Southeast,Outdoor,Loyalty,51,1877.28
2025-11-23,Southeast,Beauty,Loyalty,43,1250.05
2025-11-23,Midwest,Apparel,Loyalty,10,515.86
2025-11-23,Midwest,Electronics,Loyalty,20,892.53
2025-11-23,Midwest,Home,New,8,766.69
2025-11-23,Midwest,Outdoor,Returning,8,820.29
2025-11-23,Midwest,Beauty,New,24,2107.13
2025-11-23,West,Apparel,Loyalty,31,3272.94
2025-11-23,West,Electronics,Returning,34,3635.4
2025-11-23,West,Home,Returning,28,1929.78
2025-11-23,West,Outdoor,Returning,15,1274.19
2025-11-23,West,Beauty,Returning,28,3205.02
2025-11-24,Northeast,Apparel,Loyalty,41,1811.67
2025-11-24,Northeast,Electronics,New,47,1631.94
2025-11-24,Northeast,Home,New,26,630.89
2025-11-24,Northeast,Outdoor,Returning,38,737.6
2025-11-24,Northeast,Beauty,New,36,2922.38
2025-11-24,Southeast,Apparel,Loyalty,8,771.82
2025-11-24,Southeast,Electronics,New,48,1669.68
2025-11-24,Southeast,Home,New,16,1509.19
2025-11-24,Southeast,Outdoor,Loyalty,26,1896.55
2025-11-24,Southeast,Beauty,Returning,52,3461.51
2025-11-24,Midwest,Apparel,New,44,5034.76
2025-11-24,Midwest,Electronics,Loyalty,26,1319.27
2025-11-24,Midwest,Home,Loyalty,31,1086.09
2025-11-24,Midwest,Outdoor,New,31,1006.45
2025-11-24,Midwest,Beauty,Returning,28,2670.3
2025-11-24,West,Apparel,Loyalty,26,1763.04
2025-11-24,West,Electronics,Returning,35,3466.92
2025-11-24,West,Home,Returning,36,1438.57
2025-11-24,West,Outdoor,New,46,4040.9
2025-11-24,West,Beauty,New,12,1309.35
2025-11-25,Northeast,Apparel,Loyalty,40,1495.32
2025-11-25,Northeast,Electronics,Returning,12,1280.15
2025-11-25,Northeast,Home,Loyalty,27,2100.25
2025-11-25,Northeast,Outdoor,Returning,54,1776.88
2025-11-25,Northeast,Beauty,New,36,2198.21
2025-11-25,Southeast,Apparel,Returning,31,2325.68
2025-11-25,Southeast,Electronics,New,21,2338.38
2025-11-25,Southeast,Home,New,47,3842.48
2025-11-25,Southeast,Outdoor,Returning,50,5783.31
2025-11-25,Southeast,Beauty,Loyalty,26,756.2
2025-11-25,Midwest,Apparel,Returning,46,5210.36
2025-11-25,Midwest,Electronics,Loyalty,36,4190.95
2025-11-25,Midwest,Home,Loyalty,24,2306.66
2025-11-25,Midwest,Outdoor,New,10,715.77
2025-11-25,Midwest,Beauty,Returning,7,233.64
2025-11-25,West,Apparel,New,41,4395.71
2025-11-25,West,Electronics,Loyalty,13,421.98
2025-11-25,West,Home,Returning,10,870.31
2025-11-25,West,Outdoor,Returning,31,1548.25
2025-11-25,West,Beauty,New,52,5211.65
2025-11-26,Northeast,Apparel,Loyalty,8,349.97
2025-11-26,Northeast,Electronics,Returning,53,4233.94
2025-11-26,Northeast,Home,Loyalty,35,1551.87
2025-11-26,Northeast,Outdoor,New,53,1686.47
2025-11-26,Northeast,Beauty,Returning,48,1549.68
2025-11-26,Southeast,Apparel,New,18,525.03
2025-11-26,Southeast,Electronics,Returning,30,1272.97
2025-11-26,Southeast,Home,Returning,25,1886.6
2025-11-26,Southeast,Outdoor,New,8,818.71
2025-11-26,Southeast,Beauty,New,32,916.33
2025-11-26,Midwest,Apparel,Returning,48,2331.08
2025-11-26,Midwest,Electronics,Returning,46,4574.16
2025-11-26,Midwest,Home,Returning,33,1024.73
2025-11-26,Midwest,Outdoor,Loyalty,18,1454.6
2025-11-26,Midwest,Beauty,Loyalty,34,3206.93
2025-11-26,West,Apparel,Returning,34,1424.68
2025-11-26,West,Electronics,Returning,28,2936.14
2025-11-26,West,Home,Returning,11,1227.86
2025-11-26,West,Outdoor,Loyalty,46,823.47
2025-11-26,West,Beauty,Loyalty,42,2487.04
2025-11-27,Northeast,Apparel,Returning,26,3114.12
2025-11-27,Northeast,Electronics,Returning,52,4332.57
2025-11-27,Northeast,Home,Returning,17,315.94
2025-11-27,Northeast,Outdoor,Loyalty,15,1345.9
2025-11-27,Northeast,Beauty,New,37,2702.56
2025-11-27,Southeast,Apparel,Loyalty,9,713.81
2025-11-27,Southeast,Electronics,New,52,2595.58
2025-11-27,Southeast,Home,Returning,41,1033.22
2025-11-27,Southeast,Outdoor,Returning,52,5447.55
2025-11-27,Southeast,Beauty,New,7,432.29
2025-11-27,Midwest,Apparel,Returning,40,3650.99
2025-11-27,Midwest,Electronics,Returning,51,4987.48
2025-11-27,Midwest,Home,Loyalty,31,3142.07
2025-11-27,Midwest,Outdoor,Returning,31,3273.55
2025-11-27,Midwest,Beauty,New,52,1963.02
2025-11-27,West,Apparel,Returning,46,977.05
2025-11-27,West,Electronics,Loyalty,32,3401
2025-11-27,West,Home,Returning,36,3728.79
2025-11-27,West,Outdoor,New,28,817.16
2025-11-27,West,Beauty,Returning,38,3777.46
2025-11-28,Northeast,Apparel,Returning,47,2550.85
2025-11-28,Northeast,Electronics,Loyalty,49,3774.61
2025-11-28,Northeast,Home,Returning,38,3137.15
2025-11-28,Northeast,Outdoor,Loyalty,49,1675.65
2025-11-28,Northeast,Beauty,Returning,46,4480.31
2025-11-28,Southeast,Apparel,Loyalty,49,1422.64
2025-11-28,Southeast,Electronics,New,24,2084.12
2025-11-28,Southeast,Home,Returning,20,1829.26
2025-11-28,Southeast,Outdoor,New,52,5711.09
2025-11-28,Southeast,Beauty,Returning,22,2310.43
2025-11-28,Midwest,Apparel,Loyalty,51,4104.01
2025-11-28,Midwest,Electronics,New,28,2118.45
2025-11-28,Midwest,Home,Returning,23,1648.96
2025-11-28,Midwest,Outdoor,Returning,41,3029.16
2025-11-28,Midwest,Beauty,Returning,36,2196.5
2025-11-28,West,Apparel,Loyalty,34,3363.38
2025-11-28,West,Electronics,Loyalty,28,3055.23
2025-11-28,West,Home,New,34,2018.6
2025-11-28,West,Outdoor,New,31,2625.11
2025-11-28,West,Beauty,Loyalty,18,1695.03
2025-11-29,Northeast,Apparel,Returning,10,1170.96
2025-11-29,Northeast,Electronics,Returning,7,779.24
2025-11-29,Northeast,Home,Loyalty,22,2056.49
2025-11-29,Northeast,Outdoor,Returning,13,435.24
2025-11-29,Northeast,Beauty,Returning,37,1992.31
2025-11-29,Southeast,Apparel,Loyalty,15,695.61
2025-11-29,Southeast,Electronics,New,38,4070.97
2025-11-29,Southeast,Home,Returning,13,732.12
2025-11-29,Southeast,Outdoor,Returning,47,2313.16
2025-11-29,Southeast,Beauty,Loyalty,38,4082.46
2025-11-29,Midwest,Apparel,Returning,15,1295.4
2025-11-29,Midwest,Electronics,Returning,15,1049.41
2025-11-29,Midwest,Home,New,14,278.69
2025-11-29,Midwest,Outdoor,New,19,1606.35
2025-11-29,Midwest,Beauty,Returning,37,1460.62
2025-11-29,West,Apparel,Loyalty,33,3212.17
2025-11-29,West,Electronics,Returning,23,1174.76
2025-11-29,West,Home,New,36,3123.62
2025-11-29,West,Outdoor,New,39,1205.11
2025-11-29,West,Beauty,New,32,1483.91
2025-11-30,Northeast,Apparel,Returning,31,2330.58
2025-11-30,Northeast,Electronics,New,35,1616.28
2025-11-30,Northeast,Home,Loyalty,49,3415.06
2025-11-30,Northeast,Outdoor,Loyalty,24,1156.19
2025-11-30,Northeast,Beauty,Returning,43,2199.2
2025-11-30,Southeast,Apparel,New,12,1291.17
2025-11-30,Southeast,Electronics,Loyalty,27,3072.52
2025-11-30,Southeast,Home,Returning,12,399.97
2025-11-30,Southeast,Outdoor,Loyalty,25,383.31
2025-11-30,Southeast,Beauty,New,54,4125.41
2025-11-30,Midwest,Apparel,New,27,863.09
2025-11-30,Midwest,Electronics,New,51,1449.18
2025-11-30,Midwest,Home,New,11,545.3
2025-11-30,Midwest,Outdoor,Loyalty,41,4882.77
2025-11-30,Midwest,Beauty,Returning,16,1708.4
2025-11-30,West,Apparel,Returning,49,1969.92
2025-11-30,West,Electronics,New,12,793.22
2025-11-30,West,Home,Loyalty,41,2457.75
2025-11-30,West,Outdoor,Loyalty,8,223.82
2025-11-30,West,Beauty,Returning,31,963.21
2025-12-01,Northeast,Apparel,New,29,1291.05
2025-12-01,Northeast,Electronics,New,19,1103
2025-12-01,Northeast,Home,Loyalty,25,2985.08
2025-12-01,Northeast,Outdoor,Loyalty,21,2250.58
2025-12-01,Northeast,Beauty,New,26,1994.85
2025-12-01,Southeast,Apparel,Loyalty,55,5641.6
2025-12-01,Southeast,Electronics,Loyalty,24,428.69
2025-12-01,Southeast,Home,Returning,43,3521.82
2025-12-01,Southeast,Outdoor,Returning,18,2049.39
2025-12-01,Southeast,Beauty,New,24,825.36
2025-12-01,Midwest,Apparel,New,52,2282.43
2025-12-01,Midwest,Electronics,Returning,54,5927.66
2025-12-01,Midwest,Home,Returning,11,540.97
2025-12-01,Midwest,Outdoor,Loyalty,11,986.94
2025-12-01,Midwest,Beauty,New,10,862.5
2025-12-01,West,Apparel,Returning,31,3195.7
2025-12-01,West,Electronics,Loyalty,16,546.59
2025-12-01,West,Home,Loyalty,47,2347.76
2025-12-01,West,Outdoor,New,46,4768.23
2025-12-01,West,Beauty,Returning,10,737.2
2025-12-02,Northeast,Apparel,Loyalty,48,2555.18
2025-12-02,Northeast,Electronics,New,20,1903.23
2025-12-02,Northeast,Home,New,51,3241.55
2025-12-02,Northeast,Outdoor,Loyalty,31,2833.03
2025-12-02,Northeast,Beauty,New,40,1148.29
2025-12-02,Southeast,Apparel,New,51,4529.69
2025-12-02,Southeast,Electronics,Returning,23,1112.78
2025-12-02,Southeast,Home,Loyalty,35,3130.01
2025-12-02,Southeast,Outdoor,Loyalty,21,2333.01
2025-12-02,Southeast,Beauty,Returning,42,4860.04
2025-12-02,Midwest,Apparel,New,54,2625.61
2025-12-02,Midwest,Electronics,Loyalty,32,1628.18
2025-12-02,Midwest,Home,Loyalty,11,1042.55
2025-12-02,Midwest,Outdoor,Loyalty,55,4111.25
2025-12-02,Midwest,Beauty,Returning,35,3100.16
2025-12-02,West,Apparel,Loyalty,9,1051.14
2025-12-02,West,Electronics,Returning,16,1910.09
2025-12-02,West,Home,Loyalty,8,841.22
2025-12-02,West,Outdoor,Returning,21,1780.53
2025-12-02,West,Beauty,New,20,2130.51
2025-12-03,Northeast,Apparel,New,50,3423.68
2025-12-03,Northeast,Electronics,New,15,550.24
2025-12-03,Northeast,Home,New,15,1528.42
2025-12-03,Northeast,Outdoor,Returning,27,1290.78
2025-12-03,Northeast,Beauty,Returning,11,696.46
2025-12-03,Southeast,Apparel,Returning,14,1674.38
2025-12-03,Southeast,Electronics,New,10,998.36
2025-12-03,Southeast,Home,Loyalty,31,2749.87
2025-12-03,Southeast,Outdoor,New,37,603.94
2025-12-03,Southeast,Beauty,Returning,45,1715.97
2025-12-03,Midwest,Apparel,Returning,43,1228.26
2025-12-03,Midwest,Electronics,Returning,36,3345.46
2025-12-03,Midwest,Home,New,31,3068.71
2025-12-03,Midwest,Outdoor,Returning,33,1650.08
2025-12-03,Midwest,Beauty,Returning,15,1073.69
2025-12-03,West,Apparel,Returning,51,4198.9
2025-12-03,West,Electronics,Returning,43,1836.14
2025-12-03,West,Home,New,40,3383.15
2025-12-03,West,Outdoor,Loyalty,9,407.38
2025-12-03,West,Beauty,New,30,2740.37
2025-12-04,Northeast,Apparel,Returning,21,2307.39
2025-12-04,Northeast,Electronics,Loyalty,33,867.73
2025-12-04,Northeast,Home,New,51,2325.57
2025-12-04,Northeast,Outdoor,Returning,25,1503.37
2025-12-04,Northeast,Beauty,Loyalty,26,2118.05
2025-12-04,Southeast,Apparel,Loyalty,18,615.75
2025-12-04,Southeast,Electronics,Returning,15,1337.86
2025-12-04,Southeast,Home,Returning,37,1893.45
2025-12-04,Southeast,Outdoor,Returning,28,2722.87
2025-12-04,Southeast,Beauty,Loyalty,51,4131.49
2025-12-04,Midwest,Apparel,Returning,55,3037.29
2025-12-04,Midwest,Electronics,Returning,41,1156.26
2025-12-04,Midwest,Home,Loyalty,36,2171.01
2025-12-04,Midwest,Outdoor,New,37,2192.07
2025-12-04,Midwest,Beauty,New,43,4429.68
2025-12-04,West,Apparel,Loyalty,21,1555.31
2025-12-04,West,Electronics,Returning,37,1433.81
2025-12-04,West,Home,Returning,51,3995.78
2025-12-04,West,Outdoor,Loyalty,51,5313.39
2025-12-04,West,Beauty,Returning,28,3244.08
2025-12-05,Northeast,Apparel,New,37,4195.03
2025-12-05,Northeast,Electronics,Loyalty,21,2410.05
2025-12-05,Northeast,Home,Loyalty,9,179.15
2025-12-05,Northeast,Outdoor,New,51,2041.44
2025-12-05,Northeast,Beauty,Loyalty,51,2580.72
2025-12-05,Southeast,Apparel,Loyalty,11,720.17
2025-12-05,Southeast,Electronics,New,49,1167.28
2025-12-05,Southeast,Home,Loyalty,46,2810.19
2025-12-05,Southeast,Outdoor,Returning,25,2588.32
2025-12-05,Southeast,Beauty,New,18,934.29
2025-12-05,Midwest,Apparel,Returning,22,487.32
2025-12-05,Midwest,Electronics,Loyalty,10,754.3
2025-12-05,Midwest,Home,Loyalty,52,5129.88
2025-12-05,Midwest,Outdoor,New,8,711.42
2025-12-05,Midwest,Beauty,Loyalty,40,2540.04
2025-12-05,West,Apparel,Returning,17,1012.07
2025-12-05,West,Electronics,Loyalty,27,2648.76
2025-12-05,West,Home,New,14,1002.67
2025-12-05,West,Outdoor,New,12,648.29
2025-12-05,West,Beauty,Loyalty,45,1657.3
2025-12-06,Northeast,Apparel,Loyalty,30,1134.95
2025-12-06,Northeast,Electronics,Returning,15,1081.29
2025-12-06,Northeast,Home,New,15,1104.24
2025-12-06,Northeast,Outdoor,Returning,42,3136.16
2025-12-06,Northeast,Beauty,Loyalty,34,1504.05
2025-12-06,Southeast,Apparel,Returning,37,1621.96
2025-12-06,Southeast,Electronics,Loyalty,46,3458.61
2025-12-06,Southeast,Home,Loyalty,41,1979.5
2025-12-06,Southeast,Outdoor,New,31,1938.2
2025-12-06,Southeast,Beauty,Returning,54,2683.26
2025-12-06,Midwest,Apparel,New,31,3327.37
2025-12-06,Midwest,Electronics,Loyalty,11,1255.64
2025-12-06,Midwest,Home,Loyalty,24,2588.63
2025-12-06,Midwest,Outdoor,Returning,18,708.19
2025-12-06,Midwest,Beauty,Returning,27,2583.59
2025-12-06,West,Apparel,New,25,2737.94
2025-12-06,West,Electronics,Returning,52,4656.89
2025-12-06,West,Home,Returning,52,4802.46
2025-12-06,West,Outdoor,New,12,309.66
2025-12-06,West,Beauty,Returning,56,4285.93
2025-12-07,Northeast,Apparel,Returning,52,4150.27
2025-12-07,Northeast,Electronics,Loyalty,34,909.85
2025-12-07,Northeast,Home,Loyalty,29,2995.07
2025-12-07,Northeast,Outdoor,Returning,39,1225.92
2025-12-07,Northeast,Beauty,New,37,3133.82
2025-12-07,Southeast,Apparel,Returning,46,3239.15
2025-12-07,Southeast,Electronics,Loyalty,19,1554.1
2025-12-07,Southeast,Home,Returning,27,678.02
2025-12-07,Southeast,Outdoor,Returning,55,5781.63
2025-12-07,Southeast,Beauty,New,13,383.48
2025-12-07,Midwest,Apparel,New,30,2367.95
2025-12-07,Midwest,Electronics,Loyalty,56,2726.65
2025-12-07,Midwest,Home,Returning,12,435.59
2025-12-07,Midwest,Outdoor,Returning,12,1079.02
2025-12-07,Midwest,Beauty,Returning,29,1670.02
2025-12-07,West,Apparel,New,52,3446.18
2025-12-07,West,Electronics,Returning,25,1837.22
2025-12-07,West,Home,Returning,38,3352.56
2025-12-07,West,Outdoor,New,41,947.51
2025-12-07,West,Beauty,Loyalty,34,3202.65
2025-12-08,Northeast,Apparel,Returning,8,411.27
2025-12-08,Northeast,Electronics,Returning,41,3105.84
2025-12-08,Northeast,Home,New,25,1840.45
2025-12-08,Northeast,Outdoor,New,20,1470.19
2025-12-08,Northeast,Beauty,Returning,52,4471.73
2025-12-08,Southeast,Apparel,Loyalty,31,2439.93
2025-12-08,Southeast,Electronics,Loyalty,38,1020.41
2025-12-08,Southeast,Home,Returning,40,3779.87
2025-12-08,Southeast,Outdoor,New,35,565.27
2025-12-08,Southeast,Beauty,New,39,2262.16
2025-12-08,Midwest,Apparel,Returning,53,3360.6
2025-12-08,Midwest,Electronics,Returning,50,3064.57
2025-12-08,Midwest,Home,Loyalty,51,4692.36
2025-12-08,Midwest,Outdoor,Returning,51,3792.06
2025-12-08,Midwest,Beauty,Returning,7,409.72
2025-12-08,West,Apparel,New,29,2967.14
2025-12-08,West,Electronics,Loyalty,43,3792.56
2025-12-08,West,Home,Returning,50,5592.49
2025-12-08,West,Outdoor,Loyalty,33,2718.58
2025-12-08,West,Beauty,Loyalty,39,862.53
2025-12-09,Northeast,Apparel,Loyalty,54,6158.67
2025-12-09,Northeast,Electronics,Returning,13,356.64
2025-12-09,Northeast,Home,New,10,967.98
2025-12-09,Northeast,Outdoor,New,54,2339.15
2025-12-09,Northeast,Beauty,New,36,3294.69
2025-12-09,Southeast,Apparel,Returning,17,1136.48
2025-12-09,Southeast,Electronics,Loyalty,34,1468.92
2025-12-09,Southeast,Home,Returning,25,2784.32
2025-12-09,Southeast,Outdoor,Loyalty,25,2573.54
2025-12-09,Southeast,Beauty,Returning,19,621.26
2025-12-09,Midwest,Apparel,New,39,619.45
2025-12-09,Midwest,Electronics,Returning,48,5111.14
2025-12-09,Midwest,Home,New,38,3274.4
2025-12-09,Midwest,Outdoor,Loyalty,40,890.23
2025-12-09,Midwest,Beauty,Loyalty,29,1541.5
2025-12-09,West,Apparel,Loyalty,25,1854.11
2025-12-09,West,Electronics,Loyalty,41,4204.19
2025-12-09,West,Home,Returning,48,5496.25
2025-12-09,West,Outdoor,Loyalty,20,2153.66
2025-12-09,West,Beauty,New,16,1652.46
2025-12-10,Northeast,Apparel,Returning,48,2091.07
2025-12-10,Northeast,Electronics,Loyalty,29,949.73
2025-12-10,Northeast,Home,Loyalty,17,1436.39
2025-12-10,Northeast,Outdoor,Returning,30,954.28
2025-12-10,Northeast,Beauty,Returning,47,3716.41
2025-12-10,Southeast,Apparel,Returning,47,3732.21
2025-12-10,Southeast,Electronics,New,32,3464.89
2025-12-10,Southeast,Home,New,49,5409.97
2025-12-10,Southeast,Outdoor,Loyalty,35,3952.03
2025-12-10,Southeast,Beauty,Returning,20,1225.22
2025-12-10,Midwest,Apparel,Loyalty,27,1397.33
2025-12-10,Midwest,Electronics,New,20,1663.97
2025-12-10,Midwest,Home,Returning,9,790.93
2025-12-10,Midwest,Outdoor,New,41,3032.53
2025-12-10,Midwest,Beauty,Loyalty,33,751.21
2025-12-10,West,Apparel,Loyalty,39,4021.35
2025-12-10,West,Electronics,New,31,3438.52
2025-12-10,West,Home,Returning,50,1119.16
2025-12-10,West,Outdoor,New,28,1604.92
2025-12-10,West,Beauty,New,35,1829.85
2025-12-11,Northeast,Apparel,New,30,823.47
2025-12-11,Northeast,Electronics,Loyalty,38,3633
2025-12-11,Northeast,Home,New,42,3764.56
2025-12-11,Northeast,Outdoor,Loyalty,41,1738.97
2025-12-11,Northeast,Beauty,Returning,22,2500.64
2025-12-11,Southeast,Apparel,Loyalty,28,2357.05
2025-12-11,Southeast,Electronics,Returning,38,3501.89
2025-12-11,Southeast,Home,Loyalty,11,459.14
2025-12-11,Southeast,Outdoor,Returning,29,1505.99
2025-12-11,Southeast,Beauty,New,13,603.79
2025-12-11,Midwest,Apparel,Returning,38,3713.1
2025-12-11,Midwest,Electronics,Returning,32,1345.34
2025-12-11,Midwest,Home,Returning,54,3717.98
2025-12-11,Midwest,Outdoor,Returning,7,383.46
2025-12-11,Midwest,Beauty,Loyalty,17,922.18
2025-12-11,West,Apparel,New,28,2753.82
2025-12-11,West,Electronics,Returning,30,2491.1
2025-12-11,West,Home,New,39,2249.37
2025-12-11,West,Outdoor,Returning,49,1320.23
2025-12-11,West,Beauty,Loyalty,42,3934.21
2025-12-12,Northeast,Apparel,Returning,30,1198.01
2025-12-12,Northeast,Electronics,New,41,2985.09
2025-12-12,Northeast,Home,Loyalty,25,1666.83
2025-12-12,Northeast,Outdoor,Returning,51,3962.76
2025-12-12,Northeast,Beauty,New,15,1573.54
2025-12-12,Southeast,Apparel,New,32,3322.93
2025-12-12,Southeast,Electronics,New,29,905.95
2025-12-12,Southeast,Home,Loyalty,55,1121.39
2025-12-12,Southeast,Outdoor,New,35,1494.2
2025-12-12,Southeast,Beauty,New,13,442.85
2025-12-12,Midwest,Apparel,Loyalty,40,1890.99
2025-12-12,Midwest,Electronics,Loyalty,24,536.14
2025-12-12,Midwest,Home,Returning,28,1920.54
2025-12-12,Midwest,Outdoor,Loyalty,23,2023.46
2025-12-12,Midwest,Beauty,New,35,1172.04
2025-12-12,West,Apparel,Loyalty,36,4233.95
2025-12-12,West,Electronics,New,50,1621.23
2025-12-12,West,Home,New,40,1134.14
2025-12-12,West,Outdoor,Returning,51,884.31
2025-12-12,West,Beauty,Returning,55,4142.55
2025-12-13,Northeast,Apparel,Loyalty,13,612.77
2025-12-13,Northeast,Electronics,New,37,1698.66
2025-12-13,Northeast,Home,Returning,21,1517.89
2025-12-13,Northeast,Outdoor,Returning,44,3054.09
2025-12-13,Northeast,Beauty,New,8,342.8
2025-12-13,Southeast,Apparel,New,18,1804.59
2025-12-13,Southeast,Electronics,Returning,25,1896.49
2025-12-13,Southeast,Home,Loyalty,10,660.57
2025-12-13,Southeast,Outdoor,Loyalty,24,1622.07
2025-12-13,Southeast,Beauty,Returning,49,5725.24
2025-12-13,Midwest,Apparel,Returning,16,1405.01
2025-12-13,Midwest,Electronics,Loyalty,39,4251.95
2025-12-13,Midwest,Home,Loyalty,44,2918.21
2025-12-13,Midwest,Outdoor,Returning,32,993.57
2025-12-13,Midwest,Beauty,New,15,763.47
2025-12-13,West,Apparel,New,9,656.12
2025-12-13,West,Electronics,New,31,2470.52
2025-12-13,West,Home,Returning,15,1754.99
2025-12-13,West,Outdoor,Returning,32,1622.3
2025-12-13,West,Beauty,New,29,3464.84
2025-12-14,Northeast,Apparel,Loyalty,46,4643.96
2025-12-14,Northeast,Electronics,Loyalty,44,1342.85
2025-12-14,Northeast,Home,Loyalty,48,4765.48
2025-12-14,Northeast,Outdoor,New,21,2488.57
2025-12-14,Northeast,Beauty,New,51,1333.41
2025-12-14,Southeast,Apparel,Loyalty,23,2524.66
2025-12-14,Southeast,Electronics,Loyalty,50,3720.24
2025-12-14,Southeast,Home,Loyalty,8,617.46
2025-12-14,Southeast,Outdoor,Loyalty,48,4261.72
2025-12-14,Southeast,Beauty,Returning,47,4190.47
2025-12-14,Midwest,Apparel,Loyalty,23,2136.23
2025-12-14,Midwest,Electronics,New,51,5837.27
2025-12-14,Midwest,Home,New,31,2056.81
2025-12-14,Midwest,Outdoor,Returning,29,1569.65
2025-12-14,Midwest,Beauty,Returning,36,2152.31
2025-12-14,West,Apparel,Returning,13,643.82
2025-12-14,West,Electronics,Loyalty,43,3567.33
2025-12-14,West,Home,Loyalty,37,803.04
2025-12-14,West,Outdoor,Returning,40,4606.72
2025-12-14,West,Beauty,Returning,26,2468.56
2025-12-15,Northeast,Apparel,Loyalty,27,2664.23
2025-12-15,Northeast,Electronics,Returning,47,1261.63
2025-12-15,Northeast,Home,New,38,3210.01
2025-12-15,Northeast,Outdoor,Loyalty,14,645.12
2025-12-15,Northeast,Beauty,Returning,43,4674.44
2025-12-15,Southeast,Apparel,New,10,696.79
2025-12-15,Southeast,Electronics,New,51,2406.92
2025-12-15,Southeast,Home,Returning,17,446.98
2025-12-15,Southeast,Outdoor,Returning,45,1275.88
2025-12-15,Southeast,Beauty,New,24,2467.21
2025-12-15,Midwest,Apparel,New,31,3021.41
2025-12-15,Midwest,Electronics,New,19,585.67
2025-12-15,Midwest,Home,Loyalty,50,1731.45
2025-12-15,Midwest,Outdoor,Loyalty,32,882.63
2025-12-15,Midwest,Beauty,New,55,4236.81
2025-12-15,West,Apparel,Returning,52,3209.32
2025-12-15,West,Electronics,Loyalty,14,1383.7
2025-12-15,West,Home,New,33,3931.44
2025-12-15,West,Outdoor,Loyalty,8,259.94
2025-12-15,West,Beauty,Loyalty,56,1596.23
2025-12-16,Northeast,Apparel,New,35,3291.87
2025-12-16,Northeast,Electronics,Returning,40,1309.25
2025-12-16,Northeast,Home,New,54,1844.18
2025-12-16,Northeast,Outdoor,Returning,14,704.48
2025-12-16,Northeast,Beauty,Loyalty,41,1283.2
2025-12-16,Southeast,Apparel,New,12,1102.26
2025-12-16,Southeast,Electronics,Loyalty,32,3497.7
2025-12-16,Southeast,Home,Loyalty,17,262.96
2025-12-16,Southeast,Outdoor,New,29,1491.71
2025-12-16,Southeast,Beauty,New,37,4237.49
2025-12-16,Midwest,Apparel,Returning,26,1002.08
2025-12-16,Midwest,Electronics,Returning,18,758.62
2025-12-16,Midwest,Home,New,38,4498.81
2025-12-16,Midwest,Outdoor,Loyalty,17,983.05
2025-12-16,Midwest,Beauty,Returning,20,1362.68
2025-12-16,West,Apparel,Returning,21,533.09
2025-12-16,West,Electronics,Returning,39,932.9
2025-12-16,West,Home,Loyalty,39,3963.45
2025-12-16,West,Outdoor,New,13,1442.38
2025-12-16,West,Beauty,New,42,4313.85
2025-12-17,Northeast,Apparel,Loyalty,34,2769.42
2025-12-17,Northeast,Electronics,Loyalty,35,1452.4
2025-12-17,Northeast,Home,New,28,716.68
2025-12-17,Northeast,Outdoor,New,48,2935.82
2025-12-17,Northeast,Beauty,Returning,20,2003.59
2025-12-17,Southeast,Apparel,Loyalty,19,1758.02
2025-12-17,Southeast,Electronics,New,45,1588.18
2025-12-17,Southeast,Home,New,16,465.79
2025-12-17,Southeast,Outdoor,Returning,11,871.84
2025-12-17,Southeast,Beauty,Loyalty,46,4156.22
2025-12-17,Midwest,Apparel,Loyalty,28,495.31
2025-12-17,Midwest,Electronics,Loyalty,51,5048.51
2025-12-17,Midwest,Home,New,35,2705.23
2025-12-17,Midwest,Outdoor,Returning,11,818.79
2025-12-17,Midwest,Beauty,New,45,4729.2
2025-12-17,West,Apparel,Loyalty,24,398.12
2025-12-17,West,Electronics,Returning,23,2573.1
2025-12-17,West,Home,Returning,18,610.63
2025-12-17,West,Outdoor,New,19,1812.52
2025-12-17,West,Beauty,Returning,55,1745.12
2025-12-18,Northeast,Apparel,Returning,25,1031.11
2025-12-18,Northeast,Electronics,Loyalty,41,1931.29
2025-12-18,Northeast,Home,Loyalty,19,1170.81
2025-12-18,Northeast,Outdoor,New,26,2535.64
2025-12-18,Northeast,Beauty,Returning,23,1843.24
2025-12-18,Southeast,Apparel,Loyalty,54,1587.91
2025-12-18,Southeast,Electronics,Loyalty,37,2667.61
2025-12-18,Southeast,Home,Returning,13,934.17
2025-12-18,Southeast,Outdoor,New,29,471.19
2025-12-18,Southeast,Beauty,Loyalty,15,337.46
2025-12-18,Midwest,Apparel,Returning,29,545.6
2025-12-18,Midwest,Electronics,New,17,1564.77
2025-12-18,Midwest,Home,New,32,2293.25
2025-12-18,Midwest,Outdoor,Loyalty,27,1868.73
2025-12-18,Midwest,Beauty,Returning,28,1440.55
2025-12-18,West,Apparel,New,22,2596.12
2025-12-18,West,Electronics,New,53,2107.96
2025-12-18,West,Home,Loyalty,44,3090.57
2025-12-18,West,Outdoor,Loyalty,14,652.63
2025-12-18,West,Beauty,Loyalty,27,2278.55
2025-12-19,Northeast,Apparel,Loyalty,21,2083.3
2025-12-19,Northeast,Electronics,Returning,18,1487.74
2025-12-19,Northeast,Home,Returning,53,5706.88
2025-12-19,Northeast,Outdoor,Loyalty,9,158.04
2025-12-19,Northeast,Beauty,Returning,39,4547.04
2025-12-19,Southeast,Apparel,Returning,35,3404.86
2025-12-19,Southeast,Electronics,Returning,48,3280.69
2025-12-19,Southeast,Home,New,26,754.13
2025-12-19,Southeast,Outdoor,Returning,42,2788.76
2025-12-19,Southeast,Beauty,New,11,1018.01
2025-12-19,Midwest,Apparel,Returning,43,4285.47
2025-12-19,Midwest,Electronics,New,28,2222.63
2025-12-19,Midwest,Home,Returning,29,2599.39
2025-12-19,Midwest,Outdoor,New,42,771.51
2025-12-19,Midwest,Beauty,Returning,36,4002.68
2025-12-19,West,Apparel,New,15,1097.92
2025-12-19,West,Electronics,Loyalty,49,5478.74
2025-12-19,West,Home,New,55,3096.98
2025-12-19,West,Outdoor,Loyalty,25,1883.05
2025-12-19,West,Beauty,Loyalty,14,854.35
2025-12-20,Northeast,Apparel,Returning,47,5267.01
2025-12-20,Northeast,Electronics,Returning,42,2172.15
2025-12-20,Northeast,Home,New,38,2481.25
2025-12-20,Northeast,Outdoor,Loyalty,24,1266.36
2025-12-20,Northeast,Beauty,Returning,52,1398.44
2025-12-20,Southeast,Apparel,Loyalty,10,901.25
2025-12-20,Southeast,Electronics,Returning,11,400.58
2025-12-20,Southeast,Home,New,49,3381.83
2025-12-20,Southeast,Outdoor,Returning,35,2026.77
2025-12-20,Southeast,Beauty,Returning,9,648.78
2025-12-20,Midwest,Apparel,New,43,908.53
2025-12-20,Midwest,Electronics,Returning,45,1761.27
2025-12-20,Midwest,Home,New,34,2481.41
2025-12-20,Midwest,Outdoor,Loyalty,42,2560.79
2025-12-20,Midwest,Beauty,Returning,16,318.87
2025-12-20,West,Apparel,Loyalty,32,675.26
2025-12-20,West,Electronics,Returning,15,847.71
2025-12-20,West,Home,New,45,1905.26
2025-12-20,West,Outdoor,New,38,635.19
2025-12-20,West,Beauty,New,47,2525.24
2025-12-21,Northeast,Apparel,New,42,1468.23
2025-12-21,Northeast,Electronics,Returning,50,1642.43
2025-12-21,Northeast,Home,New,15,249.14
2025-12-21,Northeast,Outdoor,Loyalty,55,1166.09
2025-12-21,Northeast,Beauty,Loyalty,33,2195.27
2025-12-21,Southeast,Apparel,New,46,2998.43
2025-12-21,Southeast,Electronics,New,32,2802.34
2025-12-21,Southeast,Home,Loyalty,37,3168.52
2025-12-21,Southeast,Outdoor,Returning,11,636.49
2025-12-21,Southeast,Beauty,Loyalty,26,1992.41
2025-12-21,Midwest,Apparel,New,49,5347.89
2025-12-21,Midwest,Electronics,Returning,38,2961.25
2025-12-21,Midwest,Home,New,12,1126.03
2025-12-21,Midwest,Outdoor,Returning,39,1253.75
2025-12-21,Midwest,Beauty,Loyalty,9,1025.72
2025-12-21,West,Apparel,Returning,20,1645.28
2025-12-21,West,Electronics,New,10,1105.79
2025-12-21,West,Home,Returning,51,6104.61
2025-12-21,West,Outdoor,Returning,23,2480.53
2025-12-21,West,Beauty,Returning,45,3533.77
2025-12-22,Northeast,Apparel,New,18,424.64
2025-12-22,Northeast,Electronics,Loyalty,51,5939.58
2025-12-22,Northeast,Home,Loyalty,45,5305.9
2025-12-22,Northeast,Outdoor,New,11,1057.72
2025-12-22,Northeast,Beauty,Loyalty,9,816.41
2025-12-22,Southeast,Apparel,New,53,4371.96
2025-12-22,Southeast,Electronics,Loyalty,9,535.68
2025-12-22,Southeast,Home,Loyalty,46,1680.67
2025-12-22,Southeast,Outdoor,Loyalty,19,2109.79
2025-12-22,Southeast,Beauty,New,13,1056.81
2025-12-22,Midwest,Apparel,Returning,21,975.81
2025-12-22,Midwest,Electronics,New,44,1798.88
2025-12-22,Midwest,Home,Returning,35,1994.57
2025-12-22,Midwest,Outdoor,Loyalty,11,256.73
2025-12-22,Midwest,Beauty,New,46,5116.09
2025-12-22,West,Apparel,Returning,23,1487.94
2025-12-22,West,Electronics,Returning,42,1609.85
2025-12-22,West,Home,Returning,13,839.04
2025-12-22,West,Outdoor,New,20,1239.66
2025-12-22,West,Beauty,New,43,771.06
2025-12-23,Northeast,Apparel,New,56,1388.07
2025-12-23,Northeast,Electronics,Returning,53,3576.86
2025-12-23,Northeast,Home,New,43,4174.62
2025-12-23,Northeast,Outdoor,New,46,3030.05
2025-12-23,Northeast,Beauty,Returning,28,849.22
2025-12-23,Southeast,Apparel,Returning,26,1337.68
2025-12-23,Southeast,Electronics,Loyalty,46,1509.73
2025-12-23,Southeast,Home,Loyalty,22,1103.49
2025-12-23,Southeast,Outdoor,Returning,8,937.14
2025-12-23,Southeast,Beauty,Returning,18,1891.9
2025-12-23,Midwest,Apparel,Returning,39,1050.37
2025-12-23,Midwest,Electronics,Returning,20,1202.11
2025-12-23,Midwest,Home,Returning,40,2579.79
2025-12-23,Midwest,Outdoor,New,47,3829.35
2025-12-23,Midwest,Beauty,Returning,42,4612.38
2025-12-23,West,Apparel,Loyalty,23,1876.2
2025-12-23,West,Electronics,New,37,604.97
2025-12-23,West,Home,Returning,13,918.4
2025-12-23,West,Outdoor,Loyalty,33,3131.53
2025-12-23,West,Beauty,Returning,9,155.81
2025-12-24,Northeast,Apparel,Loyalty,44,2696.75
2025-12-24,Northeast,Electronics,New,35,4077.45
2025-12-24,Northeast,Home,Returning,7,165.48
2025-12-24,Northeast,Outdoor,Returning,19,301.09
2025-12-24,Northeast,Beauty,Returning,28,839.36
2025-12-24,Southeast,Apparel,New,48,2119.35
2025-12-24,Southeast,Electronics,Returning,27,1898.92
2025-12-24,Southeast,Home,New,14,1397.81
2025-12-24,Southeast,Outdoor,New,33,3023.24
2025-12-24,Southeast,Beauty,Loyalty,53,6192.44
2025-12-24,Midwest,Apparel,New,37,4371.78
2025-12-24,Midwest,Electronics,New,50,5154.83
2025-12-24,Midwest,Home,Returning,56,6033.17
2025-12-24,Midwest,Outdoor,New,8,648.33
2025-12-24,Midwest,Beauty,Returning,43,4261.71
2025-12-24,West,Apparel,Loyalty,38,1023.58
2025-12-24,West,Electronics,Returning,44,2940.01
2025-12-24,West,Home,Loyalty,33,3921.56
2025-12-24,West,Outdoor,Returning,30,1641.87
2025-12-24,West,Beauty,Returning,15,431.22
2025-12-25,Northeast,Apparel,Returning,42,2857.18
2025-12-25,Northeast,Electronics,Returning,24,758.49
2025-12-25,Northeast,Home,New,30,2162.74
2025-12-25,Northeast,Outdoor,New,25,1864.14
2025-12-25,Northeast,Beauty,Returning,31,3358.79
2025-12-25,Southeast,Apparel,Loyalty,18,1936.21
2025-12-25,Southeast,Electronics,Returning,40,4121.7
2025-12-25,Southeast,Home,Loyalty,56,1020.65
2025-12-25,Southeast,Outdoor,Loyalty,11,1024.92
2025-12-25,Southeast,Beauty,Returning,8,563.16
2025-12-25,Midwest,Apparel,Loyalty,44,2719.66
2025-12-25,Midwest,Electronics,New,45,1078.26
2025-12-25,Midwest,Home,Returning,47,2067.57
2025-12-25,Midwest,Outdoor,Returning,27,1476.98
2025-12-25,Midwest,Beauty,Returning,31,1363.81
2025-12-25,West,Apparel,Loyalty,7,475.84
2025-12-25,West,Electronics,Returning,40,687.33
2025-12-25,West,Home,New,20,403.45
2025-12-25,West,Outdoor,Loyalty,24,2633.61
2025-12-25,West,Beauty,Returning,55,3513.59
2025-12-26,Northeast,Apparel,Returning,23,901.18
2025-12-26,Northeast,Electronics,New,36,1340.08
2025-12-26,Northeast,Home,New,37,3408.04
2025-12-26,Northeast,Outdoor,Returning,19,1460.09
2025-12-26,Northeast,Beauty,Returning,44,2770.2
2025-12-26,Southeast,Apparel,Loyalty,15,365.62
2025-12-26,Southeast,Electronics,Loyalty,35,901.42
2025-12-26,Southeast,Home,Loyalty,46,4534.88
2025-12-26,Southeast,Outdoor,New,24,2246.86
2025-12-26,Southeast,Beauty,New,14,1003.57
2025-12-26,Midwest,Apparel,Loyalty,32,3530.81
2025-12-26,Midwest,Electronics,New,53,4147.11
2025-12-26,Midwest,Home,Loyalty,55,1928.09
2025-12-26,Midwest,Outdoor,Loyalty,28,2641.28
2025-12-26,Midwest,Beauty,New,51,1328.96
2025-12-26,West,Apparel,Returning,30,1748.63
2025-12-26,West,Electronics,Returning,11,805.68
2025-12-26,West,Home,Returning,16,1629.54
2025-12-26,West,Outdoor,New,30,659.72
2025-12-26,West,Beauty,Loyalty,45,1702.94
2025-12-27,Northeast,Apparel,New,16,470.89
2025-12-27,Northeast,Electronics,Loyalty,54,3517.21
2025-12-27,Northeast,Home,New,16,695.77
2025-12-27,Northeast,Outdoor,Returning,52,5335.53
2025-12-27,Northeast,Beauty,New,34,1593.6
2025-12-27,Southeast,Apparel,Returning,34,2403.11
2025-12-27,Southeast,Electronics,Loyalty,54,4118.04
2025-12-27,Southeast,Home,New,29,2780.38
2025-12-27,Southeast,Outdoor,New,35,1544.51
2025-12-27,Southeast,Beauty,Loyalty,15,714.54
2025-12-27,Midwest,Apparel,Loyalty,52,2888.76
2025-12-27,Midwest,Electronics,Loyalty,43,1570.15
2025-12-27,Midwest,Home,New,55,3419.53
2025-12-27,Midwest,Outdoor,Loyalty,18,527.7
2025-12-27,Midwest,Beauty,New,32,3044.83
2025-12-27,West,Apparel,Loyalty,8,315.19
2025-12-27,West,Electronics,Loyalty,17,1455.82
2025-12-27,West,Home,Loyalty,27,756.6
2025-12-27,West,Outdoor,Loyalty,7,610.11
2025-12-27,West,Beauty,New,29,2050.4
2025-12-28,Northeast,Apparel,Loyalty,8,846.04
2025-12-28,Northeast,Electronics,Loyalty,15,1302.91
2025-12-28,Northeast,Home,New,34,1898.22
2025-12-28,Northeast,Outdoor,Returning,48,5393.5
2025-12-28,Northeast,Beauty,New,25,2155.76
2025-12-28,Southeast,Apparel,Loyalty,11,366.11
2025-12-28,Southeast,Electronics,New,14,419.17
2025-12-28,Southeast,Home,Loyalty,45,2216.99
2025-12-28,Southeast,Outdoor,Loyalty,19,1631.94
2025-12-28,Southeast,Beauty,Returning,10,415.57
2025-12-28,Midwest,Apparel,Returning,17,2034.69
2025-12-28,Midwest,Electronics,Loyalty,30,923.26
2025-12-28,Midwest,Home,Loyalty,19,1940.61
2025-12-28,Midwest,Outdoor,Returning,35,2643.34
2025-12-28,Midwest,Beauty,New,29,1341.35
2025-12-28,West,Apparel,Returning,14,1534.85
2025-12-28,West,Electronics,New,32,1734.32
2025-12-28,West,Home,Returning,30,2618.86
2025-12-28,West,Outdoor,Returning,28,2767.56
2025-12-28,West,Beauty,New,33,2770.44
2025-12-29,Northeast,Apparel,Returning,12,453.8
2025-12-29,Northeast,Electronics,Loyalty,52,1454.21
2025-12-29,Northeast,Home,Loyalty,36,2369.67
2025-12-29,Northeast,Outdoor,New,22,1117.48
2025-12-29,Northeast,Beauty,Loyalty,20,373.61
2025-12-29,Southeast,Apparel,Returning,52,1362.5
2025-12-29,Southeast,Electronics,New,15,621.42
2025-12-29,Southeast,Home,New,55,4412.9
2025-12-29,Southeast,Outdoor,Loyalty,21,945.03
2025-12-29,Southeast,Beauty,Loyalty,34,1197.83
2025-12-29,Midwest,Apparel,Loyalty,15,1115.63
2025-12-29,Midwest,Electronics,New,28,1160.52
2025-12-29,Midwest,Home,New,47,2839.9
2025-12-29,Midwest,Outdoor,Loyalty,8,694.18
2025-12-29,Midwest,Beauty,New,11,247.65
2025-12-29,West,Apparel,New,30,2920.1
2025-12-29,West,Electronics,New,48,5340.14
2025-12-29,West,Home,New,29,2198.36
2025-12-29,West,Outdoor,Returning,25,1868.33
2025-12-29,West,Beauty,Loyalty,19,1224.06
2025-12-30,Northeast,Apparel,Loyalty,32,1786.76
2025-12-30,Northeast,Electronics,Loyalty,32,3619.11
2025-12-30,Northeast,Home,New,10,671.86
2025-12-30,Northeast,Outdoor,Returning,30,2779.96
2025-12-30,Northeast,Beauty,Returning,37,610.84
2025-12-30,Southeast,Apparel,New,9,534.37
2025-12-30,Southeast,Electronics,Returning,21,1105.87
2025-12-30,Southeast,Home,Loyalty,37,1339.78
2025-12-30,Southeast,Outdoor,New,27,2636.42
2025-12-30,Southeast,Beauty,New,26,2412.02
2025-12-30,Midwest,Apparel,Loyalty,7,624.87
2025-12-30,Midwest,Electronics,Loyalty,29,629.28
2025-12-30,Midwest,Home,Returning,26,2548.04
2025-12-30,Midwest,Outdoor,Returning,53,2220.62
2025-12-30,Midwest,Beauty,Returning,46,802.29
2025-12-30,West,Apparel,New,43,2669.75
2025-12-30,West,Electronics,Returning,44,3027.57
2025-12-30,West,Home,New,20,1110.55
2025-12-30,West,Outdoor,New,45,3660.8
2025-12-30,West,Beauty,New,28,935.6
2025-12-31,Northeast,Apparel,New,46,4604.12
2025-12-31,Northeast,Electronics,Loyalty,20,1001.26
2025-12-31,Northeast,Home,Returning,45,2095.22
2025-12-31,Northeast,Outdoor,Loyalty,50,1040.19
2025-12-31,Northeast,Beauty,Returning,36,1436.26
2025-12-31,Southeast,Apparel,New,31,3313.09
2025-12-31,Southeast,Electronics,New,30,1112.54
2025-12-31,Southeast,Home,Returning,27,1019.21
2025-12-31,Southeast,Outdoor,Returning,37,1613.69
2025-12-31,Southeast,Beauty,Returning,48,5521.09
2025-12-31,Midwest,Apparel,New,22,334.72
2025-12-31,Midwest,Electronics,Returning,39,1371.69
2025-12-31,Midwest,Home,New,39,4408.39
2025-12-31,Midwest,Outdoor,Loyalty,54,1043.06
2025-12-31,Midwest,Beauty,Loyalty,8,223.42
2025-12-31,West,Apparel,Returning,34,1408.8
2025-12-31,West,Electronics,Loyalty,17,428.45
2025-12-31,West,Home,Returning,46,2335.32
2025-12-31,West,Outdoor,Loyalty,51,2197.27
2025-12-31,West,Beauty,New,50,5882.72
2026-01-01,Northeast,Apparel,Returning,10,789.66
2026-01-01,Northeast,Electronics,New,30,1902.89
2026-01-01,Northeast,Home,New,22,991.82
2026-01-01,Northeast,Outdoor,Loyalty,44,1517.07
2026-01-01,Northeast,Beauty,Returning,16,1753.28
2026-01-01,Southeast,Apparel,Loyalty,28,857.19
2026-01-01,Southeast,Electronics,New,48,2962.49
2026-01-01,Southeast,Home,New,54,3170.39
2026-01-01,Southeast,Outdoor,Loyalty,7,239.07
2026-01-01,Southeast,Beauty,New,51,2596.34
2026-01-01,Midwest,Apparel,Returning,44,3584
2026-01-01,Midwest,Electronics,Loyalty,16,1736.84
2026-01-01,Midwest,Home,Returning,13,523.2
2026-01-01,Midwest,Outdoor,Returning,16,434.85
2026-01-01,Midwest,Beauty,Loyalty,16,980.35
2026-01-01,West,Apparel,Returning,22,1414.08
2026-01-01,West,Electronics,Returning,44,2641.25
2026-01-01,West,Home,Returning,15,1456.78
2026-01-01,West,Outdoor,New,29,3423.87
2026-01-01,West,Beauty,New,40,1061.5
2026-01-02,Northeast,Apparel,New,24,817.32
2026-01-02,Northeast,Electronics,New,8,765.71
2026-01-02,Northeast,Home,New,44,2713.48
2026-01-02,Northeast,Outdoor,Loyalty,23,1436.85
2026-01-02,Northeast,Beauty,Returning,10,669.2
2026-01-02,Southeast,Apparel,New,36,2456.66
2026-01-02,Southeast,Electronics,New,21,1685.68
2026-01-02,Southeast,Home,Loyalty,28,3283.88
2026-01-02,Southeast,Outdoor,Loyalty,26,2255.56
2026-01-02,Southeast,Beauty,New,35,1513.43
2026-01-02,Midwest,Apparel,New,17,1930.11
2026-01-02,Midwest,Electronics,New,10,815.14
2026-01-02,Midwest,Home,New,48,5538.73
2026-01-02,Midwest,Outdoor,Loyalty,41,2681.62
2026-01-02,Midwest,Beauty,New,42,4302.16
2026-01-02,West,Apparel,New,47,5537.41
2026-01-02,West,Electronics,Loyalty,35,2955.32
2026-01-02,West,Home,Loyalty,21,1013.96
2026-01-02,West,Outdoor,New,19,1273.43
2026-01-02,West,Beauty,Loyalty,34,3465.02
2026-01-03,Northeast,Apparel,New,53,918.04
2026-01-03,Northeast,Electronics,Returning,41,4187.69
2026-01-03,Northeast,Home,New,29,2976.51
2026-01-03,Northeast,Outdoor,Returning,44,2456.19
2026-01-03,Northeast,Beauty,Returning,41,4561.46
2026-01-03,Southeast,Apparel,New,41,2219.32
2026-01-03,Southeast,Electronics,Returning,33,794.28
2026-01-03,Southeast,Home,New,40,3242.98
2026-01-03,Southeast,Outdoor,Returning,31,1844.32
2026-01-03,Southeast,Beauty,New,34,2811.11
2026-01-03,Midwest,Apparel,New,36,2232.93
2026-01-03,Midwest,Electronics,Returning,22,970.8
2026-01-03,Midwest,Home,Loyalty,52,851.29
2026-01-03,Midwest,Outdoor,Returning,42,2931.13
2026-01-03,Midwest,Beauty,Returning,34,726.63
2026-01-03,West,Apparel,Loyalty,33,3269.69
2026-01-03,West,Electronics,New,45,3084.48
2026-01-03,West,Home,New,52,5992.32
2026-01-03,West,Outdoor,New,42,2444.67
2026-01-03,West,Beauty,New,45,2401.21
2026-01-04,Northeast,Apparel,Returning,11,990.2
2026-01-04,Northeast,Electronics,Returning,24,1109.78
2026-01-04,Northeast,Home,Returning,53,3444.7
2026-01-04,Northeast,Outdoor,Loyalty,54,6008.78
2026-01-04,Northeast,Beauty,Returning,41,3215.88
2026-01-04,Southeast,Apparel,Returning,7,282.14
2026-01-04,Southeast,Electronics,Loyalty,50,5956.17
2026-01-04,Southeast,Home,Returning,49,5037.53
2026-01-04,Southeast,Outdoor,New,27,1947.78
2026-01-04,Southeast,Beauty,New,49,902.18
2026-01-04,Midwest,Apparel,New,9,262.17
2026-01-04,Midwest,Electronics,New,26,542.26
2026-01-04,Midwest,Home,New,29,1118.22
2026-01-04,Midwest,Outdoor,Loyalty,11,327.63
2026-01-04,Midwest,Beauty,Returning,20,1492.73
2026-01-04,West,Apparel,New,50,4634.37
2026-01-04,West,Electronics,Returning,48,4316.8
2026-01-04,West,Home,New,49,5451.76
2026-01-04,West,Outdoor,Loyalty,18,1538.79
2026-01-04,West,Beauty,New,12,542.73
2026-01-05,Northeast,Apparel,Loyalty,45,1640.08
2026-01-05,Northeast,Electronics,Loyalty,8,291.54
2026-01-05,Northeast,Home,Returning,15,1402.34
2026-01-05,Northeast,Outdoor,Loyalty,30,2615.32
2026-01-05,Northeast,Beauty,New,42,3940.21
2026-01-05,Southeast,Apparel,Returning,34,766.09
2026-01-05,Southeast,Electronics,Loyalty,24,1485.75
2026-01-05,Southeast,Home,New,15,839.98
2026-01-05,Southeast,Outdoor,New,54,5101.87
2026-01-05,Southeast,Beauty,Loyalty,18,666.72
2026-01-05,Midwest,Apparel,Loyalty,28,439.42
2026-01-05,Midwest,Electronics,New,11,966.16
2026-01-05,Midwest,Home,Returning,46,4599.58
2026-01-05,Midwest,Outdoor,New,31,3523.45
2026-01-05,Midwest,Beauty,New,51,1151.55
2026-01-05,West,Apparel,New,28,2708.11
2026-01-05,West,Electronics,Returning,49,2477.47
2026-01-05,West,Home,Loyalty,49,1518.16
2026-01-05,West,Outdoor,New,24,2215.43
2026-01-05,West,Beauty,Returning,31,3505.67
2026-01-06,Northeast,Apparel,Returning,26,1316.25
2026-01-06,Northeast,Electronics,New,9,1028.6
2026-01-06,Northeast,Home,Returning,30,815.6
2026-01-06,Northeast,Outdoor,Returning,25,1906.59
2026-01-06,Northeast,Beauty,Returning,52,1917.31
2026-01-06,Southeast,Apparel,New,46,890.05
2026-01-06,Southeast,Electronics,Returning,53,6079.74
2026-01-06,Southeast,Home,Returning,50,3933.31
2026-01-06,Southeast,Outdoor,Returning,15,1726.7
2026-01-06,Southeast,Beauty,Returning,12,895.81
2026-01-06,Midwest,Apparel,Returning,12,266.88
2026-01-06,Midwest,Electronics,New,25,1518.75
2026-01-06,Midwest,Home,Loyalty,37,1369.23
2026-01-06,Midwest,Outdoor,Loyalty,41,3936.2
2026-01-06,Midwest,Beauty,Returning,49,4027.19
2026-01-06,West,Apparel,Returning,25,569.31
2026-01-06,West,Electronics,Returning,44,3963.25
2026-01-06,West,Home,Loyalty,53,1252
2026-01-06,West,Outdoor,New,7,370.88
2026-01-06,West,Beauty,New,21,2181.35
2026-01-07,Northeast,Apparel,New,9,945.32
2026-01-07,Northeast,Electronics,New,43,2000.64
2026-01-07,Northeast,Home,Loyalty,15,832.68
2026-01-07,Northeast,Outdoor,Returning,46,873.67
2026-01-07,Northeast,Beauty,Loyalty,50,2989.31
2026-01-07,Southeast,Apparel,Loyalty,19,682.37
2026-01-07,Southeast,Electronics,Loyalty,19,1241.6
2026-01-07,Southeast,Home,Returning,46,1899.01
2026-01-07,Southeast,Outdoor,New,50,3901.6
2026-01-07,Southeast,Beauty,Returning,40,3500.98
2026-01-07,Midwest,Apparel,Loyalty,35,592.2
2026-01-07,Midwest,Electronics,Loyalty,34,546.04
2026-01-07,Midwest,Home,Returning,18,1588.13
2026-01-07,Midwest,Outdoor,Loyalty,29,3379.67
2026-01-07,Midwest,Beauty,Returning,21,1512.93
2026-01-07,West,Apparel,Loyalty,46,2227.22
2026-01-07,West,Electronics,Returning,47,4913.21
2026-01-07,West,Home,Returning,26,3106.93
2026-01-07,West,Outdoor,New,11,859.01
2026-01-07,West,Beauty,Returning,45,4332.52
2026-01-08,Northeast,Apparel,Returning,18,916.3
2026-01-08,Northeast,Electronics,New,47,1501.13
2026-01-08,Northeast,Home,Loyalty,10,774.65
2026-01-08,Northeast,Outdoor,Returning,52,4112.8
2026-01-08,Northeast,Beauty,New,17,1388.72
2026-01-08,Southeast,Apparel,New,38,4282.53
2026-01-08,Southeast,Electronics,New,43,4555.11
2026-01-08,Southeast,Home,Loyalty,24,559
2026-01-08,Southeast,Outdoor,Loyalty,21,871.74
2026-01-08,Southeast,Beauty,Loyalty,27,2309.05
2026-01-08,Midwest,Apparel,New,9,245.4
2026-01-08,Midwest,Electronics,Returning,34,963.08
2026-01-08,Midwest,Home,Returning,15,809.96
2026-01-08,Midwest,Outdoor,Returning,36,1172.88
2026-01-08,Midwest,Beauty,New,20,2227.43
2026-01-08,West,Apparel,New,43,3666.79
2026-01-08,West,Electronics,Returning,29,916.41
2026-01-08,West,Home,New,47,3511.53
2026-01-08,West,Outdoor,New,10,234.48
2026-01-08,West,Beauty,Returning,52,3072.4
2026-01-09,Northeast,Apparel,Loyalty,14,343.8
2026-01-09,Northeast,Electronics,New,26,2688.52
2026-01-09,Northeast,Home,Returning,14,1086.69
2026-01-09,Northeast,Outdoor,Returning,38,2656.99
2026-01-09,Northeast,Beauty,Returning,13,671.77
2026-01-09,Southeast,Apparel,New,33,1670.96
2026-01-09,Southeast,Electronics,Returning,12,984.27
2026-01-09,Southeast,Home,Loyalty,42,3495.42
2026-01-09,Southeast,Outdoor,Returning,34,2946.99
2026-01-09,Southeast,Beauty,Returning,51,5570.61
2026-01-09,Midwest,Apparel,New,25,1626.13
2026-01-09,Midwest,Electronics,Loyalty,31,1438.94
2026-01-09,Midwest,Home,Returning,29,2458.9
2026-01-09,Midwest,Outdoor,Returning,37,1089.21
2026-01-09,Midwest,Beauty,New,12,682.99
2026-01-09,West,Apparel,Returning,52,6009.68
2026-01-09,West,Electronics,New,17,1476.99
2026-01-09,West,Home,Returning,21,518.18
2026-01-09,West,Outdoor,New,24,1020.32
2026-01-09,West,Beauty,Loyalty,30,1709.49
2026-01-10,Northeast,Apparel,Loyalty,20,1627.42
2026-01-10,Northeast,Electronics,New,15,447.84
2026-01-10,Northeast,Home,Returning,24,373.39
2026-01-10,Northeast,Outdoor,Returning,25,1918.29
2026-01-10,Northeast,Beauty,Loyalty,16,657.51
2026-01-10,Southeast,Apparel,Loyalty,12,612.29
2026-01-10,Southeast,Electronics,New,29,1984.68
2026-01-10,Southeast,Home,Returning,13,1388.19
2026-01-10,Southeast,Outdoor,New,33,2171.47
2026-01-10,Southeast,Beauty,New,24,510.25
2026-01-10,Midwest,Apparel,Returning,23,2570.38
2026-01-10,Midwest,Electronics,New,26,795.99
2026-01-10,Midwest,Home,New,16,1575.21
2026-01-10,Midwest,Outdoor,New,16,1881.17
2026-01-10,Midwest,Beauty,Returning,43,1167.55
2026-01-10,West,Apparel,Loyalty,20,457.81
2026-01-10,West,Electronics,Returning,52,2246.56
2026-01-10,West,Home,Loyalty,40,3267.95
2026-01-10,West,Outdoor,Returning,50,3738.09
2026-01-10,West,Beauty,Returning,31,3562.94
2026-01-11,Northeast,Apparel,Loyalty,12,739.63
2026-01-11,Northeast,Electronics,Loyalty,10,1043.26
2026-01-11,Northeast,Home,New,40,2890.57
2026-01-11,Northeast,Outdoor,New,47,5163.92
2026-01-11,Northeast,Beauty,Returning,51,861.95
2026-01-11,Southeast,Apparel,Loyalty,33,2498.99
2026-01-11,Southeast,Electronics,Returning,21,1889.8
2026-01-11,Southeast,Home,New,30,2326.85
2026-01-11,Southeast,Outdoor,Loyalty,16,288.14
2026-01-11,Southeast,Beauty,Returning,42,706.65
2026-01-11,Midwest,Apparel,New,51,3569.06
2026-01-11,Midwest,Electronics,Returning,29,2482.23
2026-01-11,Midwest,Home,Loyalty,9,840.54
2026-01-11,Midwest,Outdoor,New,29,479.06
2026-01-11,Midwest,Beauty,Returning,26,1462.57
2026-01-11,West,Apparel,Returning,41,4794.49
2026-01-11,West,Electronics,New,25,1419.48
2026-01-11,West,Home,Loyalty,14,366.5
2026-01-11,West,Outdoor,Returning,16,1642.89
2026-01-11,West,Beauty,New,21,1198.7
2026-01-12,Northeast,Apparel,Returning,40,3621.05
2026-01-12,Northeast,Electronics,Returning,9,580.63
2026-01-12,Northeast,Home,Returning,35,1385.5
2026-01-12,Northeast,Outdoor,New,50,5276.46
2026-01-12,Northeast,Beauty,New,35,1063.99
2026-01-12,Southeast,Apparel,Loyalty,11,1061.11
2026-01-12,Southeast,Electronics,Loyalty,27,1571.73
2026-01-12,Southeast,Home,New,17,838.63
2026-01-12,Southeast,Outdoor,Loyalty,20,1109.49
2026-01-12,Southeast,Beauty,Returning,23,994.49
2026-01-12,Midwest,Apparel,Returning,9,782.75
2026-01-12,Midwest,Electronics,New,40,2683.51
2026-01-12,Midwest,Home,New,25,1856.79
2026-01-12,Midwest,Outdoor,New,23,2296.95
2026-01-12,Midwest,Beauty,Returning,40,631.92
2026-01-12,West,Apparel,Returning,29,2812.72
2026-01-12,West,Electronics,Returning,13,974.06
2026-01-12,West,Home,Returning,43,3018.76
2026-01-12,West,Outdoor,Loyalty,14,417.87
2026-01-12,West,Beauty,New,23,2242.85
2026-01-13,Northeast,Apparel,Returning,22,1734.2
2026-01-13,Northeast,Electronics,Loyalty,33,1927.29
2026-01-13,Northeast,Home,New,8,944.77
2026-01-13,Northeast,Outdoor,Loyalty,33,771.33
2026-01-13,Northeast,Beauty,New,8,505.47
2026-01-13,Southeast,Apparel,Loyalty,31,1341.33
2026-01-13,Southeast,Electronics,New,7,226.55
2026-01-13,Southeast,Home,Returning,17,854.84
2026-01-13,Southeast,Outdoor,Returning,40,2570.89
2026-01-13,Southeast,Beauty,Loyalty,9,854.99
2026-01-13,Midwest,Apparel,Returning,22,2498.16
2026-01-13,Midwest,Electronics,Loyalty,54,2887.11
2026-01-13,Midwest,Home,New,39,664
2026-01-13,Midwest,Outdoor,Returning,52,871.13
2026-01-13,Midwest,Beauty,New,38,841.87
2026-01-13,West,Apparel,Returning,10,456.43
2026-01-13,West,Electronics,Returning,17,1922.58
2026-01-13,West,Home,Returning,29,761.06
2026-01-13,West,Outdoor,Loyalty,9,777.09
2026-01-13,West,Beauty,New,42,4907.29
2026-01-14,Northeast,Apparel,Returning,45,1195.77
2026-01-14,Northeast,Electronics,Loyalty,30,2815.27
2026-01-14,Northeast,Home,Returning,10,437.75
2026-01-14,Northeast,Outdoor,Loyalty,47,4767.66
2026-01-14,Northeast,Beauty,New,17,1861.76
2026-01-14,Southeast,Apparel,Loyalty,27,2007.08
2026-01-14,Southeast,Electronics,Loyalty,28,2340.26
2026-01-14,Southeast,Home,Returning,9,954.91
2026-01-14,Southeast,Outdoor,New,44,2198.26
2026-01-14,Southeast,Beauty,Returning,13,1251.31
2026-01-14,Midwest,Apparel,Returning,15,235.89
2026-01-14,Midwest,Electronics,New,15,366.49
2026-01-14,Midwest,Home,New,36,3596.77
2026-01-14,Midwest,Outdoor,Loyalty,11,415.85
2026-01-14,Midwest,Beauty,New,32,2122.3
2026-01-14,West,Apparel,Returning,48,4360.57
2026-01-14,West,Electronics,Returning,21,1521.13
2026-01-14,West,Home,Loyalty,7,823.78
2026-01-14,West,Outdoor,New,33,3750.11
2026-01-14,West,Beauty,Loyalty,23,1345.75
2026-01-15,Northeast,Apparel,New,50,1097.81
2026-01-15,Northeast,Electronics,New,36,1204.03
2026-01-15,Northeast,Home,New,20,1630.38
2026-01-15,Northeast,Outdoor,Returning,49,3847.37
2026-01-15,Northeast,Beauty,New,43,2258.28
2026-01-15,Southeast,Apparel,Returning,41,1424.52
2026-01-15,Southeast,Electronics,Returning,10,1084.63
2026-01-15,Southeast,Home,Returning,16,1733.12
2026-01-15,Southeast,Outdoor,Returning,41,1980.16
2026-01-15,Southeast,Beauty,Loyalty,33,806.73
2026-01-15,Midwest,Apparel,Returning,19,810.09
2026-01-15,Midwest,Electronics,Loyalty,24,2835.2
2026-01-15,Midwest,Home,New,46,4008.87
2026-01-15,Midwest,Outdoor,Loyalty,29,2627.81
2026-01-15,Midwest,Beauty,New,32,2359.07
2026-01-15,West,Apparel,Returning,33,1791.23
2026-01-15,West,Electronics,New,33,2129.6
2026-01-15,West,Home,New,49,3376.6
2026-01-15,West,Outdoor,Loyalty,45,4698.29
2026-01-15,West,Beauty,New,26,1746.19
2026-01-16,Northeast,Apparel,New,23,1927.27
2026-01-16,Northeast,Electronics,Loyalty,37,826.7
2026-01-16,Northeast,Home,Loyalty,51,1048.59
2026-01-16,Northeast,Outdoor,New,46,2874.57
2026-01-16,Northeast,Beauty,Returning,11,510.51
2026-01-16,Southeast,Apparel,Returning,12,967.81
2026-01-16,Southeast,Electronics,Loyalty,16,862.52
2026-01-16,Southeast,Home,New,34,1940.07
2026-01-16,Southeast,Outdoor,Returning,14,1603.35
2026-01-16,Southeast,Beauty,New,13,749.92
2026-01-16,Midwest,Apparel,Returning,41,3988.47
2026-01-16,Midwest,Electronics,Loyalty,22,1347.83
2026-01-16,Midwest,Home,Loyalty,32,3573.15
2026-01-16,Midwest,Outdoor,Loyalty,27,2751.81
2026-01-16,Midwest,Beauty,New,7,626.33
2026-01-16,West,Apparel,Loyalty,19,574.85
2026-01-16,West,Electronics,Returning,48,4571.32
2026-01-16,West,Home,Loyalty,18,1545.82
2026-01-16,West,Outdoor,New,21,2161.64
2026-01-16,West,Beauty,New,37,1980.61
2026-01-17,Northeast,Apparel,Returning,10,1081.47
2026-01-17,Northeast,Electronics,Loyalty,30,1920.89
2026-01-17,Northeast,Home,New,24,360.6
2026-01-17,Northeast,Outdoor,Loyalty,44,2045.99
2026-01-17,Northeast,Beauty,New,36,2558.67
2026-01-17,Southeast,Apparel,New,38,1486.74
2026-01-17,Southeast,Electronics,Returning,8,487.09
2026-01-17,Southeast,Home,New,18,1010.23
2026-01-17,Southeast,Outdoor,New,27,1343.68
2026-01-17,Southeast,Beauty,Loyalty,37,1162.9
2026-01-17,Midwest,Apparel,Loyalty,40,1930.45
2026-01-17,Midwest,Electronics,New,45,2235.72
2026-01-17,Midwest,Home,Returning,49,1250.5
2026-01-17,Midwest,Outdoor,Returning,30,2160.8
2026-01-17,Midwest,Beauty,Returning,52,1534.4
2026-01-17,West,Apparel,New,13,517.5
2026-01-17,West,Electronics,Returning,14,1038.54
2026-01-17,West,Home,Returning,36,3115.93
2026-01-17,West,Outdoor,New,14,1529.02
2026-01-17,West,Beauty,Loyalty,54,2486.4
2026-01-18,Northeast,Apparel,New,29,1886.7
2026-01-18,Northeast,Electronics,Returning,13,594.36
2026-01-18,Northeast,Home,New,19,1561.4
2026-01-18,Northeast,Outdoor,Returning,37,4259.07
2026-01-18,Northeast,Beauty,New,47,2315.64
2026-01-18,Southeast,Apparel,Loyalty,36,3525.59
2026-01-18,Southeast,Electronics,Returning,46,3983.54
2026-01-18,Southeast,Home,Loyalty,8,357.94
2026-01-18,Southeast,Outdoor,Returning,27,1188.66
2026-01-18,Southeast,Beauty,Returning,42,719.91
2026-01-18,Midwest,Apparel,New,48,1879.57
2026-01-18,Midwest,Electronics,Returning,24,1411.32
2026-01-18,Midwest,Home,Returning,11,494.96
2026-01-18,Midwest,Outdoor,Loyalty,37,2654.77
2026-01-18,Midwest,Beauty,New,25,1204.27
2026-01-18,West,Apparel,Returning,41,4379.3
2026-01-18,West,Electronics,New,47,1871.42
2026-01-18,West,Home,Returning,42,1034.06
2026-01-18,West,Outdoor,Returning,26,1754.48
2026-01-18,West,Beauty,Loyalty,47,5249.65
2026-01-19,Northeast,Apparel,Returning,30,2637
2026-01-19,Northeast,Electronics,Loyalty,50,4479.66
2026-01-19,Northeast,Home,Loyalty,29,679.5
2026-01-19,Northeast,Outdoor,Returning,36,3412.03
2026-01-19,Northeast,Beauty,Loyalty,45,1241.09
2026-01-19,Southeast,Apparel,Loyalty,8,558.04
2026-01-19,Southeast,Electronics,Returning,35,1940.41
2026-01-19,Southeast,Home,New,26,1912.71
2026-01-19,Southeast,Outdoor,Returning,26,1418.98
2026-01-19,Southeast,Beauty,Returning,42,4821.94
2026-01-19,Midwest,Apparel,Loyalty,25,1647.26
2026-01-19,Midwest,Electronics,Returning,20,1982.07
2026-01-19,Midwest,Home,Loyalty,42,1944.02
2026-01-19,Midwest,Outdoor,New,9,815.14
2026-01-19,Midwest,Beauty,Returning,40,2724.83
2026-01-19,West,Apparel,New,12,919.68
2026-01-19,West,Electronics,Returning,21,880.59
2026-01-19,West,Home,New,50,1978.4
2026-01-19,West,Outdoor,Loyalty,45,4045.34
2026-01-19,West,Beauty,Returning,7,416.11
2026-01-20,Northeast,Apparel,New,9,625.21
2026-01-20,Northeast,Electronics,Loyalty,30,1879.78
2026-01-20,Northeast,Home,New,33,1638.98
2026-01-20,Northeast,Outdoor,Returning,49,3909.57
2026-01-20,Northeast,Beauty,New,30,2218.4
2026-01-20,Southeast,Apparel,Returning,32,1733.22
2026-01-20,Southeast,Electronics,New,9,1015.35
2026-01-20,Southeast,Home,New,36,3620.97
2026-01-20,Southeast,Outdoor,Loyalty,36,678.12
2026-01-20,Southeast,Beauty,Loyalty,33,2389.52
2026-01-20,Midwest,Apparel,Loyalty,52,5277.77
2026-01-20,Midwest,Electronics,Returning,50,3542.96
2026-01-20,Midwest,Home,New,40,1878
2026-01-20,Midwest,Outdoor,Loyalty,22,701.82
2026-01-20,Midwest,Beauty,New,36,2140.39
2026-01-20,West,Apparel,Loyalty,11,232.85
2026-01-20,West,Electronics,Returning,53,957.62
2026-01-20,West,Home,Loyalty,31,3431.41
2026-01-20,West,Outdoor,Loyalty,14,1593.37
2026-01-20,West,Beauty,Loyalty,22,797.08
2026-01-21,Northeast,Apparel,Loyalty,13,1150.03
2026-01-21,Northeast,Electronics,Returning,11,1174.24
2026-01-21,Northeast,Home,New,44,3565.07
2026-01-21,Northeast,Outdoor,Returning,38,1992.5
2026-01-21,Northeast,Beauty,Returning,50,1047.9
2026-01-21,Southeast,Apparel,Returning,29,997.96
2026-01-21,Southeast,Electronics,Loyalty,24,958.57
2026-01-21,Southeast,Home,New,39,3827.99
2026-01-21,Southeast,Outdoor,Loyalty,24,580.66
2026-01-21,Southeast,Beauty,Loyalty,32,2739.82
2026-01-21,Midwest,Apparel,New,51,5198.94
2026-01-21,Midwest,Electronics,Returning,47,716.58
2026-01-21,Midwest,Home,New,50,2845.03
2026-01-21,Midwest,Outdoor,Loyalty,25,1604.2
2026-01-21,Midwest,Beauty,New,17,1283.5
2026-01-21,West,Apparel,Loyalty,38,1000.07
2026-01-21,West,Electronics,Returning,13,1453.36
2026-01-21,West,Home,Loyalty,46,4219.87
2026-01-21,West,Outdoor,Returning,26,780.66
2026-01-21,West,Beauty,Loyalty,11,519.86
2026-01-22,Northeast,Apparel,New,42,1959.82
2026-01-22,Northeast,Electronics,Loyalty,7,459.7
2026-01-22,Northeast,Home,Loyalty,23,1464.28
2026-01-22,Northeast,Outdoor,Returning,53,6092.7
2026-01-22,Northeast,Beauty,New,17,392.35
2026-01-22,Southeast,Apparel,Returning,38,2239.49
2026-01-22,Southeast,Electronics,Returning,12,571.88
2026-01-22,Southeast,Home,New,39,4453.84
2026-01-22,Southeast,Outdoor,Loyalty,21,2269.48
2026-01-22,Southeast,Beauty,Loyalty,26,1477.41
2026-01-22,Midwest,Apparel,Loyalty,27,856.01
2026-01-22,Midwest,Electronics,Returning,31,2232.82
2026-01-22,Midwest,Home,Loyalty,23,957.68
2026-01-22,Midwest,Outdoor,Loyalty,51,5215.04
2026-01-22,Midwest,Beauty,New,38,4320.97
2026-01-22,West,Apparel,Loyalty,17,1516.03
2026-01-22,West,Electronics,New,20,834.67
2026-01-22,West,Home,Returning,41,4590.53
2026-01-22,West,Outdoor,Returning,31,880.25
2026-01-22,West,Beauty,Returning,48,1601.34
2026-01-23,Northeast,Apparel,Loyalty,18,1908.71
2026-01-23,Northeast,Electronics,Returning,42,653.39
2026-01-23,Northeast,Home,Returning,52,5653.65
2026-01-23,Northeast,Outdoor,New,10,645.9
2026-01-23,Northeast,Beauty,New,10,907.75
2026-01-23,Southeast,Apparel,Returning,10,207.65
2026-01-23,Southeast,Electronics,New,53,2758.66
2026-01-23,Southeast,Home,Loyalty,32,3186.79
2026-01-23,Southeast,Outdoor,Loyalty,37,3357.58
2026-01-23,Southeast,Beauty,New,33,1400.97
2026-01-23,Midwest,Apparel,Loyalty,7,368.22
2026-01-23,Midwest,Electronics,New,40,4568.09
2026-01-23,Midwest,Home,Loyalty,43,2090.67
2026-01-23,Midwest,Outdoor,Loyalty,46,4489.6
2026-01-23,Midwest,Beauty,New,22,1529.7
2026-01-23,West,Apparel,Returning,39,1422.87
2026-01-23,West,Electronics,New,7,467.18
2026-01-23,West,Home,New,16,1660.97
2026-01-23,West,Outdoor,New,16,1232.07
2026-01-23,West,Beauty,Returning,9,926.1
2026-01-24,Northeast,Apparel,Loyalty,8,807.05
2026-01-24,Northeast,Electronics,Returning,49,1419.36
2026-01-24,Northeast,Home,Loyalty,53,5751.39
2026-01-24,Northeast,Outdoor,Loyalty,32,1582.87
2026-01-24,Northeast,Beauty,New,46,3372.4
2026-01-24,Southeast,Apparel,New,43,2502.09
2026-01-24,Southeast,Electronics,Loyalty,12,932.6
2026-01-24,Southeast,Home,Returning,54,6207.53
2026-01-24,Southeast,Outdoor,Returning,45,1483.53
2026-01-24,Southeast,Beauty,Loyalty,42,4971.44
2026-01-24,Midwest,Apparel,Loyalty,43,5152.16
2026-01-24,Midwest,Electronics,Returning,31,1238.12
2026-01-24,Midwest,Home,Returning,38,1180.93
2026-01-24,Midwest,Outdoor,Loyalty,42,3921.35
2026-01-24,Midwest,Beauty,Returning,14,290.84
2026-01-24,West,Apparel,Returning,11,522.21
2026-01-24,West,Electronics,New,8,704.02
2026-01-24,West,Home,Returning,11,568.77
2026-01-24,West,Outdoor,Loyalty,43,3992.09
2026-01-24,West,Beauty,Returning,38,4282.88
2026-01-25,Northeast,Apparel,New,29,2100.57
2026-01-25,Northeast,Electronics,Loyalty,7,477.69
2026-01-25,Northeast,Home,Loyalty,46,5498.89
2026-01-25,Northeast,Outdoor,Loyalty,15,986.18
2026-01-25,Northeast,Beauty,Returning,22,2254.18
2026-01-25,Southeast,Apparel,Returning,13,1393.22
2026-01-25,Southeast,Electronics,Loyalty,9,769.46
2026-01-25,Southeast,Home,Returning,47,4198.52
2026-01-25,Southeast,Outdoor,Loyalty,17,1205.82
2026-01-25,Southeast,Beauty,Loyalty,37,651.27
2026-01-25,Midwest,Apparel,New,11,784.49
2026-01-25,Midwest,Electronics,Returning,23,2328.13
2026-01-25,Midwest,Home,Loyalty,9,495.41
2026-01-25,Midwest,Outdoor,New,38,2724.75
2026-01-25,Midwest,Beauty,New,41,3336.59
2026-01-25,West,Apparel,New,44,4326.24
2026-01-25,West,Electronics,Loyalty,40,705.07
2026-01-25,West,Home,Returning,13,1015.62
2026-01-25,West,Outdoor,Loyalty,34,791.34
2026-01-25,West,Beauty,Loyalty,9,792.3
2026-01-26,Northeast,Apparel,Returning,9,263.97
2026-01-26,Northeast,Electronics,Returning,47,3535.01
2026-01-26,Northeast,Home,New,48,4389.45
2026-01-26,Northeast,Outdoor,Returning,53,2579.2
2026-01-26,Northeast,Beauty,New,27,1978.16
2026-01-26,Southeast,Apparel,Returning,44,4059.04
2026-01-26,Southeast,Electronics,Loyalty,21,1093.4
2026-01-26,Southeast,Home,New,22,2073.28
2026-01-26,Southeast,Outdoor,New,37,3988.1
2026-01-26,Southeast,Beauty,Returning,51,2346.91
2026-01-26,Midwest,Apparel,New,22,856.57
2026-01-26,Midwest,Electronics,Returning,11,566.93
2026-01-26,Midwest,Home,Loyalty,32,2068.36
2026-01-26,Midwest,Outdoor,Returning,44,1784.49
2026-01-26,Midwest,Beauty,New,27,2118.89
2026-01-26,West,Apparel,New,50,3054.4
2026-01-26,West,Electronics,Loyalty,17,405.54
2026-01-26,West,Home,Loyalty,53,1173.78
2026-01-26,West,Outdoor,New,23,1351.94
2026-01-26,West,Beauty,Loyalty,13,1149.21
2026-01-27,Northeast,Apparel,New,25,1515.23
2026-01-27,Northeast,Electronics,Loyalty,53,4456.6
2026-01-27,Northeast,Home,Loyalty,17,1472.56
2026-01-27,Northeast,Outdoor,Loyalty,41,1868.22
2026-01-27,Northeast,Beauty,Returning,45,1311.62
2026-01-27,Southeast,Apparel,Returning,20,2003.89
2026-01-27,Southeast,Electronics,New,53,5050.5
2026-01-27,Southeast,Home,Loyalty,11,492.04
2026-01-27,Southeast,Outdoor,Returning,19,2088.27
2026-01-27,Southeast,Beauty,New,24,1395.11
2026-01-27,Midwest,Apparel,New,38,3690.44
2026-01-27,Midwest,Electronics,Returning,11,1032.37
2026-01-27,Midwest,Home,New,9,533.84
2026-01-27,Midwest,Outdoor,Loyalty,11,1229.72
2026-01-27,Midwest,Beauty,Returning,8,788.91
2026-01-27,West,Apparel,New,40,708.36
2026-01-27,West,Electronics,Returning,22,430.27
2026-01-27,West,Home,Loyalty,18,1128.32
2026-01-27,West,Outdoor,Loyalty,14,946.16
2026-01-27,West,Beauty,Loyalty,44,1098.4
2026-01-28,Northeast,Apparel,Loyalty,27,1599.15
2026-01-28,Northeast,Electronics,Loyalty,34,2003.33
2026-01-28,Northeast,Home,Loyalty,19,642.89
2026-01-28,Northeast,Outdoor,Loyalty,34,2049.46
2026-01-28,Northeast,Beauty,New,12,426.4
2026-01-28,Southeast,Apparel,New,13,1429.77
2026-01-28,Southeast,Electronics,New,19,521.4
2026-01-28,Southeast,Home,New,31,2969.42
2026-01-28,Southeast,Outdoor,Loyalty,28,2236.65
2026-01-28,Southeast,Beauty,Loyalty,21,1000.59
2026-01-28,Midwest,Apparel,Loyalty,15,1215.2
2026-01-28,Midwest,Electronics,Loyalty,51,3593.05
2026-01-28,Midwest,Home,Loyalty,31,754.42
2026-01-28,Midwest,Outdoor,Returning,12,846.81
2026-01-28,Midwest,Beauty,Returning,30,2013.31
2026-01-28,West,Apparel,Loyalty,26,2552.17
2026-01-28,West,Electronics,New,30,790.72
2026-01-28,West,Home,New,49,2507.61
2026-01-28,West,Outdoor,New,34,3913.28
2026-01-28,West,Beauty,Returning,15,353.85
2026-01-29,Northeast,Apparel,Loyalty,40,2804.63
2026-01-29,Northeast,Electronics,Loyalty,11,711.01
2026-01-29,Northeast,Home,Loyalty,25,1538.5
2026-01-29,Northeast,Outdoor,New,13,489.79
2026-01-29,Northeast,Beauty,New,48,4664.48
2026-01-29,Southeast,Apparel,Loyalty,52,4565.21
2026-01-29,Southeast,Electronics,Loyalty,52,1799.97
2026-01-29,Southeast,Home,Loyalty,34,917.49
2026-01-29,Southeast,Outdoor,New,7,404.02
2026-01-29,Southeast,Beauty,Returning,38,3798.45
2026-01-29,Midwest,Apparel,Loyalty,53,2507.86
2026-01-29,Midwest,Electronics,Loyalty,45,4139.01
2026-01-29,Midwest,Home,Returning,24,967.52
2026-01-29,Midwest,Outdoor,Returning,43,3586.07
2026-01-29,Midwest,Beauty,New,53,5603.52
2026-01-29,West,Apparel,Returning,25,2359.18
2026-01-29,West,Electronics,New,18,1470.33
2026-01-29,West,Home,Returning,52,1847.39
2026-01-29,West,Outdoor,Loyalty,50,3129.71
2026-01-29,West,Beauty,Loyalty,21,1874.88
2026-01-30,Northeast,Apparel,Loyalty,35,3771.34
2026-01-30,Northeast,Electronics,Loyalty,18,1537.16
2026-01-30,Northeast,Home,Loyalty,48,721.1
2026-01-30,Northeast,Outdoor,New,21,1492.49
2026-01-30,Northeast,Beauty,Returning,51,1833.15
2026-01-30,Southeast,Apparel,Returning,21,2450.23
2026-01-30,Southeast,Electronics,Loyalty,15,548.57
2026-01-30,Southeast,Home,Returning,39,3623.87
2026-01-30,Southeast,Outdoor,New,22,2419.17
2026-01-30,Southeast,Beauty,New,16,312.96
2026-01-30,Midwest,Apparel,Loyalty,15,1736.78
2026-01-30,Midwest,Electronics,Loyalty,10,1013.3
2026-01-30,Midwest,Home,New,33,3252.34
2026-01-30,Midwest,Outdoor,Returning,11,723.79
2026-01-30,Midwest,Beauty,Loyalty,18,502.65
2026-01-30,West,Apparel,Loyalty,39,1611.51
2026-01-30,West,Electronics,Returning,30,1029.35
2026-01-30,West,Home,Returning,17,1064.71
2026-01-30,West,Outdoor,Returning,42,4394.8
2026-01-30,West,Beauty,Returning,35,1020.32
2026-01-31,Northeast,Apparel,Returning,29,1707.3
2026-01-31,Northeast,Electronics,Loyalty,46,4340.13
2026-01-31,Northeast,Home,Loyalty,34,614.02
2026-01-31,Northeast,Outdoor,Loyalty,38,1857.6
2026-01-31,Northeast,Beauty,Loyalty,44,3110.56
2026-01-31,Southeast,Apparel,New,45,2474.21
2026-01-31,Southeast,Electronics,Loyalty,43,1194.14
2026-01-31,Southeast,Home,New,35,2714.83
2026-01-31,Southeast,Outdoor,Loyalty,14,932.24
2026-01-31,Southeast,Beauty,Returning,13,1013.72
2026-01-31,Midwest,Apparel,Returning,29,2002.97
2026-01-31,Midwest,Electronics,New,18,357.86
2026-01-31,Midwest,Home,New,13,984.78
2026-01-31,Midwest,Outdoor,Returning,32,2096.2
2026-01-31,Midwest,Beauty,New,8,572.07
2026-01-31,West,Apparel,Loyalty,43,2571.59
2026-01-31,West,Electronics,New,33,1608.89
2026-01-31,West,Home,Loyalty,51,3202.26
2026-01-31,West,Outdoor,New,32,3378.06
2026-01-31,West,Beauty,Loyalty,9,603.18
2026-02-01,Northeast,Apparel,Loyalty,13,1457.47
2026-02-01,Northeast,Electronics,New,44,2318.97
2026-02-01,Northeast,Home,New,29,977.15
2026-02-01,Northeast,Outdoor,Returning,6,174.71
2026-02-01,Northeast,Beauty,New,44,3850.81
2026-02-01,Southeast,Apparel,Returning,46,1721.93
2026-02-01,Southeast,Electronics,Returning,48,2854.65
2026-02-01,Southeast,Home,Returning,18,1628.99
2026-02-01,Southeast,Outdoor,Loyalty,37,1728.8
2026-02-01,Southeast,Beauty,Loyalty,30,1827.69
2026-02-01,Midwest,Apparel,Returning,45,3972.4
2026-02-01,Midwest,Electronics,Returning,46,1835.57
2026-02-01,Midwest,Home,Returning,36,2494.85
2026-02-01,Midwest,Outdoor,Returning,31,1220.72
2026-02-01,Midwest,Beauty,Loyalty,7,618.99
2026-02-01,West,Apparel,Loyalty,27,2808.58
2026-02-01,West,Electronics,New,11,1290.11
2026-02-01,West,Home,Loyalty,29,3184.27
2026-02-01,West,Outdoor,New,18,905.69
2026-02-01,West,Beauty,Loyalty,16,369.04
2026-02-02,Northeast,Apparel,New,18,1528.45
2026-02-02,Northeast,Electronics,New,8,911.3
2026-02-02,Northeast,Home,Returning,45,3419.66
2026-02-02,Northeast,Outdoor,Loyalty,7,794.78
2026-02-02,Northeast,Beauty,Returning,12,960.03
2026-02-02,Southeast,Apparel,Loyalty,37,3730.52
2026-02-02,Southeast,Electronics,Loyalty,11,400.8
2026-02-02,Southeast,Home,Loyalty,30,2176.38
2026-02-02,Southeast,Outdoor,Returning,46,2467.02
2026-02-02,Southeast,Beauty,Loyalty,12,190.86
2026-02-02,Midwest,Apparel,Returning,39,929.07
2026-02-02,Midwest,Electronics,Returning,24,2136.39
2026-02-02,Midwest,Home,Loyalty,36,1117.6
2026-02-02,Midwest,Outdoor,Returning,7,731.56
2026-02-02,Midwest,Beauty,New,22,1153.11
2026-02-02,West,Apparel,Returning,20,858.41
2026-02-02,West,Electronics,New,27,2100.44
2026-02-02,West,Home,Returning,48,3059.31
2026-02-02,West,Outdoor,Loyalty,36,1868.99
2026-02-02,West,Beauty,New,9,835.95
2026-02-03,Northeast,Apparel,Returning,17,1222.61
2026-02-03,Northeast,Electronics,New,20,1504.74
2026-02-03,Northeast,Home,Loyalty,9,499.18
2026-02-03,Northeast,Outdoor,Returning,16,1625.82
2026-02-03,Northeast,Beauty,Returning,26,2092.39
2026-02-03,Southeast,Apparel,New,44,2949.65
2026-02-03,Southeast,Electronics,New,39,4457.8
2026-02-03,Southeast,Home,New,8,525.27
2026-02-03,Southeast,Outdoor,New,23,1816.89
2026-02-03,Southeast,Beauty,Loyalty,28,862.67
2026-02-03,Midwest,Apparel,Returning,43,4875.48
2026-02-03,Midwest,Electronics,Returning,28,1123.93
2026-02-03,Midwest,Home,New,22,2351.2
2026-02-03,Midwest,Outdoor,Returning,28,1265.17
2026-02-03,Midwest,Beauty,Loyalty,39,2787.28
2026-02-03,West,Apparel,New,44,4804.6
2026-02-03,West,Electronics,New,24,1771.59
2026-02-03,West,Home,New,15,592.63
2026-02-03,West,Outdoor,Loyalty,20,2226.33
2026-02-03,West,Beauty,Returning,39,2393.64
2026-02-04,Northeast,Apparel,Returning,28,2783.42
2026-02-04,Northeast,Electronics,Returning,44,5120.52
2026-02-04,Northeast,Home,New,17,1150.47
2026-02-04,Northeast,Outdoor,Loyalty,9,913.34
2026-02-04,Northeast,Beauty,Returning,42,1389.71
2026-02-04,Southeast,Apparel,Loyalty,26,1020.9
2026-02-04,Southeast,Electronics,Loyalty,37,3347.09
2026-02-04,Southeast,Home,New,47,1452.74
2026-02-04,Southeast,Outdoor,Loyalty,30,478.55
2026-02-04,Southeast,Beauty,Returning,10,803.9
2026-02-04,Midwest,Apparel,Returning,32,1040.41
2026-02-04,Midwest,Electronics,Returning,10,1063.13
2026-02-04,Midwest,Home,Returning,38,661.99
2026-02-04,Midwest,Outdoor,Loyalty,47,2993.87
2026-02-04,Midwest,Beauty,New,47,4582.87
2026-02-04,West,Apparel,Returning,46,3254.61
2026-02-04,West,Electronics,Returning,34,1181.79
2026-02-04,West,Home,Loyalty,42,4362.48
2026-02-04,West,Outdoor,Loyalty,9,778.17
2026-02-04,West,Beauty,New,30,3236.79
2026-02-05,Northeast,Apparel,Returning,13,871.47
2026-02-05,Northeast,Electronics,New,36,740.97
2026-02-05,Northeast,Home,New,17,1764.47
2026-02-05,Northeast,Outdoor,Loyalty,29,1029.53
2026-02-05,Northeast,Beauty,New,34,3888.35
2026-02-05,Southeast,Apparel,Returning,38,836.01
2026-02-05,Southeast,Electronics,New,17,620.08
2026-02-05,Southeast,Home,New,8,805.99
2026-02-05,Southeast,Outdoor,Returning,42,3075.26
2026-02-05,Southeast,Beauty,Returning,39,2640.3
2026-02-05,Midwest,Apparel,Loyalty,24,1162.22
2026-02-05,Midwest,Electronics,Returning,15,393.77
2026-02-05,Midwest,Home,Loyalty,21,2300.57
2026-02-05,Midwest,Outdoor,Loyalty,25,2031.57
2026-02-05,Midwest,Beauty,Loyalty,26,1926.21
2026-02-05,West,Apparel,Returning,24,1184.97
2026-02-05,West,Electronics,Loyalty,18,846.52
2026-02-05,West,Home,Returning,42,1182.89
2026-02-05,West,Outdoor,New,26,1826.54
2026-02-05,West,Beauty,Loyalty,14,1108.28
2026-02-06,Northeast,Apparel,Returning,17,808.21
2026-02-06,Northeast,Electronics,Loyalty,21,2122.21
2026-02-06,Northeast,Home,Returning,20,741.14
2026-02-06,Northeast,Outdoor,Loyalty,12,973.66
2026-02-06,Northeast,Beauty,New,35,4143.56
2026-02-06,Southeast,Apparel,Loyalty,26,1980.44
2026-02-06,Southeast,Electronics,Returning,19,1920.93
2026-02-06,Southeast,Home,Returning,21,2248.75
2026-02-06,Southeast,Outdoor,Loyalty,36,2438.89
2026-02-06,Southeast,Beauty,Loyalty,33,1349.34
2026-02-06,Midwest,Apparel,New,16,1415.6
2026-02-06,Midwest,Electronics,Loyalty,7,506.23
2026-02-06,Midwest,Home,Loyalty,11,318.38
2026-02-06,Midwest,Outdoor,New,42,4261.66
2026-02-06,Midwest,Beauty,Returning,33,2083.91
2026-02-06,West,Apparel,Loyalty,22,2358.66
2026-02-06,West,Electronics,Returning,16,490.68
2026-02-06,West,Home,New,18,984.09
2026-02-06,West,Outdoor,Loyalty,34,1988.55
2026-02-06,West,Beauty,Returning,42,1358.32
2026-02-07,Northeast,Apparel,New,41,2098.77
2026-02-07,Northeast,Electronics,New,13,1200.16
2026-02-07,Northeast,Home,New,30,2147.29
2026-02-07,Northeast,Outdoor,New,28,1088.12
2026-02-07,Northeast,Beauty,Returning,38,1577.45
2026-02-07,Southeast,Apparel,Returning,21,1942.78
2026-02-07,Southeast,Electronics,Loyalty,14,956.33
2026-02-07,Southeast,Home,Returning,9,814.77
2026-02-07,Southeast,Outdoor,Returning,13,689.66
2026-02-07,Southeast,Beauty,Loyalty,30,1460.73
2026-02-07,Midwest,Apparel,Loyalty,11,1224.5
2026-02-07,Midwest,Electronics,Loyalty,34,2786.62
2026-02-07,Midwest,Home,Returning,29,1547.74
2026-02-07,Midwest,Outdoor,New,19,1427.45
2026-02-07,Midwest,Beauty,New,17,581.24
2026-02-07,West,Apparel,New,24,1041.2
2026-02-07,West,Electronics,New,26,2721.62
2026-02-07,West,Home,New,27,2967.96
2026-02-07,West,Outdoor,Loyalty,33,625.76
2026-02-07,West,Beauty,Loyalty,17,686.04
2026-02-08,Northeast,Apparel,New,18,1627.46
2026-02-08,Northeast,Electronics,Loyalty,25,1860.44
2026-02-08,Northeast,Home,New,38,3589.25
2026-02-08,Northeast,Outdoor,New,34,1377.79
2026-02-08,Northeast,Beauty,New,46,3785.5
2026-02-08,Southeast,Apparel,Loyalty,20,655.43
2026-02-08,Southeast,Electronics,Returning,43,1013.77
2026-02-08,Southeast,Home,Returning,41,1607.34
2026-02-08,Southeast,Outdoor,New,39,3504.14
2026-02-08,Southeast,Beauty,Returning,19,928.33
2026-02-08,Midwest,Apparel,Returning,44,2388.34
2026-02-08,Midwest,Electronics,Loyalty,33,3782.43
2026-02-08,Midwest,Home,New,8,557.65
2026-02-08,Midwest,Outdoor,Returning,11,1157.87
2026-02-08,Midwest,Beauty,Returning,42,2423.87
2026-02-08,West,Apparel,New,18,1307.9
2026-02-08,West,Electronics,Loyalty,24,1529.47
2026-02-08,West,Home,Returning,21,2439.51
2026-02-08,West,Outdoor,Returning,27,407.79
2026-02-08,West,Beauty,Loyalty,24,2665.05
2026-02-09,Northeast,Apparel,New,28,1893.22
2026-02-09,Northeast,Electronics,New,37,4030.33
2026-02-09,Northeast,Home,Loyalty,10,1032.72
2026-02-09,Northeast,Outdoor,New,15,1397.52
2026-02-09,Northeast,Beauty,Returning,19,302.18
2026-02-09,Southeast,Apparel,New,35,2197.49
2026-02-09,Southeast,Electronics,New,37,4036.07
2026-02-09,Southeast,Home,New,29,2304.43
2026-02-09,Southeast,Outdoor,New,10,300.02
2026-02-09,Southeast,Beauty,Returning,33,1964.67
2026-02-09,Midwest,Apparel,Returning,32,648.65
2026-02-09,Midwest,Electronics,New,42,2245.16
2026-02-09,Midwest,Home,Loyalty,13,1090.34
2026-02-09,Midwest,Outdoor,Loyalty,7,631.04
2026-02-09,Midwest,Beauty,New,15,317.83
2026-02-09,West,Apparel,Loyalty,33,2025.59
2026-02-09,West,Electronics,New,10,557.77
2026-02-09,West,Home,New,45,1403.19
2026-02-09,West,Outdoor,Returning,19,1436.24
2026-02-09,West,Beauty,New,19,844.41
2026-02-10,Northeast,Apparel,Returning,16,1548.79
2026-02-10,Northeast,Electronics,Returning,34,1558.36
2026-02-10,Northeast,Home,Loyalty,27,1457.44
2026-02-10,Northeast,Outdoor,New,38,4272.24
2026-02-10,Northeast,Beauty,Returning,43,3085.12
2026-02-10,Southeast,Apparel,Returning,36,2752.36
2026-02-10,Southeast,Electronics,Returning,45,4156.39
2026-02-10,Southeast,Home,Returning,24,1515.03
2026-02-10,Southeast,Outdoor,New,20,2309.34
2026-02-10,Southeast,Beauty,New,8,540.15
2026-02-10,Midwest,Apparel,Returning,21,816.67
2026-02-10,Midwest,Electronics,Loyalty,6,247.5
2026-02-10,Midwest,Home,New,9,340.72
2026-02-10,Midwest,Outdoor,Returning,18,1277.66
2026-02-10,Midwest,Beauty,Loyalty,10,513.44
2026-02-10,West,Apparel,Loyalty,10,726.17
2026-02-10,West,Electronics,New,19,1811.71
2026-02-10,West,Home,New,23,435.37
2026-02-10,West,Outdoor,Returning,41,3962.38
2026-02-10,West,Beauty,New,37,1615.35
2026-02-11,Northeast,Apparel,Returning,12,214.91
2026-02-11,Northeast,Electronics,Loyalty,38,4227.7
2026-02-11,Northeast,Home,Loyalty,11,790.2
2026-02-11,Northeast,Outdoor,Returning,45,3344.53
2026-02-11,Northeast,Beauty,Returning,30,615.74
2026-02-11,Southeast,Apparel,Loyalty,48,2739.21
2026-02-11,Southeast,Electronics,New,43,2514.11
2026-02-11,Southeast,Home,Returning,26,565.36
2026-02-11,Southeast,Outdoor,New,26,1202.34
2026-02-11,Southeast,Beauty,Returning,7,673.25
2026-02-11,Midwest,Apparel,Returning,37,568.77
2026-02-11,Midwest,Electronics,New,26,2440.99
2026-02-11,Midwest,Home,New,45,1929.04
2026-02-11,Midwest,Outdoor,Returning,8,331.96
2026-02-11,Midwest,Beauty,Loyalty,24,1708.89
2026-02-11,West,Apparel,Returning,39,1994.55
2026-02-11,West,Electronics,Loyalty,43,1736.41
2026-02-11,West,Home,Returning,42,3863.99
2026-02-11,West,Outdoor,New,47,2079.49
2026-02-11,West,Beauty,Loyalty,29,1010.32
2026-02-12,Northeast,Apparel,Returning,20,1930.97
2026-02-12,Northeast,Electronics,Returning,20,636.72
2026-02-12,Northeast,Home,Loyalty,29,1958.27
2026-02-12,Northeast,Outdoor,Returning,45,3458.13
2026-02-12,Northeast,Beauty,Loyalty,6,367.18
2026-02-12,Southeast,Apparel,Returning,9,432.61
2026-02-12,Southeast,Electronics,Loyalty,27,3201.56
2026-02-12,Southeast,Home,New,29,1618.6
2026-02-12,Southeast,Outdoor,Returning,8,953.54
2026-02-12,Southeast,Beauty,Loyalty,23,568.34
2026-02-12,Midwest,Apparel,New,46,3579.84
2026-02-12,Midwest,Electronics,Returning,17,1540.73
2026-02-12,Midwest,Home,New,22,2439.39
2026-02-12,Midwest,Outdoor,Returning,7,754.22
2026-02-12,Midwest,Beauty,New,22,1720.26
2026-02-12,West,Apparel,Loyalty,27,2956.3
2026-02-12,West,Electronics,New,24,2496.77
2026-02-12,West,Home,New,20,1686.57
2026-02-12,West,Outdoor,Returning,15,777.57
2026-02-12,West,Beauty,Returning,26,2382.61
2026-02-13,Northeast,Apparel,Loyalty,28,3152.95
2026-02-13,Northeast,Electronics,Returning,39,3812.54
2026-02-13,Northeast,Home,Returning,16,1120.43
2026-02-13,Northeast,Outdoor,Loyalty,15,1270.11
2026-02-13,Northeast,Beauty,New,26,551.42
2026-02-13,Southeast,Apparel,New,32,3623.57
2026-02-13,Southeast,Electronics,Loyalty,27,1005.76
2026-02-13,Southeast,Home,Returning,42,1040.84
2026-02-13,Southeast,Outdoor,Returning,42,4439.91
2026-02-13,Southeast,Beauty,New,15,739.31
2026-02-13,Midwest,Apparel,Returning,44,3871.7
2026-02-13,Midwest,Electronics,Returning,46,1706.72
2026-02-13,Midwest,Home,New,24,1554.48
2026-02-13,Midwest,Outdoor,Returning,34,1804.56
2026-02-13,Midwest,Beauty,New,8,369.69
2026-02-13,West,Apparel,New,28,2295.55
2026-02-13,West,Electronics,New,17,1896.11
2026-02-13,West,Home,Loyalty,17,1673.89
2026-02-13,West,Outdoor,New,15,1389.71
2026-02-13,West,Beauty,Returning,21,1950.76
2026-02-14,Northeast,Apparel,Loyalty,33,1723.9
2026-02-14,Northeast,Electronics,Returning,17,984.11
2026-02-14,Northeast,Home,New,26,1341.62
2026-02-14,Northeast,Outdoor,New,26,1916.92
2026-02-14,Northeast,Beauty,Returning,44,4851.47
2026-02-14,Southeast,Apparel,Returning,26,2466.9
2026-02-14,Southeast,Electronics,New,43,4986.23
2026-02-14,Southeast,Home,Returning,34,1693.59
2026-02-14,Southeast,Outdoor,Returning,24,2391.76
2026-02-14,Southeast,Beauty,Loyalty,16,1283.06
2026-02-14,Midwest,Apparel,Returning,29,3468.68
2026-02-14,Midwest,Electronics,New,11,248.03
2026-02-14,Midwest,Home,New,45,3874.87
2026-02-14,Midwest,Outdoor,New,7,138.54
2026-02-14,Midwest,Beauty,Returning,12,1295.38
2026-02-14,West,Apparel,Returning,10,219.02
2026-02-14,West,Electronics,New,40,768.94
2026-02-14,West,Home,New,46,3241.43
2026-02-14,West,Outdoor,Returning,24,1563.88
2026-02-14,West,Beauty,Returning,37,596.09
2026-02-15,Northeast,Apparel,Loyalty,28,2228.99
2026-02-15,Northeast,Electronics,Returning,7,612.78
2026-02-15,Northeast,Home,Returning,8,896.96
2026-02-15,Northeast,Outdoor,Loyalty,14,1578.92
2026-02-15,Northeast,Beauty,New,27,1106.07
2026-02-15,Southeast,Apparel,Returning,20,2067.82
2026-02-15,Southeast,Electronics,Returning,13,706.09
2026-02-15,Southeast,Home,New,29,2667.57
2026-02-15,Southeast,Outdoor,Loyalty,12,1329.97
2026-02-15,Southeast,Beauty,Loyalty,7,452.65
2026-02-15,Midwest,Apparel,Loyalty,32,2115.9
2026-02-15,Midwest,Electronics,Returning,43,1713.47
2026-02-15,Midwest,Home,Loyalty,39,2599.95
2026-02-15,Midwest,Outdoor,Returning,30,2363.82
2026-02-15,Midwest,Beauty,Returning,32,1557.68
2026-02-15,West,Apparel,New,44,977.46
2026-02-15,West,Electronics,Returning,46,1334.63
2026-02-15,West,Home,New,37,2871.54
2026-02-15,West,Outdoor,New,46,4777.08
2026-02-15,West,Beauty,Loyalty,24,2809.11
2026-02-16,Northeast,Apparel,Loyalty,33,1092.73
2026-02-16,Northeast,Electronics,New,13,910.37
2026-02-16,Northeast,Home,Loyalty,47,788.5
2026-02-16,Northeast,Outdoor,New,48,3943.83
2026-02-16,Northeast,Beauty,Loyalty,38,2221.71
2026-02-16,Southeast,Apparel,New,15,806.27
2026-02-16,Southeast,Electronics,New,24,1950.89
2026-02-16,Southeast,Home,New,33,1635.44
2026-02-16,Southeast,Outdoor,Returning,13,1193.97
2026-02-16,Southeast,Beauty,Returning,28,2601.42
2026-02-16,Midwest,Apparel,Returning,41,3292.3
2026-02-16,Midwest,Electronics,New,32,3831.26
2026-02-16,Midwest,Home,New,7,506.96
2026-02-16,Midwest,Outdoor,Loyalty,24,1996.24
2026-02-16,Midwest,Beauty,New,26,2288.35
2026-02-16,West,Apparel,New,33,3653.48
2026-02-16,West,Electronics,New,48,2463.59
2026-02-16,West,Home,Returning,9,922.97
2026-02-16,West,Outdoor,Loyalty,23,714.34
2026-02-16,West,Beauty,New,21,2365.62
2026-02-17,Northeast,Apparel,New,23,1401.22
2026-02-17,Northeast,Electronics,New,8,137.15
2026-02-17,Northeast,Home,Returning,8,753.95
2026-02-17,Northeast,Outdoor,Loyalty,33,1189.41
2026-02-17,Northeast,Beauty,New,25,1472.55
2026-02-17,Southeast,Apparel,Returning,17,1534.13
2026-02-17,Southeast,Electronics,Loyalty,30,2286.71
2026-02-17,Southeast,Home,Loyalty,32,3285.1
2026-02-17,Southeast,Outdoor,Loyalty,12,615.5
2026-02-17,Southeast,Beauty,Loyalty,15,827.39
2026-02-17,Midwest,Apparel,Returning,13,1317.32
2026-02-17,Midwest,Electronics,Loyalty,25,2284.31
2026-02-17,Midwest,Home,Loyalty,37,1876.41
2026-02-17,Midwest,Outdoor,Loyalty,39,2576.72
2026-02-17,Midwest,Beauty,Returning,22,662.49
2026-02-17,West,Apparel,Returning,14,1062.07
2026-02-17,West,Electronics,New,32,2651.18
2026-02-17,West,Home,Returning,18,514.33
2026-02-17,West,Outdoor,Loyalty,47,1154.83
2026-02-17,West,Beauty,New,41,1093.21
2026-02-18,Northeast,Apparel,Loyalty,25,1145.73
2026-02-18,Northeast,Electronics,Returning,42,4354.9
2026-02-18,Northeast,Home,New,14,1614.19
2026-02-18,Northeast,Outdoor,Returning,45,874.15
2026-02-18,Northeast,Beauty,New,14,1398.31
2026-02-18,Southeast,Apparel,Returning,8,379.35
2026-02-18,Southeast,Electronics,Loyalty,37,3325.02
2026-02-18,Southeast,Home,New,21,2001.18
2026-02-18,Southeast,Outdoor,New,21,358.73
2026-02-18,Southeast,Beauty,New,25,416.86
2026-02-18,Midwest,Apparel,Loyalty,12,1360.8
2026-02-18,Midwest,Electronics,New,23,1944.27
2026-02-18,Midwest,Home,Loyalty,42,2700.43
2026-02-18,Midwest,Outdoor,New,30,1741.33
2026-02-18,Midwest,Beauty,Returning,29,1440.53
2026-02-18,West,Apparel,Returning,20,1441.14
2026-02-18,West,Electronics,Loyalty,35,2145.65
2026-02-18,West,Home,Loyalty,23,1841.51
2026-02-18,West,Outdoor,Returning,7,594.87
2026-02-18,West,Beauty,New,33,2991.23
2026-02-19,Northeast,Apparel,Loyalty,46,3061.92
2026-02-19,Northeast,Electronics,Loyalty,29,2949.1
2026-02-19,Northeast,Home,Returning,20,355.58
2026-02-19,Northeast,Outdoor,New,11,437.71
2026-02-19,Northeast,Beauty,New,47,2099.66
2026-02-19,Southeast,Apparel,New,10,539.15
2026-02-19,Southeast,Electronics,Loyalty,19,1305.6
2026-02-19,Southeast,Home,Returning,35,1154.43
2026-02-19,Southeast,Outdoor,Loyalty,12,767.06
2026-02-19,Southeast,Beauty,Loyalty,24,957.27
2026-02-19,Midwest,Apparel,Returning,10,664.6
2026-02-19,Midwest,Electronics,Loyalty,15,1416.81
2026-02-19,Midwest,Home,Loyalty,29,813.53
2026-02-19,Midwest,Outdoor,Returning,10,786.66
2026-02-19,Midwest,Beauty,Returning,39,1422.56
2026-02-19,West,Apparel,Returning,7,653.68
2026-02-19,West,Electronics,Loyalty,23,2731.53
2026-02-19,West,Home,Loyalty,44,2078.43
2026-02-19,West,Outdoor,Loyalty,20,1484.09
2026-02-19,West,Beauty,Loyalty,28,549.95
2026-02-20,Northeast,Apparel,New,46,3668.39
2026-02-20,Northeast,Electronics,Returning,17,425.94
2026-02-20,Northeast,Home,Loyalty,29,2005.48
2026-02-20,Northeast,Outdoor,Returning,34,764.19
2026-02-20,Northeast,Beauty,New,26,1291.84
2026-02-20,Southeast,Apparel,Returning,47,1127.87
2026-02-20,Southeast,Electronics,Returning,18,878.3
2026-02-20,Southeast,Home,Loyalty,20,1557.43
2026-02-20,Southeast,Outdoor,Returning,29,607.28
2026-02-20,Southeast,Beauty,Returning,8,779.33
2026-02-20,Midwest,Apparel,Returning,28,895.2
2026-02-20,Midwest,Electronics,New,42,4033.36
2026-02-20,Midwest,Home,New,34,1155.14
2026-02-20,Midwest,Outdoor,Loyalty,20,1220.03
2026-02-20,Midwest,Beauty,Returning,15,1448.19
2026-02-20,West,Apparel,New,26,2693.67
2026-02-20,West,Electronics,New,48,5050.11
2026-02-20,West,Home,New,22,1972.25
2026-02-20,West,Outdoor,Loyalty,46,843.06
2026-02-20,West,Beauty,New,27,3124.01
2026-02-21,Northeast,Apparel,New,7,762.95
2026-02-21,Northeast,Electronics,New,23,2308.83
2026-02-21,Northeast,Home,New,37,1741.93
2026-02-21,Northeast,Outdoor,Loyalty,15,877.91
2026-02-21,Northeast,Beauty,Returning,35,1500.05
2026-02-21,Southeast,Apparel,Returning,44,2713.83
2026-02-21,Southeast,Electronics,New,23,1166.73
2026-02-21,Southeast,Home,New,8,538.69
2026-02-21,Southeast,Outdoor,New,10,755.76
2026-02-21,Southeast,Beauty,New,8,287.24
2026-02-21,Midwest,Apparel,New,34,3007.13
2026-02-21,Midwest,Electronics,New,37,2874.78
2026-02-21,Midwest,Home,New,11,638.96
2026-02-21,Midwest,Outdoor,Returning,37,2174.89
2026-02-21,Midwest,Beauty,New,28,1080.21
2026-02-21,West,Apparel,Loyalty,11,262.9
2026-02-21,West,Electronics,New,42,1182.52
2026-02-21,West,Home,Returning,22,431.57
2026-02-21,West,Outdoor,Returning,45,4516.37
2026-02-21,West,Beauty,New,48,1811.55
2026-02-22,Northeast,Apparel,New,10,564.47
2026-02-22,Northeast,Electronics,New,38,1216.79
2026-02-22,Northeast,Home,Returning,7,457.48
2026-02-22,Northeast,Outdoor,New,37,3713.65
2026-02-22,Northeast,Beauty,Returning,18,666.04
2026-02-22,Southeast,Apparel,New,29,3231.21
2026-02-22,Southeast,Electronics,Returning,44,4835.84
2026-02-22,Southeast,Home,Returning,23,2272.05
2026-02-22,Southeast,Outdoor,Returning,25,737.89
2026-02-22,Southeast,Beauty,Returning,15,854.68
2026-02-22,Midwest,Apparel,New,26,1332.5
2026-02-22,Midwest,Electronics,New,15,580.93
2026-02-22,Midwest,Home,New,11,249.66
2026-02-22,Midwest,Outdoor,Returning,21,848.57
2026-02-22,Midwest,Beauty,Returning,19,496.31
2026-02-22,West,Apparel,New,35,4183.55
2026-02-22,West,Electronics,Returning,30,2393.64
2026-02-22,West,Home,New,30,3149.54
2026-02-22,West,Outdoor,Returning,19,948.24
2026-02-22,West,Beauty,Loyalty,10,1170.86
2026-02-23,Northeast,Apparel,Returning,42,4254.36
2026-02-23,Northeast,Electronics,Returning,40,4091.52
2026-02-23,Northeast,Home,New,12,916.05
2026-02-23,Northeast,Outdoor,New,12,897.15
2026-02-23,Northeast,Beauty,Returning,19,1929.42
2026-02-23,Southeast,Apparel,Returning,41,3822.17
2026-02-23,Southeast,Electronics,Returning,36,3523.72
2026-02-23,Southeast,Home,Loyalty,9,885.26
2026-02-23,Southeast,Outdoor,New,15,456.94
2026-02-23,Southeast,Beauty,Loyalty,13,216.94
2026-02-23,Midwest,Apparel,Returning,31,1699.9
2026-02-23,Midwest,Electronics,New,27,449.48
2026-02-23,Midwest,Home,Loyalty,31,1663.46
2026-02-23,Midwest,Outdoor,New,25,1657.75
2026-02-23,Midwest,Beauty,Returning,25,1184.69
2026-02-23,West,Apparel,New,18,1519.95
2026-02-23,West,Electronics,Loyalty,29,1991.35
2026-02-23,West,Home,Returning,25,1193.15
2026-02-23,West,Outdoor,New,35,3826.92
2026-02-23,West,Beauty,Loyalty,11,1255.24
2026-02-24,Northeast,Apparel,New,29,892.29
2026-02-24,Northeast,Electronics,Returning,23,2335.5
2026-02-24,Northeast,Home,Loyalty,36,4248.15
2026-02-24,Northeast,Outdoor,New,23,515.39
2026-02-24,Northeast,Beauty,Loyalty,39,1968.92
2026-02-24,Southeast,Apparel,Loyalty,26,1894.07
2026-02-24,Southeast,Electronics,Loyalty,36,1512.19
2026-02-24,Southeast,Home,New,27,2280.1
2026-02-24,Southeast,Outdoor,Loyalty,10,948.08
2026-02-24,Southeast,Beauty,New,46,734.86
2026-02-24,Midwest,Apparel,New,42,4573.59
2026-02-24,Midwest,Electronics,New,44,2260.7
2026-02-24,Midwest,Home,Loyalty,8,306.96
2026-02-24,Midwest,Outdoor,Loyalty,30,1911.57
2026-02-24,Midwest,Beauty,Loyalty,40,4590.86
2026-02-24,West,Apparel,New,18,568.09
2026-02-24,West,Electronics,New,11,473.2
2026-02-24,West,Home,Returning,35,1717.25
2026-02-24,West,Outdoor,Returning,8,888.67
2026-02-24,West,Beauty,New,18,1803.97
2026-02-25,Northeast,Apparel,Returning,34,677.86
2026-02-25,Northeast,Electronics,Returning,48,734.94
2026-02-25,Northeast,Home,Returning,33,3279.15
2026-02-25,Northeast,Outdoor,Returning,7,555.04
2026-02-25,Northeast,Beauty,Loyalty,43,1740.67
2026-02-25,Southeast,Apparel,Loyalty,41,1530.8
2026-02-25,Southeast,Electronics,Loyalty,36,566.86
2026-02-25,Southeast,Home,Loyalty,31,1257.87
2026-02-25,Southeast,Outdoor,Returning,39,3404.58
2026-02-25,Southeast,Beauty,New,18,1128.32
2026-02-25,Midwest,Apparel,Returning,9,685.08
2026-02-25,Midwest,Electronics,Returning,22,1360.63
2026-02-25,Midwest,Home,Loyalty,28,1282.31
2026-02-25,Midwest,Outdoor,New,14,1291.71
2026-02-25,Midwest,Beauty,Returning,31,983.87
2026-02-25,West,Apparel,New,33,2603.76
2026-02-25,West,Electronics,New,24,2670.39
2026-02-25,West,Home,Loyalty,29,1276.65
2026-02-25,West,Outdoor,New,36,3729.49
2026-02-25,West,Beauty,New,9,799.17
2026-02-26,Northeast,Apparel,New,11,1252.37
2026-02-26,Northeast,Electronics,New,31,2707.93
2026-02-26,Northeast,Home,New,38,991.81
2026-02-26,Northeast,Outdoor,Returning,42,2311.43
2026-02-26,Northeast,Beauty,Loyalty,30,1559.32
2026-02-26,Southeast,Apparel,Loyalty,39,1854.53
2026-02-26,Southeast,Electronics,New,33,3654.1
2026-02-26,Southeast,Home,New,16,1340.61
2026-02-26,Southeast,Outdoor,Loyalty,24,2191.18
2026-02-26,Southeast,Beauty,Loyalty,32,2703.46
2026-02-26,Midwest,Apparel,New,41,2630.78
2026-02-26,Midwest,Electronics,Loyalty,7,792.58
2026-02-26,Midwest,Home,Returning,18,1210.67
2026-02-26,Midwest,Outdoor,New,45,4498.73
2026-02-26,Midwest,Beauty,New,35,3311.87
2026-02-26,West,Apparel,Loyalty,43,4715.08
2026-02-26,West,Electronics,New,40,2216.21
2026-02-26,West,Home,Loyalty,23,2530.23
2026-02-26,West,Outdoor,Returning,17,780.08
2026-02-26,West,Beauty,Loyalty,30,1884.17
2026-02-27,Northeast,Apparel,Loyalty,22,769.47
2026-02-27,Northeast,Electronics,Loyalty,6,299.52
2026-02-27,Northeast,Home,Loyalty,47,2711.3
2026-02-27,Northeast,Outdoor,Returning,37,3448.06
2026-02-27,Northeast,Beauty,Returning,21,1011.21
2026-02-27,Southeast,Apparel,Loyalty,22,2308.35
2026-02-27,Southeast,Electronics,Loyalty,10,570.63
2026-02-27,Southeast,Home,Loyalty,18,1133.34
2026-02-27,Southeast,Outdoor,New,22,2343.9
2026-02-27,Southeast,Beauty,Returning,30,2311.11
2026-02-27,Midwest,Apparel,Returning,20,616.35
2026-02-27,Midwest,Electronics,Returning,16,392.28
2026-02-27,Midwest,Home,Returning,21,1064.53
2026-02-27,Midwest,Outdoor,Loyalty,37,1591.7
2026-02-27,Midwest,Beauty,Returning,25,1945.96
2026-02-27,West,Apparel,Loyalty,45,5190.55
2026-02-27,West,Electronics,Returning,44,3972.72
2026-02-27,West,Home,Returning,41,4746.06
2026-02-27,West,Outdoor,Returning,35,1427.43
2026-02-27,West,Beauty,New,17,2031.79
2026-02-28,Northeast,Apparel,New,13,1407.28
2026-02-28,Northeast,Electronics,New,30,1179.39
2026-02-28,Northeast,Home,Returning,34,1582.66
2026-02-28,Northeast,Outdoor,New,22,614.07
2026-02-28,Northeast,Beauty,New,35,4110.94
2026-02-28,Southeast,Apparel,Loyalty,43,949.18
2026-02-28,Southeast,Electronics,New,48,3962.65
2026-02-28,Southeast,Home,Returning,46,1479.64
2026-02-28,Southeast,Outdoor,Returning,11,249.03
2026-02-28,Southeast,Beauty,Returning,28,3001.91
2026-02-28,Midwest,Apparel,Returning,37,575.23
2026-02-28,Midwest,Electronics,Returning,17,326.3
2026-02-28,Midwest,Home,Loyalty,16,904
2026-02-28,Midwest,Outdoor,New,8,641.12
2026-02-28,Midwest,Beauty,Loyalty,40,2511.47
2026-02-28,West,Apparel,Returning,7,193.99
2026-02-28,West,Electronics,Returning,39,3739
2026-02-28,West,Home,Returning,9,389.88
2026-02-28,West,Outdoor,Returning,41,4737.17
2026-02-28,West,Beauty,New,45,2956.79
2026-03-01,Northeast,Apparel,Loyalty,9,365.35
2026-03-01,Northeast,Electronics,Returning,7,136.09
2026-03-01,Northeast,Home,Returning,11,863.47
2026-03-01,Northeast,Outdoor,Loyalty,30,2928.69
2026-03-01,Northeast,Beauty,Returning,37,1190.01
2026-03-01,Southeast,Apparel,Loyalty,17,1543.65
2026-03-01,Southeast,Electronics,Loyalty,9,475.19
2026-03-01,Southeast,Home,New,30,1718.33
2026-03-01,Southeast,Outdoor,Loyalty,37,1422.09
2026-03-01,Southeast,Beauty,New,20,573.88
2026-03-01,Midwest,Apparel,Returning,38,2512.66
2026-03-01,Midwest,Electronics,New,11,658.27
2026-03-01,Midwest,Home,New,22,2619.93
2026-03-01,Midwest,Outdoor,Returning,20,2240.64
2026-03-01,Midwest,Beauty,Loyalty,35,4055.23
2026-03-01,West,Apparel,Returning,26,815
2026-03-01,West,Electronics,Returning,8,956.66
2026-03-01,West,Home,Loyalty,11,691.97
2026-03-01,West,Outdoor,Loyalty,11,1019.73
2026-03-01,West,Beauty,Loyalty,14,1101.02
2026-03-02,Northeast,Apparel,New,29,908.15
2026-03-02,Northeast,Electronics,Returning,18,612.5
2026-03-02,Northeast,Home,New,29,3206.25
2026-03-02,Northeast,Outdoor,New,35,1208.15
2026-03-02,Northeast,Beauty,New,11,289.97
2026-03-02,Southeast,Apparel,Loyalty,22,591.94
2026-03-02,Southeast,Electronics,New,21,2018.6
2026-03-02,Southeast,Home,New,32,1892.17
2026-03-02,Southeast,Outdoor,Returning,12,516.94
2026-03-02,Southeast,Beauty,Returning,21,2173.94
2026-03-02,Midwest,Apparel,New,7,269.5
2026-03-02,Midwest,Electronics,Loyalty,33,3370.49
2026-03-02,Midwest,Home,Loyalty,31,1294.03
2026-03-02,Midwest,Outdoor,New,19,844.36
2026-03-02,Midwest,Beauty,New,14,1462.67
2026-03-02,West,Apparel,Returning,33,1392.93
2026-03-02,West,Electronics,Returning,19,921.74
2026-03-02,West,Home,Loyalty,6,713.87
2026-03-02,West,Outdoor,Loyalty,16,1912.67
2026-03-02,West,Beauty,Loyalty,36,3047.58
2026-03-03,Northeast,Apparel,New,38,653.46
2026-03-03,Northeast,Electronics,New,27,702.23
2026-03-03,Northeast,Home,Loyalty,38,1967.16
2026-03-03,Northeast,Outdoor,Returning,5,278.16
2026-03-03,Northeast,Beauty,New,23,1518.75
2026-03-03,Southeast,Apparel,Returning,27,1409.81
2026-03-03,Southeast,Electronics,New,27,771.03
2026-03-03,Southeast,Home,New,14,1519.06
2026-03-03,Southeast,Outdoor,Loyalty,8,822.66
2026-03-03,Southeast,Beauty,New,34,2652.26
2026-03-03,Midwest,Apparel,Returning,7,267.96
2026-03-03,Midwest,Electronics,Loyalty,33,503.81
2026-03-03,Midwest,Home,New,34,2468.81
2026-03-03,Midwest,Outdoor,Loyalty,16,1562.4
2026-03-03,Midwest,Beauty,Returning,9,860.93
2026-03-03,West,Apparel,New,28,2976.14
2026-03-03,West,Electronics,Loyalty,15,839.89
2026-03-03,West,Home,Returning,16,1507.12
2026-03-03,West,Outdoor,Loyalty,10,162.49
2026-03-03,West,Beauty,New,13,582.66
2026-03-04,Northeast,Apparel,Returning,25,2258.2
2026-03-04,Northeast,Electronics,Returning,22,669.69
2026-03-04,Northeast,Home,New,13,1134.5
2026-03-04,Northeast,Outdoor,New,11,1266.15
2026-03-04,Northeast,Beauty,New,19,873.61
2026-03-04,Southeast,Apparel,Returning,38,4162.74
2026-03-04,Southeast,Electronics,Loyalty,37,1921.63
2026-03-04,Southeast,Home,Loyalty,12,667.37
2026-03-04,Southeast,Outdoor,Loyalty,10,735.26
2026-03-04,Southeast,Beauty,Loyalty,22,2386.83
2026-03-04,Midwest,Apparel,Loyalty,9,952.54
2026-03-04,Midwest,Electronics,New,15,1580.64
2026-03-04,Midwest,Home,Returning,25,961.85
2026-03-04,Midwest,Outdoor,New,32,2234.41
2026-03-04,Midwest,Beauty,Loyalty,39,2705.93
2026-03-04,West,Apparel,Loyalty,18,489.93
2026-03-04,West,Electronics,Returning,30,3395.23
2026-03-04,West,Home,Loyalty,25,517.98
2026-03-04,West,Outdoor,Loyalty,24,2854.25
2026-03-04,West,Beauty,Loyalty,16,273.77
2026-03-05,Northeast,Apparel,Returning,31,1250.71
2026-03-05,Northeast,Electronics,Loyalty,25,1492.08
2026-03-05,Northeast,Home,Returning,35,1094.76
2026-03-05,Northeast,Outdoor,Loyalty,8,275.93
2026-03-05,Northeast,Beauty,New,30,2509.12
2026-03-05,Southeast,Apparel,New,21,2442.1
2026-03-05,Southeast,Electronics,Returning,14,507.61
2026-03-05,Southeast,Home,Returning,26,1318.77
2026-03-05,Southeast,Outdoor,Returning,19,1291.61
2026-03-05,Southeast,Beauty,New,35,3032.19
2026-03-05,Midwest,Apparel,New,34,3647.18
2026-03-05,Midwest,Electronics,New,35,1993.31
2026-03-05,Midwest,Home,Returning,33,729.78
2026-03-05,Midwest,Outdoor,Loyalty,14,357.93
2026-03-05,Midwest,Beauty,Returning,37,2235.8
2026-03-05,West,Apparel,New,24,2603.41
2026-03-05,West,Electronics,Returning,35,3734.19
2026-03-05,West,Home,Loyalty,25,2308.51
2026-03-05,West,Outdoor,New,37,824.37
2026-03-05,West,Beauty,New,12,337.97
2026-03-06,Northeast,Apparel,Returning,14,891.15
2026-03-06,Northeast,Electronics,Loyalty,28,1086.68
2026-03-06,Northeast,Home,Loyalty,38,2283.19
2026-03-06,Northeast,Outdoor,Loyalty,31,2846.81
2026-03-06,Northeast,Beauty,Returning,34,3728.83
2026-03-06,Southeast,Apparel,New,27,2898.81
2026-03-06,Southeast,Electronics,New,39,2324.72
2026-03-06,Southeast,Home,Returning,8,849.98
2026-03-06,Southeast,Outdoor,Returning,34,1134.89
2026-03-06,Southeast,Beauty,Loyalty,21,1458.33
2026-03-06,Midwest,Apparel,Returning,12,864.84
2026-03-06,Midwest,Electronics,Returning,19,2132.15
2026-03-06,Midwest,Home,New,28,2777.76
2026-03-06,Midwest,Outdoor,Returning,17,1487.32
2026-03-06,Midwest,Beauty,Returning,7,702.54
2026-03-06,West,Apparel,Returning,32,2069.23
2026-03-06,West,Electronics,Returning,11,267.59
2026-03-06,West,Home,New,39,2644.42
2026-03-06,West,Outdoor,New,10,1052.55
2026-03-06,West,Beauty,New,13,1472.06
2026-03-07,Northeast,Apparel,Loyalty,25,2533.78
2026-03-07,Northeast,Electronics,Returning,15,1236.55
2026-03-07,Northeast,Home,Loyalty,18,471.75
2026-03-07,Northeast,Outdoor,Loyalty,19,1224.15
2026-03-07,Northeast,Beauty,New,8,528.43
2026-03-07,Southeast,Apparel,Returning,8,216.73
2026-03-07,Southeast,Electronics,Returning,17,1600.62
2026-03-07,Southeast,Home,New,26,1584.33
2026-03-07,Southeast,Outdoor,Returning,31,1417.47
2026-03-07,Southeast,Beauty,Loyalty,13,1506.34
2026-03-07,Midwest,Apparel,Loyalty,21,1443.47
2026-03-07,Midwest,Electronics,Loyalty,31,3529.8
2026-03-07,Midwest,Home,Loyalty,21,701.66
2026-03-07,Midwest,Outdoor,Loyalty,6,461.33
2026-03-07,Midwest,Beauty,New,10,829.16
2026-03-07,West,Apparel,Loyalty,13,327.29
2026-03-07,West,Electronics,Returning,10,498.18
2026-03-07,West,Home,Loyalty,39,3308.39
2026-03-07,West,Outdoor,Loyalty,31,2609.86
2026-03-07,West,Beauty,Returning,17,1895.22
2026-03-08,Northeast,Apparel,Returning,28,1177.19
2026-03-08,Northeast,Electronics,Returning,36,1115.36
2026-03-08,Northeast,Home,New,34,2393.8
2026-03-08,Northeast,Outdoor,Loyalty,13,501.45
2026-03-08,Northeast,Beauty,New,24,587.02
2026-03-08,Southeast,Apparel,Loyalty,30,2235.69
2026-03-08,Southeast,Electronics,New,28,1971.63
2026-03-08,Southeast,Home,New,36,566.01
2026-03-08,Southeast,Outdoor,Returning,11,1310.03
2026-03-08,Southeast,Beauty,Returning,21,468.63
2026-03-08,Midwest,Apparel,Loyalty,37,3098.17
2026-03-08,Midwest,Electronics,Returning,39,3785.95
2026-03-08,Midwest,Home,Loyalty,37,618.62
2026-03-08,Midwest,Outdoor,New,11,221.64
2026-03-08,Midwest,Beauty,New,29,2202.28
2026-03-08,West,Apparel,Loyalty,29,1372.35
2026-03-08,West,Electronics,Loyalty,30,1404.49
2026-03-08,West,Home,New,32,521.42
2026-03-08,West,Outdoor,New,7,668.68
2026-03-08,West,Beauty,Returning,9,161.23
2026-03-09,Northeast,Apparel,Loyalty,28,992.02
2026-03-09,Northeast,Electronics,New,28,3143.39
2026-03-09,Northeast,Home,Loyalty,37,4117.17
2026-03-09,Northeast,Outdoor,Returning,19,1980.1
2026-03-09,Northeast,Beauty,Loyalty,15,284.1
2026-03-09,Southeast,Apparel,Loyalty,24,1252.41
2026-03-09,Southeast,Electronics,New,13,1520.22
2026-03-09,Southeast,Home,Returning,25,1918.75
2026-03-09,Southeast,Outdoor,Loyalty,17,894.51
2026-03-09,Southeast,Beauty,Loyalty,18,1063.55
2026-03-09,Midwest,Apparel,Loyalty,38,2723.61
2026-03-09,Midwest,Electronics,New,19,349.39
2026-03-09,Midwest,Home,New,5,233.45
2026-03-09,Midwest,Outdoor,New,17,572.87
2026-03-09,Midwest,Beauty,Loyalty,36,4225.81
2026-03-09,West,Apparel,New,34,1135.93
2026-03-09,West,Electronics,Loyalty,33,2883.18
2026-03-09,West,Home,Loyalty,6,652.14
2026-03-09,West,Outdoor,Loyalty,23,2158.58
2026-03-09,West,Beauty,Returning,11,212.29
2026-03-10,Northeast,Apparel,New,16,723.87
2026-03-10,Northeast,Electronics,Returning,36,1667.33
2026-03-10,Northeast,Home,Returning,22,2042.63
2026-03-10,Northeast,Outdoor,New,37,1836.75
2026-03-10,Northeast,Beauty,Loyalty,31,885.09
2026-03-10,Southeast,Apparel,Loyalty,23,1745.33
2026-03-10,Southeast,Electronics,Returning,30,731.03
2026-03-10,Southeast,Home,New,11,1139.5
2026-03-10,Southeast,Outdoor,New,22,1953.74
2026-03-10,Southeast,Beauty,Returning,7,329.34
2026-03-10,Midwest,Apparel,New,14,1542.63
2026-03-10,Midwest,Electronics,Loyalty,37,1287.85
2026-03-10,Midwest,Home,Loyalty,10,524.66
2026-03-10,Midwest,Outdoor,Loyalty,36,2297.42
2026-03-10,Midwest,Beauty,Loyalty,33,3764.63
2026-03-10,West,Apparel,Returning,24,1070.18
2026-03-10,West,Electronics,New,17,445.32
2026-03-10,West,Home,New,15,622.15
2026-03-10,West,Outdoor,New,17,712.86
2026-03-10,West,Beauty,New,27,1764.81
2026-03-11,Northeast,Apparel,Loyalty,26,1865.9
2026-03-11,Northeast,Electronics,Returning,34,1917.53
2026-03-11,Northeast,Home,New,13,1107.36
2026-03-11,Northeast,Outdoor,New,31,3067.95
2026-03-11,Northeast,Beauty,New,7,378.31
2026-03-11,Southeast,Apparel,Returning,32,1274.11
2026-03-11,Southeast,Electronics,Loyalty,28,960.47
2026-03-11,Southeast,Home,Returning,27,1329.08
2026-03-11,Southeast,Outdoor,Returning,31,3362.24
2026-03-11,Southeast,Beauty,New,14,358.46
2026-03-11,Midwest,Apparel,Loyalty,10,1124.18
2026-03-11,Midwest,Electronics,Loyalty,29,2304.09
2026-03-11,Midwest,Home,New,18,1856.72
2026-03-11,Midwest,Outdoor,New,15,368.8
2026-03-11,Midwest,Beauty,Returning,16,302.81
2026-03-11,West,Apparel,Loyalty,24,1517.92
2026-03-11,West,Electronics,Loyalty,10,540.55
2026-03-11,West,Home,New,25,735.39
2026-03-11,West,Outdoor,New,23,2394.62
2026-03-11,West,Beauty,Loyalty,9,603.02
2026-03-12,Northeast,Apparel,Loyalty,31,1528.83
2026-03-12,Northeast,Electronics,Returning,12,656.79
2026-03-12,Northeast,Home,Returning,16,786.63
2026-03-12,Northeast,Outdoor,Returning,21,1579.66
2026-03-12,Northeast,Beauty,Returning,8,876.09
2026-03-12,Southeast,Apparel,Loyalty,35,1034.1
2026-03-12,Southeast,Electronics,Returning,37,3962.54
2026-03-12,Southeast,Home,Loyalty,8,614.58
2026-03-12,Southeast,Outdoor,Loyalty,35,1979.68
2026-03-12,Southeast,Beauty,Loyalty,30,2670.64
2026-03-12,Midwest,Apparel,Loyalty,15,522.7
2026-03-12,Midwest,Electronics,Returning,16,606.72
2026-03-12,Midwest,Home,Returning,26,1887.5
2026-03-12,Midwest,Outdoor,Loyalty,21,2337.65
2026-03-12,Midwest,Beauty,Returning,12,624.81
2026-03-12,West,Apparel,Returning,18,523.91
2026-03-12,West,Electronics,Loyalty,29,1042.98
2026-03-12,West,Home,Loyalty,6,439.58
2026-03-12,West,Outdoor,New,20,402.13
2026-03-12,West,Beauty,New,34,3747.19
2026-03-13,Northeast,Apparel,Returning,20,454.99
2026-03-13,Northeast,Electronics,Loyalty,39,3226.77
2026-03-13,Northeast,Home,New,7,789.71
2026-03-13,Northeast,Outdoor,Returning,26,1935.88
2026-03-13,Northeast,Beauty,Returning,15,1542.57
2026-03-13,Southeast,Apparel,Loyalty,5,524.17
2026-03-13,Southeast,Electronics,Loyalty,7,280.92
2026-03-13,Southeast,Home,Returning,8,796.7
2026-03-13,Southeast,Outdoor,Loyalty,17,690.32
2026-03-13,Southeast,Beauty,Loyalty,21,2077.78
2026-03-13,Midwest,Apparel,New,30,2602.23
2026-03-13,Midwest,Electronics,New,13,711.03
2026-03-13,Midwest,Home,Loyalty,38,3681.5
2026-03-13,Midwest,Outdoor,New,28,1687.26
2026-03-13,Midwest,Beauty,New,26,2138.15
2026-03-13,West,Apparel,New,10,641.3
2026-03-13,West,Electronics,Loyalty,5,309.75
2026-03-13,West,Home,Returning,29,1101.27
2026-03-13,West,Outdoor,New,24,2168.08
2026-03-13,West,Beauty,Loyalty,17,957.54
2026-03-14,Northeast,Apparel,Returning,31,1255.72
2026-03-14,Northeast,Electronics,New,36,3784.99
2026-03-14,Northeast,Home,Returning,21,983.63
2026-03-14,Northeast,Outdoor,New,10,916.5
2026-03-14,Northeast,Beauty,Loyalty,28,2266.59
2026-03-14,Southeast,Apparel,Returning,34,2638.46
2026-03-14,Southeast,Electronics,Loyalty,21,2208.58
2026-03-14,Southeast,Home,Loyalty,18,308.13
2026-03-14,Southeast,Outdoor,Returning,39,4102.41
2026-03-14,Southeast,Beauty,Returning,5,125.35
2026-03-14,Midwest,Apparel,Returning,25,1611.21
2026-03-14,Midwest,Electronics,Loyalty,20,1510.78
2026-03-14,Midwest,Home,Returning,15,275.7
2026-03-14,Midwest,Outdoor,Loyalty,24,1765.15
2026-03-14,Midwest,Beauty,New,13,641.82
2026-03-14,West,Apparel,New,21,1480.17
2026-03-14,West,Electronics,New,17,541.92
2026-03-14,West,Home,New,33,2652.92
2026-03-14,West,Outdoor,Returning,13,342.79
2026-03-14,West,Beauty,Loyalty,17,1289.95
2026-03-15,Northeast,Apparel,Loyalty,37,1679.56
2026-03-15,Northeast,Electronics,Loyalty,36,2529.35
2026-03-15,Northeast,Home,Returning,39,1163.65
2026-03-15,Northeast,Outdoor,Loyalty,25,687.37
2026-03-15,Northeast,Beauty,New,15,711.63
2026-03-15,Southeast,Apparel,New,11,664.53
2026-03-15,Southeast,Electronics,New,34,2151.51
2026-03-15,Southeast,Home,Returning,39,2168.25
2026-03-15,Southeast,Outdoor,Loyalty,10,223.71
2026-03-15,Southeast,Beauty,Returning,20,1855
2026-03-15,Midwest,Apparel,Returning,11,223.88
2026-03-15,Midwest,Electronics,Returning,13,964.12
2026-03-15,Midwest,Home,New,33,602.41
2026-03-15,Midwest,Outdoor,Loyalty,37,2742.37
2026-03-15,Midwest,Beauty,Loyalty,27,3120.57
2026-03-15,West,Apparel,Returning,15,889.97
2026-03-15,West,Electronics,New,40,4015.31
2026-03-15,West,Home,New,33,1958.48
2026-03-15,West,Outdoor,Returning,33,3766.16
2026-03-15,West,Beauty,Loyalty,12,940.78
2026-03-16,Northeast,Apparel,Loyalty,29,1842.6
2026-03-16,Northeast,Electronics,Returning,23,1641.05
2026-03-16,Northeast,Home,Returning,15,625.44
2026-03-16,Northeast,Outdoor,Returning,28,2721.33
2026-03-16,Northeast,Beauty,New,10,880.9
2026-03-16,Southeast,Apparel,Returning,18,788.44
2026-03-16,Southeast,Electronics,Loyalty,32,1385.04
2026-03-16,Southeast,Home,Loyalty,7,385.23
2026-03-16,Southeast,Outdoor,Loyalty,6,647.94
2026-03-16,Southeast,Beauty,Loyalty,19,1894.33
2026-03-16,Midwest,Apparel,New,34,1546.72
2026-03-16,Midwest,Electronics,Returning,37,1600.14
2026-03-16,Midwest,Home,Returning,14,290.55
2026-03-16,Midwest,Outdoor,New,19,1814.74
2026-03-16,Midwest,Beauty,New,7,513.16
2026-03-16,West,Apparel,Returning,6,712.01
2026-03-16,West,Electronics,New,16,279.46
2026-03-16,West,Home,Returning,11,734.45
2026-03-16,West,Outdoor,New,36,4280.59
2026-03-16,West,Beauty,Loyalty,32,3515.22
2026-03-17,Northeast,Apparel,New,30,3555.11
2026-03-17,Northeast,Electronics,Loyalty,16,1719.69
2026-03-17,Northeast,Home,Loyalty,24,466.19
2026-03-17,Northeast,Outdoor,Returning,9,428.51
2026-03-17,Northeast,Beauty,Returning,26,592.36
2026-03-17,Southeast,Apparel,Loyalty,14,650.62
2026-03-17,Southeast,Electronics,Loyalty,27,525.71
2026-03-17,Southeast,Home,New,16,496.34
2026-03-17,Southeast,Outdoor,Loyalty,31,2602.42
2026-03-17,Southeast,Beauty,New,39,4093.94
2026-03-17,Midwest,Apparel,Returning,39,951.12
2026-03-17,Midwest,Electronics,Returning,14,1281.55
2026-03-17,Midwest,Home,New,7,422.73
2026-03-17,Midwest,Outdoor,Loyalty,32,1090.61
2026-03-17,Midwest,Beauty,New,28,3012.53
2026-03-17,West,Apparel,Loyalty,29,3190.9
2026-03-17,West,Electronics,Returning,21,1277.18
2026-03-17,West,Home,New,9,601.22
2026-03-17,West,Outdoor,New,32,2553.04
2026-03-17,West,Beauty,New,39,2277.6
2026-03-18,Northeast,Apparel,Returning,25,1651.81
2026-03-18,Northeast,Electronics,Returning,5,96.25
2026-03-18,Northeast,Home,Returning,7,685.08
2026-03-18,Northeast,Outdoor,Loyalty,35,1145.67
2026-03-18,Northeast,Beauty,Loyalty,14,1493.31
2026-03-18,Southeast,Apparel,Returning,34,1732.14
2026-03-18,Southeast,Electronics,Loyalty,19,724.72
2026-03-18,Southeast,Home,Returning,36,2515.2
2026-03-18,Southeast,Outdoor,Loyalty,27,467.94
2026-03-18,Southeast,Beauty,Loyalty,26,774
2026-03-18,Midwest,Apparel,New,39,2302.46
2026-03-18,Midwest,Electronics,New,12,595.49
2026-03-18,Midwest,Home,New,34,1348.25
2026-03-18,Midwest,Outdoor,New,37,2203.31
2026-03-18,Midwest,Beauty,New,37,1170.55
2026-03-18,West,Apparel,Loyalty,30,2290.6
2026-03-18,West,Electronics,New,22,403.43
2026-03-18,West,Home,Returning,12,1060.21
2026-03-18,West,Outdoor,Loyalty,19,737.72
2026-03-18,West,Beauty,Returning,29,1667.82
2026-03-19,Northeast,Apparel,Loyalty,38,3788.08
2026-03-19,Northeast,Electronics,Loyalty,25,783.68
2026-03-19,Northeast,Home,Loyalty,20,913.07
2026-03-19,Northeast,Outdoor,New,7,655.8
2026-03-19,Northeast,Beauty,New,21,1951.96
2026-03-19,Southeast,Apparel,Loyalty,12,556.93
2026-03-19,Southeast,Electronics,Loyalty,37,652.17
2026-03-19,Southeast,Home,New,12,571.12
2026-03-19,Southeast,Outdoor,New,26,1402.11
2026-03-19,Southeast,Beauty,Loyalty,24,1836.46
2026-03-19,Midwest,Apparel,Returning,28,3001.1
2026-03-19,Midwest,Electronics,Returning,19,372.41
2026-03-19,Midwest,Home,New,15,820.19
2026-03-19,Midwest,Outdoor,Loyalty,31,3256.05
2026-03-19,Midwest,Beauty,Returning,16,1730.41
2026-03-19,West,Apparel,Returning,17,1479.59
2026-03-19,West,Electronics,New,10,687.37
2026-03-19,West,Home,Returning,12,195.72
2026-03-19,West,Outdoor,Returning,9,748.89
2026-03-19,West,Beauty,Returning,29,3338.92
2026-03-20,Northeast,Apparel,New,27,2698.99
2026-03-20,Northeast,Electronics,New,35,933.45
2026-03-20,Northeast,Home,Returning,18,797.23
2026-03-20,Northeast,Outdoor,Returning,7,405.6
2026-03-20,Northeast,Beauty,New,29,1390.35
2026-03-20,Southeast,Apparel,Loyalty,36,1088.63
2026-03-20,Southeast,Electronics,Returning,30,2607.78
2026-03-20,Southeast,Home,Returning,28,2727.58
2026-03-20,Southeast,Outdoor,Returning,21,2070.43
2026-03-20,Southeast,Beauty,Loyalty,23,2397.18
2026-03-20,Midwest,Apparel,New,13,1554.2
2026-03-20,Midwest,Electronics,Returning,32,3419.54
2026-03-20,Midwest,Home,New,11,457.23
2026-03-20,Midwest,Outdoor,Returning,35,3474.88
2026-03-20,Midwest,Beauty,Returning,28,2208.38
2026-03-20,West,Apparel,Loyalty,38,3741.44
2026-03-20,West,Electronics,Returning,38,4396.22
2026-03-20,West,Home,New,37,3988.51
2026-03-20,West,Outdoor,Returning,14,565.2
2026-03-20,West,Beauty,New,21,1224.22
2026-03-21,Northeast,Apparel,Returning,9,729.45
2026-03-21,Northeast,Electronics,Returning,10,777.53
2026-03-21,Northeast,Home,Returning,6,348.86
2026-03-21,Northeast,Outdoor,Returning,33,2033.44
2026-03-21,Northeast,Beauty,New,18,821.47
2026-03-21,Southeast,Apparel,Returning,11,740.15
2026-03-21,Southeast,Electronics,Loyalty,14,889.69
2026-03-21,Southeast,Home,Loyalty,23,2732.94
2026-03-21,Southeast,Outdoor,Returning,8,313.12
2026-03-21,Southeast,Beauty,Loyalty,21,1360.88
2026-03-21,Midwest,Apparel,New,22,793.11
2026-03-21,Midwest,Electronics,Loyalty,10,397.56
2026-03-21,Midwest,Home,Loyalty,36,668.3
2026-03-21,Midwest,Outdoor,Loyalty,31,837.33
2026-03-21,Midwest,Beauty,Loyalty,33,2176
2026-03-21,West,Apparel,New,20,790.05
2026-03-21,West,Electronics,New,16,926.02
2026-03-21,West,Home,Returning,38,1311.42
2026-03-21,West,Outdoor,New,20,683.46
2026-03-21,West,Beauty,New,38,1202.44
2026-03-22,Northeast,Apparel,Returning,12,282.76
2026-03-22,Northeast,Electronics,New,32,3371.77
2026-03-22,Northeast,Home,Loyalty,38,3500.52
2026-03-22,Northeast,Outdoor,Returning,8,645.36
2026-03-22,Northeast,Beauty,New,27,2951.04
2026-03-22,Southeast,Apparel,Loyalty,13,208.49
2026-03-22,Southeast,Electronics,Loyalty,28,3159.76
2026-03-22,Southeast,Home,Loyalty,13,393.71
2026-03-22,Southeast,Outdoor,New,26,390.66
2026-03-22,Southeast,Beauty,Returning,20,984.23
2026-03-22,Midwest,Apparel,Loyalty,13,504.08
2026-03-22,Midwest,Electronics,Loyalty,19,835.71
2026-03-22,Midwest,Home,Loyalty,25,2423.61
2026-03-22,Midwest,Outdoor,Returning,16,1221.91
2026-03-22,Midwest,Beauty,Loyalty,15,512.36
2026-03-22,West,Apparel,Returning,9,794.01
2026-03-22,West,Electronics,New,31,712.6
2026-03-22,West,Home,New,34,2462.28
2026-03-22,West,Outdoor,New,17,1872.06
2026-03-22,West,Beauty,New,19,410.49
2026-03-23,Northeast,Apparel,Loyalty,13,288.61
2026-03-23,Northeast,Electronics,Loyalty,24,2697.4
2026-03-23,Northeast,Home,Loyalty,15,1554.88
2026-03-23,Northeast,Outdoor,Loyalty,40,1638.59
2026-03-23,Northeast,Beauty,Loyalty,25,1847.33
2026-03-23,Southeast,Apparel,Loyalty,22,1276.65
2026-03-23,Southeast,Electronics,Loyalty,32,547.42
2026-03-23,Southeast,Home,Returning,28,1507.67
2026-03-23,Southeast,Outdoor,New,34,1122.79
2026-03-23,Southeast,Beauty,Returning,20,1619.54
2026-03-23,Midwest,Apparel,Returning,31,3415.49
2026-03-23,Midwest,Electronics,New,22,1194.77
2026-03-23,Midwest,Home,Returning,10,502.97
2026-03-23,Midwest,Outdoor,Returning,25,1447.53
2026-03-23,Midwest,Beauty,New,33,3924.88
2026-03-23,West,Apparel,Returning,21,2365.47
2026-03-23,West,Electronics,Loyalty,34,2951.62
2026-03-23,West,Home,New,6,535.71
2026-03-23,West,Outdoor,Returning,28,1905.77
2026-03-23,West,Beauty,Loyalty,25,1610.62
2026-03-24,Northeast,Apparel,New,21,2330.07
2026-03-24,Northeast,Electronics,Loyalty,19,997.97
2026-03-24,Northeast,Home,Loyalty,38,2621.62
2026-03-24,Northeast,Outdoor,Returning,24,2832.95
2026-03-24,Northeast,Beauty,Returning,6,119.43
2026-03-24,Southeast,Apparel,New,12,1340.82
2026-03-24,Southeast,Electronics,Returning,24,1156.74
2026-03-24,Southeast,Home,Returning,18,920.55
2026-03-24,Southeast,Outdoor,Loyalty,18,402.01
2026-03-24,Southeast,Beauty,Returning,17,631.01
2026-03-24,Midwest,Apparel,Loyalty,29,3386.77
2026-03-24,Midwest,Electronics,New,17,333.36
2026-03-24,Midwest,Home,Returning,21,615.27
2026-03-24,Midwest,Outdoor,New,6,218.92
2026-03-24,Midwest,Beauty,New,29,2430.96
2026-03-24,West,Apparel,New,36,2501.75
2026-03-24,West,Electronics,Loyalty,32,1071.17
2026-03-24,West,Home,Returning,19,1495.28
2026-03-24,West,Outdoor,New,30,1645.2
2026-03-24,West,Beauty,New,21,1839.44
2026-03-25,Northeast,Apparel,Returning,22,1595.45
2026-03-25,Northeast,Electronics,Loyalty,17,1615.89
2026-03-25,Northeast,Home,Returning,30,3560.83
2026-03-25,Northeast,Outdoor,Returning,21,2461.41
2026-03-25,Northeast,Beauty,Returning,16,1398.51
2026-03-25,Southeast,Apparel,New,6,387.48
2026-03-25,Southeast,Electronics,Loyalty,29,2159.49
2026-03-25,Southeast,Home,Returning,31,3271.85
2026-03-25,Southeast,Outdoor,Loyalty,24,1726.95
2026-03-25,Southeast,Beauty,Loyalty,35,3811.99
2026-03-25,Midwest,Apparel,New,22,1449.1
2026-03-25,Midwest,Electronics,New,15,1499.43
2026-03-25,Midwest,Home,Returning,17,512.72
2026-03-25,Midwest,Outdoor,Returning,30,825.61
2026-03-25,Midwest,Beauty,New,15,749.41
2026-03-25,West,Apparel,Returning,14,948.48
2026-03-25,West,Electronics,Returning,11,987.92
2026-03-25,West,Home,Loyalty,33,1401.24
2026-03-25,West,Outdoor,Returning,27,1759.26
2026-03-25,West,Beauty,Loyalty,13,1448.25
2026-03-26,Northeast,Apparel,Returning,30,1681.3
2026-03-26,Northeast,Electronics,Returning,18,1095.03
2026-03-26,Northeast,Home,Loyalty,35,2550.87
2026-03-26,Northeast,Outdoor,Loyalty,11,948.7
2026-03-26,Northeast,Beauty,Returning,9,242.71
2026-03-26,Southeast,Apparel,Loyalty,12,1087.21
2026-03-26,Southeast,Electronics,Loyalty,25,2949.2
2026-03-26,Southeast,Home,New,35,1439.28
2026-03-26,Southeast,Outdoor,Returning,6,657.67
2026-03-26,Southeast,Beauty,New,35,4014.69
2026-03-26,Midwest,Apparel,New,39,3657.86
2026-03-26,Midwest,Electronics,New,35,598.41
2026-03-26,Midwest,Home,New,17,1604.74
2026-03-26,Midwest,Outdoor,Loyalty,7,521.69
2026-03-26,Midwest,Beauty,Returning,28,2814.53
2026-03-26,West,Apparel,New,6,373.92
2026-03-26,West,Electronics,Returning,26,825.56
2026-03-26,West,Home,Loyalty,16,848.14
2026-03-26,West,Outdoor,New,13,946.43
2026-03-26,West,Beauty,Returning,10,240.95
2026-03-27,Northeast,Apparel,Returning,9,819.81
2026-03-27,Northeast,Electronics,New,9,366.85
2026-03-27,Northeast,Home,Loyalty,29,1276.17
2026-03-27,Northeast,Outdoor,New,31,2562.41
2026-03-27,Northeast,Beauty,Returning,18,1407.4
2026-03-27,Southeast,Apparel,New,39,3850.96
2026-03-27,Southeast,Electronics,Returning,21,2309.5
2026-03-27,Southeast,Home,Loyalty,11,871.23
2026-03-27,Southeast,Outdoor,Loyalty,28,2455.01
2026-03-27,Southeast,Beauty,New,27,996.06
2026-03-27,Midwest,Apparel,Loyalty,10,812.81
2026-03-27,Midwest,Electronics,Returning,27,847.72
2026-03-27,Midwest,Home,New,19,2063.22
2026-03-27,Midwest,Outdoor,New,38,2022.81
2026-03-27,Midwest,Beauty,New,32,2945.65
2026-03-27,West,Apparel,Loyalty,30,2870.9
2026-03-27,West,Electronics,Loyalty,25,2542.58
2026-03-27,West,Home,New,16,689.22
2026-03-27,West,Outdoor,Returning,21,669.96
2026-03-27,West,Beauty,New,29,2335.98
2026-03-28,Northeast,Apparel,Returning,17,2018.48
2026-03-28,Northeast,Electronics,Loyalty,26,2951.12
2026-03-28,Northeast,Home,Returning,35,3893.33
2026-03-28,Northeast,Outdoor,Returning,11,617.98
2026-03-28,Northeast,Beauty,Loyalty,21,1254.6
2026-03-28,Southeast,Apparel,New,12,1136.64
2026-03-28,Southeast,Electronics,New,19,744.8
2026-03-28,Southeast,Home,Returning,16,1293.08
2026-03-28,Southeast,Outdoor,Returning,9,411.02
2026-03-28,Southeast,Beauty,New,28,544.78
2026-03-28,Midwest,Apparel,Loyalty,33,824.3
2026-03-28,Midwest,Electronics,New,29,1923.12
2026-03-28,Midwest,Home,New,8,306.28
2026-03-28,Midwest,Outdoor,New,31,2517.01
2026-03-28,Midwest,Beauty,Returning,24,755.47
2026-03-28,West,Apparel,New,39,1135.25
2026-03-28,West,Electronics,Loyalty,6,516.99
2026-03-28,West,Home,Loyalty,13,1406.48
2026-03-28,West,Outdoor,Returning,10,515.76
2026-03-28,West,Beauty,Returning,33,1900.2
2026-03-29,Northeast,Apparel,Returning,26,2928.82
2026-03-29,Northeast,Electronics,Returning,21,749.11
2026-03-29,Northeast,Home,Loyalty,38,2429.76
2026-03-29,Northeast,Outdoor,Loyalty,19,516.53
2026-03-29,Northeast,Beauty,New,8,526.01
2026-03-29,Southeast,Apparel,Returning,34,1103.5
2026-03-29,Southeast,Electronics,Loyalty,38,1890.92
2026-03-29,Southeast,Home,New,9,946.89
2026-03-29,Southeast,Outdoor,Loyalty,15,504.32
2026-03-29,Southeast,Beauty,Returning,23,2240.01
2026-03-29,Midwest,Apparel,Returning,23,1655.72
2026-03-29,Midwest,Electronics,Returning,7,287.49
2026-03-29,Midwest,Home,New,28,1132.75
2026-03-29,Midwest,Outdoor,Returning,40,1671.69
2026-03-29,Midwest,Beauty,Loyalty,14,1612.35
2026-03-29,West,Apparel,Loyalty,36,3315.42
2026-03-29,West,Electronics,Returning,7,207.51
2026-03-29,West,Home,New,16,304.09
2026-03-29,West,Outdoor,New,16,1818.57
2026-03-29,West,Beauty,Returning,39,2330.9
2026-03-30,Northeast,Apparel,Loyalty,32,1557.94
2026-03-30,Northeast,Electronics,Loyalty,39,2575.76
2026-03-30,Northeast,Home,Loyalty,22,1200.26
2026-03-30,Northeast,Outdoor,New,20,804.95
2026-03-30,Northeast,Beauty,New,18,658.58
2026-03-30,Southeast,Apparel,New,17,1458.36
2026-03-30,Southeast,Electronics,Loyalty,11,927.95
2026-03-30,Southeast,Home,Returning,26,1870.34
2026-03-30,Southeast,Outdoor,New,36,678.23
2026-03-30,Southeast,Beauty,New,29,3026.18
2026-03-30,Midwest,Apparel,Returning,11,1202.96
2026-03-30,Midwest,Electronics,Returning,31,2077.7
2026-03-30,Midwest,Home,Returning,33,1132.93
2026-03-30,Midwest,Outdoor,Returning,31,2098.96
2026-03-30,Midwest,Beauty,New,37,3802.37
2026-03-30,West,Apparel,Loyalty,9,381.89
2026-03-30,West,Electronics,New,9,937.04
2026-03-30,West,Home,New,34,3157.11
2026-03-30,West,Outdoor,Returning,35,4148.3
2026-03-30,West,Beauty,Loyalty,12,556.79
2026-03-31,Northeast,Apparel,Returning,22,1494.78
2026-03-31,Northeast,Electronics,Loyalty,8,348.96
2026-03-31,Northeast,Home,Loyalty,16,1211.02
2026-03-31,Northeast,Outdoor,Loyalty,27,510.66
2026-03-31,Northeast,Beauty,Returning,11,714.5
2026-03-31,Southeast,Apparel,Loyalty,8,463.07
2026-03-31,Southeast,Electronics,Returning,17,865.08
2026-03-31,Southeast,Home,New,13,1109.1
2026-03-31,Southeast,Outdoor,New,25,777.44
2026-03-31,Southeast,Beauty,Loyalty,25,2350.45
2026-03-31,Midwest,Apparel,Returning,23,1030
2026-03-31,Midwest,Electronics,New,24,2563.99
2026-03-31,Midwest,Home,New,16,1050.56
2026-03-31,Midwest,Outdoor,Loyalty,6,677.59
2026-03-31,Midwest,Beauty,New,34,743.14
2026-03-31,West,Apparel,New,31,2097.17
2026-03-31,West,Electronics,Returning,28,3265.13
2026-03-31,West,Home,Loyalty,18,2115.46
2026-03-31,West,Outdoor,Loyalty,30,2074.89
2026-03-31,West,Beauty,Loyalty,18,1014.82
2026-04-01,Northeast,Apparel,Loyalty,5,239.55
2026-04-01,Northeast,Electronics,New,17,617.14
2026-04-01,Northeast,Home,Loyalty,7,186.28
2026-04-01,Northeast,Outdoor,Loyalty,26,2929.91
2026-04-01,Northeast,Beauty,Loyalty,13,837.44
2026-04-01,Southeast,Apparel,Returning,18,1202.2
2026-04-01,Southeast,Electronics,Loyalty,10,584.98
2026-04-01,Southeast,Home,Returning,30,3569.56
2026-04-01,Southeast,Outdoor,Loyalty,30,1479.24
2026-04-01,Southeast,Beauty,New,7,454.03
2026-04-01,Midwest,Apparel,Loyalty,30,1545.7
2026-04-01,Midwest,Electronics,Loyalty,13,1069.68
2026-04-01,Midwest,Home,Loyalty,19,645.61
2026-04-01,Midwest,Outdoor,Loyalty,30,563.49
2026-04-01,Midwest,Beauty,Loyalty,13,383.1
2026-04-01,West,Apparel,Returning,8,141.08
2026-04-01,West,Electronics,Returning,21,1833.26
2026-04-01,West,Home,New,10,932.41
2026-04-01,West,Outdoor,Returning,19,1283.59
2026-04-01,West,Beauty,Loyalty,23,505.06
2026-04-02,Northeast,Apparel,Returning,12,1426.39
2026-04-02,Northeast,Electronics,New,19,790.96
2026-04-02,Northeast,Home,Loyalty,21,494.92
2026-04-02,Northeast,Outdoor,Loyalty,10,472.16
2026-04-02,Northeast,Beauty,New,19,951.18
2026-04-02,Southeast,Apparel,Loyalty,10,1003.23
2026-04-02,Southeast,Electronics,Returning,22,1702.26
2026-04-02,Southeast,Home,Returning,9,323.91
2026-04-02,Southeast,Outdoor,Loyalty,4,266.47
2026-04-02,Southeast,Beauty,New,15,730.35
2026-04-02,Midwest,Apparel,Returning,30,1607.7
2026-04-02,Midwest,Electronics,Returning,21,1011.25
2026-04-02,Midwest,Home,New,14,633.97
2026-04-02,Midwest,Outdoor,Returning,24,622.59
2026-04-02,Midwest,Beauty,New,21,1543.15
2026-04-02,West,Apparel,Loyalty,29,3376.79
2026-04-02,West,Electronics,New,30,2981.23
2026-04-02,West,Home,Returning,22,1870.26
2026-04-02,West,Outdoor,Loyalty,4,298.79
2026-04-02,West,Beauty,Loyalty,14,927.17
2026-04-03,Northeast,Apparel,Returning,26,2147.04
2026-04-03,Northeast,Electronics,Loyalty,28,2354.11
2026-04-03,Northeast,Home,New,16,1597.09
2026-04-03,Northeast,Outdoor,Loyalty,17,974.16
2026-04-03,Northeast,Beauty,Returning,12,604.13
2026-04-03,Southeast,Apparel,Loyalty,21,1689.13
2026-04-03,Southeast,Electronics,Loyalty,7,339.21
2026-04-03,Southeast,Home,Returning,11,952.1
2026-04-03,Southeast,Outdoor,Loyalty,8,418.55
2026-04-03,Southeast,Beauty,Returning,17,1715.42
2026-04-03,Midwest,Apparel,Loyalty,30,689.54
2026-04-03,Midwest,Electronics,Loyalty,12,1354.79
2026-04-03,Midwest,Home,New,14,599.4
2026-04-03,Midwest,Outdoor,Loyalty,32,2539.76
2026-04-03,Midwest,Beauty,Returning,25,1327.59
2026-04-03,West,Apparel,Returning,12,529.53
2026-04-03,West,Electronics,Returning,22,1747.64
2026-04-03,West,Home,Returning,25,2442.91
2026-04-03,West,Outdoor,Loyalty,8,506.04
2026-04-03,West,Beauty,Returning,8,943.74
2026-04-04,Northeast,Apparel,New,5,329.98
2026-04-04,Northeast,Electronics,Returning,21,1969.28
2026-04-04,Northeast,Home,New,22,379.45
2026-04-04,Northeast,Outdoor,New,27,2191.3
2026-04-04,Northeast,Beauty,Loyalty,30,3258.91
2026-04-04,Southeast,Apparel,New,30,1970.27
2026-04-04,Southeast,Electronics,Returning,26,627.19
2026-04-04,Southeast,Home,Loyalty,19,1500.41
2026-04-04,Southeast,Outdoor,Loyalty,15,1072.87
2026-04-04,Southeast,Beauty,New,14,514.03
2026-04-04,Midwest,Apparel,New,20,2056.7
2026-04-04,Midwest,Electronics,Loyalty,19,1541.84
2026-04-04,Midwest,Home,Loyalty,18,910.92
2026-04-04,Midwest,Outdoor,Returning,17,1362.76
2026-04-04,Midwest,Beauty,New,19,944.5
2026-04-04,West,Apparel,New,27,423.07
2026-04-04,West,Electronics,Loyalty,22,2267.88
2026-04-04,West,Home,Loyalty,20,1975.97
2026-04-04,West,Outdoor,Returning,27,1339.43
2026-04-04,West,Beauty,New,10,1023.2
2026-04-05,Northeast,Apparel,Returning,12,915.9
2026-04-05,Northeast,Electronics,Loyalty,22,1094.89
2026-04-05,Northeast,Home,Loyalty,5,517.75
2026-04-05,Northeast,Outdoor,Loyalty,23,1748.52
2026-04-05,Northeast,Beauty,Loyalty,8,635.23
2026-04-05,Southeast,Apparel,New,24,2574.56
2026-04-05,Southeast,Electronics,Loyalty,20,1177.52
2026-04-05,Southeast,Home,New,6,532.08
2026-04-05,Southeast,Outdoor,Loyalty,18,333.29
2026-04-05,Southeast,Beauty,New,7,744.67
2026-04-05,Midwest,Apparel,New,25,607.51
2026-04-05,Midwest,Electronics,New,26,3099.57
2026-04-05,Midwest,Home,Loyalty,16,1202.52
2026-04-05,Midwest,Outdoor,New,20,742.59
2026-04-05,Midwest,Beauty,New,4,192.78
2026-04-05,West,Apparel,Returning,26,426.38
2026-04-05,West,Electronics,New,15,1617.05
2026-04-05,West,Home,Returning,26,3013.49
2026-04-05,West,Outdoor,Returning,5,561.78
2026-04-05,West,Beauty,Loyalty,6,113.35
2026-04-06,Northeast,Apparel,Returning,4,431.3
2026-04-06,Northeast,Electronics,Returning,23,1754.54
2026-04-06,Northeast,Home,Returning,17,1385.71
2026-04-06,Northeast,Outdoor,Returning,12,452.96
2026-04-06,Northeast,Beauty,Loyalty,31,1083.17
2026-04-06,Southeast,Apparel,New,9,1032.95
2026-04-06,Southeast,Electronics,Loyalty,25,2532.33
2026-04-06,Southeast,Home,Returning,27,3088.69
2026-04-06,Southeast,Outdoor,Returning,5,534.23
2026-04-06,Southeast,Beauty,Returning,17,718.47
2026-04-06,Midwest,Apparel,Loyalty,29,1438.41
2026-04-06,Midwest,Electronics,Loyalty,13,334.91
2026-04-06,Midwest,Home,Returning,32,815.86
2026-04-06,Midwest,Outdoor,New,23,1736.23
2026-04-06,Midwest,Beauty,Returning,19,644.94
2026-04-06,West,Apparel,Returning,12,190.57
2026-04-06,West,Electronics,Loyalty,14,550.68
2026-04-06,West,Home,Returning,21,1557.66
2026-04-06,West,Outdoor,Loyalty,7,481.61
2026-04-06,West,Beauty,Returning,8,212.2
2026-04-07,Northeast,Apparel,Returning,25,2417.53
2026-04-07,Northeast,Electronics,New,16,924.91
2026-04-07,Northeast,Home,Returning,9,937.85
2026-04-07,Northeast,Outdoor,Returning,25,1741.53
2026-04-07,Northeast,Beauty,New,23,539.51
2026-04-07,Southeast,Apparel,Returning,23,2590.44
2026-04-07,Southeast,Electronics,Loyalty,12,1307.48
2026-04-07,Southeast,Home,Loyalty,26,2401.13
2026-04-07,Southeast,Outdoor,Loyalty,10,322.21
2026-04-07,Southeast,Beauty,New,12,463.02
2026-04-07,Midwest,Apparel,Loyalty,22,1765.67
2026-04-07,Midwest,Electronics,Returning,9,986.4
2026-04-07,Midwest,Home,Loyalty,6,571.91
2026-04-07,Midwest,Outdoor,New,27,1714.02
2026-04-07,Midwest,Beauty,Loyalty,17,1895.34
2026-04-07,West,Apparel,Returning,15,239.11
2026-04-07,West,Electronics,New,16,827.52
2026-04-07,West,Home,New,13,607.63
2026-04-07,West,Outdoor,New,25,1665.7
2026-04-07,West,Beauty,Loyalty,18,1188.93
2026-04-08,Northeast,Apparel,Returning,23,736.21
2026-04-08,Northeast,Electronics,Returning,13,1550.52
2026-04-08,Northeast,Home,Loyalty,13,1079.38
2026-04-08,Northeast,Outdoor,New,4,187.81
2026-04-08,Northeast,Beauty,Returning,8,520.08
2026-04-08,Southeast,Apparel,New,15,634.79
2026-04-08,Southeast,Electronics,Returning,27,1991.96
2026-04-08,Southeast,Home,New,13,643.21
2026-04-08,Southeast,Outdoor,New,12,1130.78
2026-04-08,Southeast,Beauty,New,27,948.57
2026-04-08,Midwest,Apparel,Loyalty,13,704.58
2026-04-08,Midwest,Electronics,Loyalty,15,577.29
2026-04-08,Midwest,Home,New,11,1281.16
2026-04-08,Midwest,Outdoor,New,17,1604.22
2026-04-08,Midwest,Beauty,New,9,264.55
2026-04-08,West,Apparel,New,30,3496.91
2026-04-08,West,Electronics,Loyalty,22,712.94
2026-04-08,West,Home,New,24,486.28
2026-04-08,West,Outdoor,Returning,26,1945.53
2026-04-08,West,Beauty,New,28,2767.25
2026-04-09,Northeast,Apparel,New,16,1417.68
2026-04-09,Northeast,Electronics,Returning,19,2020.63
2026-04-09,Northeast,Home,New,6,623.9
2026-04-09,Northeast,Outdoor,Loyalty,6,273.91
2026-04-09,Northeast,Beauty,New,8,288.23
2026-04-09,Southeast,Apparel,Loyalty,28,2711.72
2026-04-09,Southeast,Electronics,New,8,487.31
2026-04-09,Southeast,Home,New,32,1674.65
2026-04-09,Southeast,Outdoor,New,30,3580.88
2026-04-09,Southeast,Beauty,Loyalty,25,2338.75
2026-04-09,Midwest,Apparel,Returning,11,724.96
2026-04-09,Midwest,Electronics,Returning,8,233.35
2026-04-09,Midwest,Home,New,13,1120.41
2026-04-09,Midwest,Outdoor,Loyalty,8,280.84
2026-04-09,Midwest,Beauty,Loyalty,19,1374.8
2026-04-09,West,Apparel,Loyalty,23,1515.03
2026-04-09,West,Electronics,Loyalty,15,608.17
2026-04-09,West,Home,New,31,575.51
2026-04-09,West,Outdoor,New,30,1594.04
2026-04-09,West,Beauty,Returning,21,2058.18
2026-04-10,Northeast,Apparel,New,18,2125.63
2026-04-10,Northeast,Electronics,Loyalty,17,543.67
2026-04-10,Northeast,Home,Returning,5,483.46
2026-04-10,Northeast,Outdoor,Returning,23,1293.14
2026-04-10,Northeast,Beauty,New,16,1014.75
2026-04-10,Southeast,Apparel,Returning,11,283.89
2026-04-10,Southeast,Electronics,Loyalty,24,406.55
2026-04-10,Southeast,Home,Loyalty,18,447.91
2026-04-10,Southeast,Outdoor,Returning,12,635.06
2026-04-10,Southeast,Beauty,New,21,1799.94
2026-04-10,Midwest,Apparel,New,26,855
2026-04-10,Midwest,Electronics,Loyalty,11,970.03
2026-04-10,Midwest,Home,New,10,239.76
2026-04-10,Midwest,Outdoor,Returning,6,224.4
2026-04-10,Midwest,Beauty,Returning,9,578.22
2026-04-10,West,Apparel,New,7,735.98
2026-04-10,West,Electronics,Returning,24,893.21
2026-04-10,West,Home,New,15,616.69
2026-04-10,West,Outdoor,Loyalty,5,537.4
2026-04-10,West,Beauty,Loyalty,15,684.6
2026-04-11,Northeast,Apparel,Loyalty,22,1176.25
2026-04-11,Northeast,Electronics,Returning,8,787.98
2026-04-11,Northeast,Home,New,25,1564.76
2026-04-11,Northeast,Outdoor,Loyalty,18,2048.23
2026-04-11,Northeast,Beauty,Returning,8,260.09
2026-04-11,Southeast,Apparel,Returning,10,978.5
2026-04-11,Southeast,Electronics,Loyalty,22,2410.79
2026-04-11,Southeast,Home,Loyalty,5,104.34
2026-04-11,Southeast,Outdoor,New,28,2730.56
2026-04-11,Southeast,Beauty,Loyalty,9,1011.95
2026-04-11,Midwest,Apparel,New,4,81.35
2026-04-11,Midwest,Electronics,Loyalty,27,1035.23
2026-04-11,Midwest,Home,Loyalty,25,2110.92
2026-04-11,Midwest,Outdoor,Loyalty,12,1027.74
2026-04-11,Midwest,Beauty,New,21,1383.33
2026-04-11,West,Apparel,New,7,465.95
2026-04-11,West,Electronics,Loyalty,16,936.87
2026-04-11,West,Home,Returning,9,481.4
2026-04-11,West,Outdoor,Loyalty,9,1000.09
2026-04-11,West,Beauty,Returning,11,1288.87
2026-04-12,Northeast,Apparel,Returning,8,760.82
2026-04-12,Northeast,Electronics,Loyalty,7,128.43
2026-04-12,Northeast,Home,Returning,8,635.9
2026-04-12,Northeast,Outdoor,Loyalty,18,726.18
2026-04-12,Northeast,Beauty,Loyalty,7,485.42
2026-04-12,Southeast,Apparel,Returning,9,297.36
2026-04-12,Southeast,Electronics,New,31,2175.56
2026-04-12,Southeast,Home,New,5,320.67
2026-04-12,Southeast,Outdoor,New,28,1235.77
2026-04-12,Southeast,Beauty,New,25,2562.53
2026-04-12,Midwest,Apparel,Returning,32,902.51
2026-04-12,Midwest,Electronics,New,28,505.32
2026-04-12,Midwest,Home,Returning,5,422.53
2026-04-12,Midwest,Outdoor,New,12,455.02
2026-04-12,Midwest,Beauty,New,16,1664.45
2026-04-12,West,Apparel,New,5,220.38
2026-04-12,West,Electronics,Loyalty,16,263.39
2026-04-12,West,Home,Loyalty,19,878.45
2026-04-12,West,Outdoor,Loyalty,24,1321.71
2026-04-12,West,Beauty,Loyalty,11,736.1
2026-04-13,Northeast,Apparel,Returning,17,1860.03
2026-04-13,Northeast,Electronics,Loyalty,19,368.4
2026-04-13,Northeast,Home,Loyalty,10,644.02
2026-04-13,Northeast,Outdoor,New,30,1122.91
2026-04-13,Northeast,Beauty,New,10,798.38
2026-04-13,Southeast,Apparel,Returning,28,2326.52
2026-04-13,Southeast,Electronics,Loyalty,9,746.7
2026-04-13,Southeast,Home,New,15,958.67
2026-04-13,Southeast,Outdoor,Loyalty,22,371
2026-04-13,Southeast,Beauty,Returning,14,986.53
2026-04-13,Midwest,Apparel,Returning,20,2399.7
2026-04-13,Midwest,Electronics,New,13,1333.25
2026-04-13,Midwest,Home,New,26,1646.75
2026-04-13,Midwest,Outdoor,Returning,9,314.68
2026-04-13,Midwest,Beauty,Returning,28,1471.24
2026-04-13,West,Apparel,New,17,1711.57
2026-04-13,West,Electronics,New,16,671.5
2026-04-13,West,Home,New,30,1232.32
2026-04-13,West,Outdoor,Returning,28,2278.17
2026-04-13,West,Beauty,Returning,27,644.14
2026-04-14,Northeast,Apparel,New,24,1175.78
2026-04-14,Northeast,Electronics,Loyalty,16,1027.38
2026-04-14,Northeast,Home,Loyalty,13,1060.87
2026-04-14,Northeast,Outdoor,Loyalty,6,581.93
2026-04-14,Northeast,Beauty,New,26,2828.6
2026-04-14,Southeast,Apparel,New,31,3168.67
2026-04-14,Southeast,Electronics,Loyalty,10,445.38
2026-04-14,Southeast,Home,New,9,1033.86
2026-04-14,Southeast,Outdoor,Loyalty,28,2990.86
2026-04-14,Southeast,Beauty,Returning,19,1009.84
2026-04-14,Midwest,Apparel,Loyalty,19,2045.22
2026-04-14,Midwest,Electronics,Loyalty,27,2609.11
2026-04-14,Midwest,Home,Loyalty,7,224.59
2026-04-14,Midwest,Outdoor,New,15,678.8
2026-04-14,Midwest,Beauty,New,18,709.23
2026-04-14,West,Apparel,Returning,31,1904.7
2026-04-14,West,Electronics,New,6,253.04
2026-04-14,West,Home,New,31,2513.3
2026-04-14,West,Outdoor,Loyalty,23,1410.73
2026-04-14,West,Beauty,Loyalty,26,3012.32
2026-04-15,Northeast,Apparel,New,27,2623.34
2026-04-15,Northeast,Electronics,Loyalty,19,366.6
2026-04-15,Northeast,Home,Loyalty,16,528.03
2026-04-15,Northeast,Outdoor,New,30,586.48
2026-04-15,Northeast,Beauty,New,20,1726.26
2026-04-15,Southeast,Apparel,Returning,16,899.28
2026-04-15,Southeast,Electronics,New,30,3501.8
2026-04-15,Southeast,Home,Returning,25,511.26
2026-04-15,Southeast,Outdoor,Loyalty,21,2064.88
2026-04-15,Southeast,Beauty,New,23,1947.5
2026-04-15,Midwest,Apparel,Returning,26,1997.33
2026-04-15,Midwest,Electronics,New,23,1745.15
2026-04-15,Midwest,Home,Returning,32,708.88
2026-04-15,Midwest,Outdoor,Returning,9,237.68
2026-04-15,Midwest,Beauty,Returning,28,2230.19
2026-04-15,West,Apparel,Loyalty,27,2518.1
2026-04-15,West,Electronics,Loyalty,31,3546.63
2026-04-15,West,Home,Returning,8,362.45
2026-04-15,West,Outdoor,Returning,6,489.43
2026-04-15,West,Beauty,Loyalty,14,1281.01
2026-04-16,Northeast,Apparel,New,10,934.21
2026-04-16,Northeast,Electronics,Returning,17,1741.99
2026-04-16,Northeast,Home,Returning,31,3624.88
2026-04-16,Northeast,Outdoor,Loyalty,12,276.79
2026-04-16,Northeast,Beauty,Returning,23,2654.23
2026-04-16,Southeast,Apparel,New,10,470.64
2026-04-16,Southeast,Electronics,New,11,1179.19
2026-04-16,Southeast,Home,Returning,5,123.26
2026-04-16,Southeast,Outdoor,Loyalty,12,491.8
2026-04-16,Southeast,Beauty,New,32,3576.51
2026-04-16,Midwest,Apparel,Returning,14,383.11
2026-04-16,Midwest,Electronics,New,13,570.93
2026-04-16,Midwest,Home,Returning,16,1486.83
2026-04-16,Midwest,Outdoor,Loyalty,13,1112.57
2026-04-16,Midwest,Beauty,New,25,2743.37
2026-04-16,West,Apparel,Returning,11,1199.87
2026-04-16,West,Electronics,New,17,1243.6
2026-04-16,West,Home,Loyalty,25,2105.38
2026-04-16,West,Outdoor,New,21,1131.35
2026-04-16,West,Beauty,New,5,533.4
2026-04-17,Northeast,Apparel,Loyalty,18,1364.71
2026-04-17,Northeast,Electronics,Returning,7,418.94
2026-04-17,Northeast,Home,Returning,14,1088.52
2026-04-17,Northeast,Outdoor,New,12,800.84
2026-04-17,Northeast,Beauty,Returning,24,1086.54
2026-04-17,Southeast,Apparel,Loyalty,19,953.53
2026-04-17,Southeast,Electronics,Returning,22,1620.73
2026-04-17,Southeast,Home,Returning,27,945.89
2026-04-17,Southeast,Outdoor,Returning,4,444.62
2026-04-17,Southeast,Beauty,New,18,1536.97
2026-04-17,Midwest,Apparel,Loyalty,27,1678.05
2026-04-17,Midwest,Electronics,Returning,14,396.86
2026-04-17,Midwest,Home,Loyalty,29,660.94
2026-04-17,Midwest,Outdoor,Loyalty,23,2312.77
2026-04-17,Midwest,Beauty,New,15,1717.29
2026-04-17,West,Apparel,New,25,593.62
2026-04-17,West,Electronics,Returning,28,1932.95
2026-04-17,West,Home,New,5,270.22
2026-04-17,West,Outdoor,Loyalty,5,280.81
2026-04-17,West,Beauty,Returning,30,2841.62
2026-04-18,Northeast,Apparel,New,8,814.23
2026-04-18,Northeast,Electronics,New,9,969.19
2026-04-18,Northeast,Home,Loyalty,32,3386.36
2026-04-18,Northeast,Outdoor,Returning,20,2070.84
2026-04-18,Northeast,Beauty,Loyalty,19,1243.22
2026-04-18,Southeast,Apparel,New,9,168.42
2026-04-18,Southeast,Electronics,New,30,3017.22
2026-04-18,Southeast,Home,New,16,1900.69
2026-04-18,Southeast,Outdoor,Returning,16,1423.64
2026-04-18,Southeast,Beauty,Loyalty,29,2413.03
2026-04-18,Midwest,Apparel,Loyalty,7,411.85
2026-04-18,Midwest,Electronics,Loyalty,16,445.15
2026-04-18,Midwest,Home,Loyalty,10,234.06
2026-04-18,Midwest,Outdoor,Returning,19,1166.27
2026-04-18,Midwest,Beauty,Loyalty,5,402.97
2026-04-18,West,Apparel,Loyalty,14,541.74
2026-04-18,West,Electronics,New,22,1316.61
2026-04-18,West,Home,New,9,431.81
2026-04-18,West,Outdoor,Loyalty,29,1033.39
2026-04-18,West,Beauty,Loyalty,24,1893.04
2026-04-19,Northeast,Apparel,Returning,19,865.99
2026-04-19,Northeast,Electronics,Loyalty,30,2624.67
2026-04-19,Northeast,Home,New,19,2169.35
2026-04-19,Northeast,Outdoor,New,5,406.05
2026-04-19,Northeast,Beauty,New,15,1096.73
2026-04-19,Southeast,Apparel,New,13,1251.49
2026-04-19,Southeast,Electronics,New,4,446.18
2026-04-19,Southeast,Home,New,22,1612.62
2026-04-19,Southeast,Outdoor,Returning,9,427.92
2026-04-19,Southeast,Beauty,New,25,915.68
2026-04-19,Midwest,Apparel,Returning,12,799.45
2026-04-19,Midwest,Electronics,New,30,3204.32
2026-04-19,Midwest,Home,Returning,26,2884.73
2026-04-19,Midwest,Outdoor,New,22,482.8
2026-04-19,Midwest,Beauty,Returning,7,118.64
2026-04-19,West,Apparel,Loyalty,29,1253.76
2026-04-19,West,Electronics,Returning,20,1355.31
2026-04-19,West,Home,Loyalty,9,223.6
2026-04-19,West,Outdoor,Loyalty,19,1655.04
2026-04-19,West,Beauty,Returning,13,595.45
2026-04-20,Northeast,Apparel,Returning,21,1036.46
2026-04-20,Northeast,Electronics,Returning,23,770.62
2026-04-20,Northeast,Home,Loyalty,9,636.32
2026-04-20,Northeast,Outdoor,New,6,443.07
2026-04-20,Northeast,Beauty,New,30,1627.16
2026-04-20,Southeast,Apparel,Loyalty,28,2912.17
2026-04-20,Southeast,Electronics,Returning,23,1034.95
2026-04-20,Southeast,Home,Returning,17,659.15
2026-04-20,Southeast,Outdoor,Loyalty,30,548.15
2026-04-20,Southeast,Beauty,Loyalty,25,1126.73
2026-04-20,Midwest,Apparel,New,27,2779.83
2026-04-20,Midwest,Electronics,Returning,27,1014.95
2026-04-20,Midwest,Home,Returning,28,520.32
2026-04-20,Midwest,Outdoor,Loyalty,7,819.2
2026-04-20,Midwest,Beauty,Returning,20,584.88
2026-04-20,West,Apparel,Loyalty,9,173.79
2026-04-20,West,Electronics,New,15,848.03
2026-04-20,West,Home,Loyalty,5,527.5
2026-04-20,West,Outdoor,New,14,745.8
2026-04-20,West,Beauty,New,19,1799.3
2026-04-21,Northeast,Apparel,Loyalty,24,2864.57
2026-04-21,Northeast,Electronics,Returning,10,521.1
2026-04-21,Northeast,Home,Returning,25,1308.05
2026-04-21,Northeast,Outdoor,Returning,6,464.1
2026-04-21,Northeast,Beauty,New,28,3139.32
2026-04-21,Southeast,Apparel,Returning,23,623.79
2026-04-21,Southeast,Electronics,Returning,12,329.5
2026-04-21,Southeast,Home,Loyalty,24,735.44
2026-04-21,Southeast,Outdoor,Returning,23,398.13
2026-04-21,Southeast,Beauty,Returning,13,1152.94
2026-04-21,Midwest,Apparel,New,19,1343.25
2026-04-21,Midwest,Electronics,Returning,25,1574.28
2026-04-21,Midwest,Home,Loyalty,8,123.68
2026-04-21,Midwest,Outdoor,Returning,27,1357.64
2026-04-21,Midwest,Beauty,New,24,2514.15
2026-04-21,West,Apparel,New,9,822.63
2026-04-21,West,Electronics,New,22,1501.31
2026-04-21,West,Home,Loyalty,14,783.79
2026-04-21,West,Outdoor,Loyalty,5,179.33
2026-04-21,West,Beauty,Returning,8,767.31
2026-04-22,Northeast,Apparel,Loyalty,28,806.14
2026-04-22,Northeast,Electronics,Returning,4,220.72
2026-04-22,Northeast,Home,Loyalty,30,3283.03
2026-04-22,Northeast,Outdoor,Loyalty,31,779.25
2026-04-22,Northeast,Beauty,Loyalty,19,1159.66
2026-04-22,Southeast,Apparel,Returning,27,991.58
2026-04-22,Southeast,Electronics,Returning,27,1502.93
2026-04-22,Southeast,Home,Loyalty,12,1378.4
2026-04-22,Southeast,Outdoor,New,27,1711.42
2026-04-22,Southeast,Beauty,Returning,12,829.14
2026-04-22,Midwest,Apparel,Loyalty,30,761.08
2026-04-22,Midwest,Electronics,Loyalty,31,3447.43
2026-04-22,Midwest,Home,Loyalty,7,526.14
2026-04-22,Midwest,Outdoor,New,5,437.85
2026-04-22,Midwest,Beauty,Loyalty,11,647.49
2026-04-22,West,Apparel,New,22,332.35
2026-04-22,West,Electronics,New,18,894.5
2026-04-22,West,Home,New,24,1241.77
2026-04-22,West,Outdoor,Returning,30,705.93
2026-04-22,West,Beauty,Returning,10,805.21
2026-04-23,Northeast,Apparel,Returning,5,118.54
2026-04-23,Northeast,Electronics,Loyalty,5,553.19
2026-04-23,Northeast,Home,Loyalty,32,2749.67
2026-04-23,Northeast,Outdoor,Returning,12,872.66
2026-04-23,Northeast,Beauty,New,6,464.35
2026-04-23,Southeast,Apparel,New,7,776.29
2026-04-23,Southeast,Electronics,Returning,10,610.1
2026-04-23,Southeast,Home,Loyalty,29,1545.4
2026-04-23,Southeast,Outdoor,New,9,610.86
2026-04-23,Southeast,Beauty,New,13,207.43
2026-04-23,Midwest,Apparel,Returning,15,902.4
2026-04-23,Midwest,Electronics,Returning,20,1789.1
2026-04-23,Midwest,Home,New,13,1272.83
2026-04-23,Midwest,Outdoor,New,26,871.21
2026-04-23,Midwest,Beauty,Returning,10,1189.35
2026-04-23,West,Apparel,New,17,1161.36
2026-04-23,West,Electronics,New,7,341.9
2026-04-23,West,Home,New,20,1107.01
2026-04-23,West,Outdoor,Returning,30,1962.28
2026-04-23,West,Beauty,New,8,894.5
2026-04-24,Northeast,Apparel,New,30,2180.03
2026-04-24,Northeast,Electronics,Loyalty,12,1321.41
2026-04-24,Northeast,Home,New,29,1807.5
2026-04-24,Northeast,Outdoor,Returning,23,693.12
2026-04-24,Northeast,Beauty,Returning,17,854.16
2026-04-24,Southeast,Apparel,Returning,8,706.32
2026-04-24,Southeast,Electronics,New,8,532.15
2026-04-24,Southeast,Home,Returning,6,223.1
2026-04-24,Southeast,Outdoor,Returning,31,2796.18
2026-04-24,Southeast,Beauty,New,28,1150.51
2026-04-24,Midwest,Apparel,Returning,15,1696.84
2026-04-24,Midwest,Electronics,Returning,13,1291.37
2026-04-24,Midwest,Home,Returning,13,289.71
2026-04-24,Midwest,Outdoor,Returning,5,383.47
2026-04-24,Midwest,Beauty,New,19,1486.4
2026-04-24,West,Apparel,Loyalty,19,2055.04
2026-04-24,West,Electronics,Returning,24,761.45
2026-04-24,West,Home,Loyalty,30,2348.33
2026-04-24,West,Outdoor,Loyalty,15,360.8
2026-04-24,West,Beauty,Loyalty,20,465.19
2026-04-25,Northeast,Apparel,New,5,582.86
2026-04-25,Northeast,Electronics,Returning,8,132.27
2026-04-25,Northeast,Home,Loyalty,11,792.99
2026-04-25,Northeast,Outdoor,Loyalty,25,2460.11
2026-04-25,Northeast,Beauty,Loyalty,14,633.23
2026-04-25,Southeast,Apparel,New,19,1201.26
2026-04-25,Southeast,Electronics,New,12,1246.54
2026-04-25,Southeast,Home,Returning,6,394.17
2026-04-25,Southeast,Outdoor,Returning,25,2270.29
2026-04-25,Southeast,Beauty,New,29,2880
2026-04-25,Midwest,Apparel,Loyalty,5,444.73
2026-04-25,Midwest,Electronics,Returning,30,1217.11
2026-04-25,Midwest,Home,Loyalty,6,294.97
2026-04-25,Midwest,Outdoor,Returning,10,224.25
2026-04-25,Midwest,Beauty,New,22,2066.19
2026-04-25,West,Apparel,Loyalty,24,1219.88
2026-04-25,West,Electronics,Loyalty,11,1166.59
2026-04-25,West,Home,New,8,555.68
2026-04-25,West,Outdoor,Returning,6,412.32
2026-04-25,West,Beauty,Returning,6,121.7
2026-04-26,Northeast,Apparel,Returning,24,1643.39
2026-04-26,Northeast,Electronics,Returning,23,2178.55
2026-04-26,Northeast,Home,Loyalty,20,1832.62
2026-04-26,Northeast,Outdoor,New,28,997.8
2026-04-26,Northeast,Beauty,Loyalty,22,2609.57
2026-04-26,Southeast,Apparel,Returning,19,831.66
2026-04-26,Southeast,Electronics,Returning,31,2132.14
2026-04-26,Southeast,Home,Returning,6,202.69
2026-04-26,Southeast,Outdoor,New,26,2551.93
2026-04-26,Southeast,Beauty,New,6,194.23
2026-04-26,Midwest,Apparel,Loyalty,10,1157.07
2026-04-26,Midwest,Electronics,Loyalty,23,1236.79
2026-04-26,Midwest,Home,Returning,21,1041.22
2026-04-26,Midwest,Outdoor,New,31,3568.64
2026-04-26,Midwest,Beauty,Loyalty,28,2086.34
2026-04-26,West,Apparel,Loyalty,16,1871.53
2026-04-26,West,Electronics,Returning,10,482.17
2026-04-26,West,Home,New,5,224.64
2026-04-26,West,Outdoor,Loyalty,24,1508.13
2026-04-26,West,Beauty,Returning,26,1396.46
2026-04-27,Northeast,Apparel,New,30,3357.1
2026-04-27,Northeast,Electronics,Loyalty,29,547.82
2026-04-27,Northeast,Home,Loyalty,21,1190.71
2026-04-27,Northeast,Outdoor,Returning,16,282.9
2026-04-27,Northeast,Beauty,Returning,7,622.99
2026-04-27,Southeast,Apparel,Loyalty,26,2979.07
2026-04-27,Southeast,Electronics,Returning,19,1011.03
2026-04-27,Southeast,Home,New,32,3458.52
2026-04-27,Southeast,Outdoor,Loyalty,17,441.81
2026-04-27,Southeast,Beauty,New,25,574.29
2026-04-27,Midwest,Apparel,New,22,1332.01
2026-04-27,Midwest,Electronics,New,13,618.77
2026-04-27,Midwest,Home,Returning,18,1057.9
2026-04-27,Midwest,Outdoor,Returning,31,2498.9
2026-04-27,Midwest,Beauty,Loyalty,16,1122.14
2026-04-27,West,Apparel,New,28,1514.13
2026-04-27,West,Electronics,Loyalty,26,1662.73
2026-04-27,West,Home,New,17,1898.77
2026-04-27,West,Outdoor,Loyalty,31,2821.99
2026-04-27,West,Beauty,Loyalty,30,3144.24
2026-04-28,Northeast,Apparel,Returning,9,748.02
2026-04-28,Northeast,Electronics,Loyalty,16,401.74
2026-04-28,Northeast,Home,New,26,1753.86
2026-04-28,Northeast,Outdoor,Loyalty,5,91.54
2026-04-28,Northeast,Beauty,Loyalty,18,623.17
2026-04-28,Southeast,Apparel,Returning,20,1946.27
2026-04-28,Southeast,Electronics,Loyalty,17,1751.98
2026-04-28,Southeast,Home,Loyalty,30,2739.89
2026-04-28,Southeast,Outdoor,Returning,12,608.99
2026-04-28,Southeast,Beauty,Loyalty,4,291.61
2026-04-28,Midwest,Apparel,Returning,30,3139.1
2026-04-28,Midwest,Electronics,New,24,2128.46
2026-04-28,Midwest,Home,New,22,2156.42
2026-04-28,Midwest,Outdoor,New,13,1378.42
2026-04-28,Midwest,Beauty,Returning,21,884.93
2026-04-28,West,Apparel,New,28,2341.15
2026-04-28,West,Electronics,Returning,11,1150.55
2026-04-28,West,Home,Loyalty,31,3195.46
2026-04-28,West,Outdoor,New,28,716.23
2026-04-28,West,Beauty,Returning,25,982.4
2026-04-29,Northeast,Apparel,Returning,24,1530.34
2026-04-29,Northeast,Electronics,Returning,14,946.85
2026-04-29,Northeast,Home,Returning,27,2613.27
2026-04-29,Northeast,Outdoor,Returning,22,579.07
2026-04-29,Northeast,Beauty,New,19,898.12
2026-04-29,Southeast,Apparel,Returning,8,703.02
2026-04-29,Southeast,Electronics,Loyalty,30,3281.65
2026-04-29,Southeast,Home,Loyalty,14,1507.58
2026-04-29,Southeast,Outdoor,New,15,1256.97
2026-04-29,Southeast,Beauty,Loyalty,19,1744.77
2026-04-29,Midwest,Apparel,New,5,569
2026-04-29,Midwest,Electronics,New,6,323.92
2026-04-29,Midwest,Home,Loyalty,21,656.57
2026-04-29,Midwest,Outdoor,Loyalty,19,1103.2
2026-04-29,Midwest,Beauty,Loyalty,27,2009.37
2026-04-29,West,Apparel,Loyalty,6,642.66
2026-04-29,West,Electronics,Returning,22,1708.45
2026-04-29,West,Home,Returning,9,994.75
2026-04-29,West,Outdoor,Loyalty,19,312.83
2026-04-29,West,Beauty,Returning,13,430
2026-04-30,Northeast,Apparel,Returning,31,1493.25
2026-04-30,Northeast,Electronics,Loyalty,27,1113.55
2026-04-30,Northeast,Home,New,30,3312.38
2026-04-30,Northeast,Outdoor,Returning,15,887.58
2026-04-30,Northeast,Beauty,Loyalty,26,434.23
2026-04-30,Southeast,Apparel,New,21,985.47
2026-04-30,Southeast,Electronics,New,28,1893.34
2026-04-30,Southeast,Home,New,19,818.56
2026-04-30,Southeast,Outdoor,Loyalty,6,394.22
2026-04-30,Southeast,Beauty,Loyalty,13,235.61
2026-04-30,Midwest,Apparel,New,14,388.76
2026-04-30,Midwest,Electronics,Returning,9,496.24
2026-04-30,Midwest,Home,New,26,2465.43
2026-04-30,Midwest,Outdoor,New,10,585.15
2026-04-30,Midwest,Beauty,Returning,29,2046.12
2026-04-30,West,Apparel,Loyalty,15,1183.4
2026-04-30,West,Electronics,New,31,845.97
2026-04-30,West,Home,New,15,638.14
2026-04-30,West,Outdoor,New,13,1173.24
2026-04-30,West,Beauty,New,22,1740.76
2026-05-01,Northeast,Apparel,New,13,685.89
2026-05-01,Northeast,Electronics,Loyalty,7,233.9
2026-05-01,Northeast,Home,Loyalty,14,463.05
2026-05-01,Northeast,Outdoor,New,5,508.17
2026-05-01,Northeast,Beauty,Returning,9,448.35
2026-05-01,Southeast,Apparel,Loyalty,9,476.29
2026-05-01,Southeast,Electronics,New,12,710.69
2026-05-01,Southeast,Home,Loyalty,16,757.94
2026-05-01,Southeast,Outdoor,Returning,19,1530.04
2026-05-01,Southeast,Beauty,Returning,9,980.76
2026-05-01,Midwest,Apparel,Returning,4,363.87
2026-05-01,Midwest,Electronics,New,12,496.24
2026-05-01,Midwest,Home,New,4,159.02
2026-05-01,Midwest,Outdoor,Returning,15,1674.88
2026-05-01,Midwest,Beauty,New,24,1687.99
2026-05-01,West,Apparel,New,19,1915.95
2026-05-01,West,Electronics,Returning,14,1674.42
2026-05-01,West,Home,Returning,7,599.34
2026-05-01,West,Outdoor,Loyalty,22,961.82
2026-05-01,West,Beauty,Loyalty,22,2511.86
2026-05-02,Northeast,Apparel,Loyalty,13,1016.87
2026-05-02,Northeast,Electronics,Returning,20,1389.43
2026-05-02,Northeast,Home,Loyalty,20,2036.48
2026-05-02,Northeast,Outdoor,Loyalty,26,504.05
2026-05-02,Northeast,Beauty,Loyalty,13,424.83
2026-05-02,Southeast,Apparel,Returning,19,1511.03
2026-05-02,Southeast,Electronics,Returning,24,580.26
2026-05-02,Southeast,Home,Loyalty,25,2156.92
2026-05-02,Southeast,Outdoor,Loyalty,14,276.71
2026-05-02,Southeast,Beauty,Returning,4,436.77
2026-05-02,Midwest,Apparel,Returning,18,1725.71
2026-05-02,Midwest,Electronics,Returning,17,579.97
2026-05-02,Midwest,Home,Loyalty,9,864.49
2026-05-02,Midwest,Outdoor,New,4,371.43
2026-05-02,Midwest,Beauty,New,24,1911.83
2026-05-02,West,Apparel,Returning,23,2444.14
2026-05-02,West,Electronics,Returning,14,679.7
2026-05-02,West,Home,New,17,1236.95
2026-05-02,West,Outdoor,Returning,23,640.74
2026-05-02,West,Beauty,Loyalty,21,2435.82
2026-05-03,Northeast,Apparel,Loyalty,4,281.1
2026-05-03,Northeast,Electronics,New,11,1097.76
2026-05-03,Northeast,Home,Returning,10,516
2026-05-03,Northeast,Outdoor,New,12,1074.16
2026-05-03,Northeast,Beauty,Loyalty,7,674.36
2026-05-03,Southeast,Apparel,Loyalty,19,748.74
2026-05-03,Southeast,Electronics,Loyalty,13,1475.88
2026-05-03,Southeast,Home,Loyalty,17,2020.7
2026-05-03,Southeast,Outdoor,Loyalty,24,1686.22
2026-05-03,Southeast,Beauty,New,24,1954.68
2026-05-03,Midwest,Apparel,Loyalty,10,689.49
2026-05-03,Midwest,Electronics,Returning,8,153.92
2026-05-03,Midwest,Home,Loyalty,14,287.8
2026-05-03,Midwest,Outdoor,New,23,1420.33
2026-05-03,Midwest,Beauty,Returning,7,823.35
2026-05-03,West,Apparel,Loyalty,7,430.35
2026-05-03,West,Electronics,Returning,13,269.94
2026-05-03,West,Home,Returning,4,424.54
2026-05-03,West,Outdoor,Loyalty,11,1120.7
2026-05-03,West,Beauty,Loyalty,24,572.86
2026-05-04,Northeast,Apparel,Loyalty,24,1763.45
2026-05-04,Northeast,Electronics,New,24,1372.56
2026-05-04,Northeast,Home,Loyalty,7,662.32
2026-05-04,Northeast,Outdoor,Loyalty,19,309.32
2026-05-04,Northeast,Beauty,New,13,725.66
2026-05-04,Southeast,Apparel,Returning,8,921.91
2026-05-04,Southeast,Electronics,New,15,378.44
2026-05-04,Southeast,Home,Loyalty,18,598.68
2026-05-04,Southeast,Outdoor,Returning,17,1784.91
2026-05-04,Southeast,Beauty,Loyalty,19,1096.52
2026-05-04,Midwest,Apparel,Loyalty,13,1410.81
2026-05-04,Midwest,Electronics,Loyalty,12,1126.25
2026-05-04,Midwest,Home,New,26,765.76
2026-05-04,Midwest,Outdoor,Loyalty,22,1818.01
2026-05-04,Midwest,Beauty,New,19,1314.45
2026-05-04,West,Apparel,Returning,9,914.13
2026-05-04,West,Electronics,New,20,665.44
2026-05-04,West,Home,Loyalty,24,1132.09
2026-05-04,West,Outdoor,New,4,466.32
2026-05-04,West,Beauty,Returning,3,79.63
2026-05-05,Northeast,Apparel,Returning,6,211.47
2026-05-05,Northeast,Electronics,Returning,20,485.59
2026-05-05,Northeast,Home,New,9,627.49
2026-05-05,Northeast,Outdoor,Returning,10,765.23
2026-05-05,Northeast,Beauty,Loyalty,4,149.82
2026-05-05,Southeast,Apparel,New,13,1236.68
2026-05-05,Southeast,Electronics,Loyalty,24,1391.29
2026-05-05,Southeast,Home,Returning,18,790.3
2026-05-05,Southeast,Outdoor,New,24,2033.13
2026-05-05,Southeast,Beauty,Returning,9,506.72
2026-05-05,Midwest,Apparel,Returning,8,901.66
2026-05-05,Midwest,Electronics,New,17,882.13
2026-05-05,Midwest,Home,New,8,686.56
2026-05-05,Midwest,Outdoor,Returning,7,481.54
2026-05-05,Midwest,Beauty,New,10,205.74
2026-05-05,West,Apparel,Returning,5,285.77
2026-05-05,West,Electronics,Returning,4,194.59
2026-05-05,West,Home,New,22,1033.94
2026-05-05,West,Outdoor,Returning,23,1179.42
2026-05-05,West,Beauty,New,7,348.46
2026-05-06,Northeast,Apparel,New,7,509.45
2026-05-06,Northeast,Electronics,New,21,1931.18
2026-05-06,Northeast,Home,Returning,20,1374.91
2026-05-06,Northeast,Outdoor,Returning,21,1023.3
2026-05-06,Northeast,Beauty,New,24,1167.96
2026-05-06,Southeast,Apparel,Loyalty,6,175.08
2026-05-06,Southeast,Electronics,New,12,692.45
2026-05-06,Southeast,Home,Loyalty,14,243.46
2026-05-06,Southeast,Outdoor,Returning,21,813.16
2026-05-06,Southeast,Beauty,Loyalty,11,193.56
2026-05-06,Midwest,Apparel,Returning,16,1354.97
2026-05-06,Midwest,Electronics,Returning,24,1555.92
2026-05-06,Midwest,Home,Loyalty,7,719.07
2026-05-06,Midwest,Outdoor,Returning,20,1209.62
2026-05-06,Midwest,Beauty,New,25,1304.81
2026-05-06,West,Apparel,Loyalty,16,300.12
2026-05-06,West,Electronics,New,16,1361.96
2026-05-06,West,Home,Returning,25,2558.36
2026-05-06,West,Outdoor,New,26,1650.29
2026-05-06,West,Beauty,New,19,1045.61
2026-05-07,Northeast,Apparel,Loyalty,15,520.39
2026-05-07,Northeast,Electronics,Returning,15,617.21
2026-05-07,Northeast,Home,Returning,20,919.88
2026-05-07,Northeast,Outdoor,New,15,1620.73
2026-05-07,Northeast,Beauty,Returning,14,1479.11
2026-05-07,Southeast,Apparel,New,16,840.74
2026-05-07,Southeast,Electronics,New,14,336.44
2026-05-07,Southeast,Home,Returning,12,213.04
2026-05-07,Southeast,Outdoor,New,23,2401.02
2026-05-07,Southeast,Beauty,New,24,524.44
2026-05-07,Midwest,Apparel,Returning,3,263.38
2026-05-07,Midwest,Electronics,Loyalty,10,514.08
2026-05-07,Midwest,Home,New,7,777.84
2026-05-07,Midwest,Outdoor,Loyalty,6,667.45
2026-05-07,Midwest,Beauty,New,22,1715.22
2026-05-07,West,Apparel,Returning,5,432.77
2026-05-07,West,Electronics,Loyalty,4,476.89
2026-05-07,West,Home,Returning,6,557.52
2026-05-07,West,Outdoor,Returning,13,266.33
2026-05-07,West,Beauty,New,21,2363.98
2026-05-08,Northeast,Apparel,Loyalty,12,261.26
2026-05-08,Northeast,Electronics,New,5,190.51
2026-05-08,Northeast,Home,Loyalty,10,378.84
2026-05-08,Northeast,Outdoor,New,10,1095.67
2026-05-08,Northeast,Beauty,Loyalty,16,985.32
2026-05-08,Southeast,Apparel,Returning,10,980.68
2026-05-08,Southeast,Electronics,Loyalty,14,1356.56
2026-05-08,Southeast,Home,New,5,242.4
2026-05-08,Southeast,Outdoor,Returning,21,1178.93
2026-05-08,Southeast,Beauty,Returning,24,2829.59
2026-05-08,Midwest,Apparel,Returning,9,295.14
2026-05-08,Midwest,Electronics,Loyalty,18,1146.52
2026-05-08,Midwest,Home,Loyalty,21,2158.77
2026-05-08,Midwest,Outdoor,Returning,12,525.52
2026-05-08,Midwest,Beauty,New,12,797.66
2026-05-08,West,Apparel,Loyalty,23,2653.88
2026-05-08,West,Electronics,New,22,348.35
2026-05-08,West,Home,Loyalty,9,503.83
2026-05-08,West,Outdoor,Loyalty,16,1048.33
2026-05-08,West,Beauty,New,5,335.17
2026-05-09,Northeast,Apparel,New,13,965.03
2026-05-09,Northeast,Electronics,Returning,22,1331.17
2026-05-09,Northeast,Home,New,4,94.72
2026-05-09,Northeast,Outdoor,Returning,5,392.26
2026-05-09,Northeast,Beauty,Returning,15,1346.4
2026-05-09,Southeast,Apparel,New,12,879.93
2026-05-09,Southeast,Electronics,New,23,1264.45
2026-05-09,Southeast,Home,Returning,17,1250.43
2026-05-09,Southeast,Outdoor,Loyalty,23,598.42
2026-05-09,Southeast,Beauty,Loyalty,21,2126.75
2026-05-09,Midwest,Apparel,Loyalty,18,2053.5
2026-05-09,Midwest,Electronics,Loyalty,23,1027.67
2026-05-09,Midwest,Home,Loyalty,21,2211.08
2026-05-09,Midwest,Outdoor,Loyalty,20,1145.37
2026-05-09,Midwest,Beauty,New,9,1001.2
2026-05-09,West,Apparel,Returning,26,1336.99
2026-05-09,West,Electronics,Loyalty,5,542.3
2026-05-09,West,Home,Returning,12,1001.06
2026-05-09,West,Outdoor,New,24,1310.02
2026-05-09,West,Beauty,New,12,792.29
2026-05-10,Northeast,Apparel,Returning,16,473.26
2026-05-10,Northeast,Electronics,New,6,368.24
2026-05-10,Northeast,Home,Loyalty,21,1237.7
2026-05-10,Northeast,Outdoor,New,6,627.16
2026-05-10,Northeast,Beauty,New,3,282.62
2026-05-10,Southeast,Apparel,New,26,1012.76
2026-05-10,Southeast,Electronics,New,26,549.47
2026-05-10,Southeast,Home,New,22,1541.57
2026-05-10,Southeast,Outdoor,Returning,25,1141.27
2026-05-10,Southeast,Beauty,Loyalty,22,1457.81
2026-05-10,Midwest,Apparel,Returning,8,361.01
2026-05-10,Midwest,Electronics,New,5,428.57
2026-05-10,Midwest,Home,Loyalty,6,370.1
2026-05-10,Midwest,Outdoor,Loyalty,21,609.4
2026-05-10,Midwest,Beauty,Returning,11,1119.34
2026-05-10,West,Apparel,Loyalty,9,722.63
2026-05-10,West,Electronics,New,15,1510.62
2026-05-10,West,Home,Returning,9,453.09
2026-05-10,West,Outdoor,New,10,471.63
2026-05-10,West,Beauty,New,13,1183.25
2026-05-11,Northeast,Apparel,Loyalty,7,790.24
2026-05-11,Northeast,Electronics,New,10,1190.84
2026-05-11,Northeast,Home,Loyalty,7,190.99
2026-05-11,Northeast,Outdoor,Returning,9,195.89
2026-05-11,Northeast,Beauty,Returning,8,572.11
2026-05-11,Southeast,Apparel,New,9,1006.91
2026-05-11,Southeast,Electronics,Returning,25,2055.21
2026-05-11,Southeast,Home,Returning,8,282.55
2026-05-11,Southeast,Outdoor,Returning,16,992.67
2026-05-11,Southeast,Beauty,Returning,15,1426.54
2026-05-11,Midwest,Apparel,Loyalty,24,1247.98
2026-05-11,Midwest,Electronics,Returning,11,548.69
2026-05-11,Midwest,Home,Loyalty,13,1323.75
2026-05-11,Midwest,Outdoor,Returning,3,68.28
2026-05-11,Midwest,Beauty,Returning,18,1568.34
2026-05-11,West,Apparel,Loyalty,10,519.28
2026-05-11,West,Electronics,Returning,17,826.6
2026-05-11,West,Home,New,18,1444.64
2026-05-11,West,Outdoor,Loyalty,20,1888.41
2026-05-11,West,Beauty,New,14,593.9
2026-05-12,Northeast,Apparel,Returning,25,658.88
2026-05-12,Northeast,Electronics,Returning,13,1096.22
2026-05-12,Northeast,Home,Loyalty,14,1577.06
2026-05-12,Northeast,Outdoor,Loyalty,18,324.46
2026-05-12,Northeast,Beauty,Loyalty,26,2452.32
2026-05-12,Southeast,Apparel,Loyalty,4,278.03
2026-05-12,Southeast,Electronics,Loyalty,20,2006.55
2026-05-12,Southeast,Home,New,22,1664.81
2026-05-12,Southeast,Outdoor,Returning,12,1070.24
2026-05-12,Southeast,Beauty,New,4,397.94
2026-05-12,Midwest,Apparel,Returning,5,319.03
2026-05-12,Midwest,Electronics,Returning,6,583.8
2026-05-12,Midwest,Home,Loyalty,26,1103.01
2026-05-12,Midwest,Outdoor,New,17,1128.28
2026-05-12,Midwest,Beauty,Returning,15,1189.65
2026-05-12,West,Apparel,New,8,557.25
2026-05-12,West,Electronics,Loyalty,9,939.74
2026-05-12,West,Home,New,12,1011.49
2026-05-12,West,Outdoor,New,3,327.17
2026-05-12,West,Beauty,New,21,2370.11
2026-05-13,Northeast,Apparel,Loyalty,14,472.46
2026-05-13,Northeast,Electronics,Returning,21,846.64
2026-05-13,Northeast,Home,Returning,5,293.49
2026-05-13,Northeast,Outdoor,Returning,7,304.37
2026-05-13,Northeast,Beauty,Loyalty,18,1618.13
2026-05-13,Southeast,Apparel,New,6,450.26
2026-05-13,Southeast,Electronics,Returning,5,370.12
2026-05-13,Southeast,Home,Loyalty,14,1512.76
2026-05-13,Southeast,Outdoor,New,5,126.79
2026-05-13,Southeast,Beauty,Loyalty,8,245.56
2026-05-13,Midwest,Apparel,New,24,2651.01
2026-05-13,Midwest,Electronics,New,15,833.38
2026-05-13,Midwest,Home,Returning,4,305.86
2026-05-13,Midwest,Outdoor,Loyalty,4,151.85
2026-05-13,Midwest,Beauty,Returning,5,489.9
2026-05-13,West,Apparel,New,21,1944.19
2026-05-13,West,Electronics,Loyalty,19,1635.54
2026-05-13,West,Home,New,26,1984.95
2026-05-13,West,Outdoor,Returning,25,873.41
2026-05-13,West,Beauty,Returning,3,135.92
2026-05-14,Northeast,Apparel,Loyalty,7,732.01
2026-05-14,Northeast,Electronics,Returning,16,1097.16
2026-05-14,Northeast,Home,New,18,2099.31
2026-05-14,Northeast,Outdoor,New,23,2112.88
2026-05-14,Northeast,Beauty,New,17,698.29
2026-05-14,Southeast,Apparel,Loyalty,16,566.08
2026-05-14,Southeast,Electronics,Loyalty,14,1259.46
2026-05-14,Southeast,Home,Returning,4,262.73
2026-05-14,Southeast,Outdoor,Returning,5,281.63
2026-05-14,Southeast,Beauty,Loyalty,23,1669.66
2026-05-14,Midwest,Apparel,New,9,713.08
2026-05-14,Midwest,Electronics,Loyalty,19,1074.97
2026-05-14,Midwest,Home,Returning,12,641.98
2026-05-14,Midwest,Outdoor,New,16,698.66
2026-05-14,Midwest,Beauty,Returning,25,960.06
2026-05-14,West,Apparel,Loyalty,19,328.33
2026-05-14,West,Electronics,Returning,21,769.28
2026-05-14,West,Home,New,25,1995.08
2026-05-14,West,Outdoor,Loyalty,21,1353.25
2026-05-14,West,Beauty,Loyalty,18,634.55
2026-05-15,Northeast,Apparel,Returning,9,956.36
2026-05-15,Northeast,Electronics,Returning,6,669.72
2026-05-15,Northeast,Home,Loyalty,16,458.62
2026-05-15,Northeast,Outdoor,New,14,1063.42
2026-05-15,Northeast,Beauty,New,6,454.66
2026-05-15,Southeast,Apparel,Loyalty,19,1898.23
2026-05-15,Southeast,Electronics,Loyalty,23,1908.14
2026-05-15,Southeast,Home,Returning,7,690.47
2026-05-15,Southeast,Outdoor,Returning,24,2503.79
2026-05-15,Southeast,Beauty,Returning,13,995.53
2026-05-15,Midwest,Apparel,Loyalty,7,541.74
2026-05-15,Midwest,Electronics,Loyalty,19,1908.9
2026-05-15,Midwest,Home,Returning,20,1868.06
2026-05-15,Midwest,Outdoor,Returning,7,643.91
2026-05-15,Midwest,Beauty,Loyalty,11,1170.33
2026-05-15,West,Apparel,Loyalty,16,269.8
2026-05-15,West,Electronics,Returning,12,504.37
2026-05-15,West,Home,New,20,1580.86
2026-05-15,West,Outdoor,Loyalty,14,1145.39
2026-05-15,West,Beauty,Loyalty,20,842.51
2026-05-16,Northeast,Apparel,New,23,1014.05
2026-05-16,Northeast,Electronics,Returning,14,1417.1
2026-05-16,Northeast,Home,Loyalty,21,1353.24
2026-05-16,Northeast,Outdoor,Returning,19,1845.89
2026-05-16,Northeast,Beauty,Loyalty,23,759.66
2026-05-16,Southeast,Apparel,Loyalty,17,403.04
2026-05-16,Southeast,Electronics,New,17,386.93
2026-05-16,Southeast,Home,New,25,2839.59
2026-05-16,Southeast,Outdoor,New,8,865.96
2026-05-16,Southeast,Beauty,New,15,975.94
2026-05-16,Midwest,Apparel,New,15,1774.4
2026-05-16,Midwest,Electronics,Loyalty,24,2195.9
2026-05-16,Midwest,Home,New,26,2724.15
2026-05-16,Midwest,Outdoor,Returning,26,493.2
2026-05-16,Midwest,Beauty,Loyalty,17,1714.39
2026-05-16,West,Apparel,New,6,556.63
2026-05-16,West,Electronics,Returning,9,612.4
2026-05-16,West,Home,New,23,604.67
2026-05-16,West,Outdoor,Returning,16,1443.58
2026-05-16,West,Beauty,Returning,25,2767.93
2026-05-17,Northeast,Apparel,New,11,560.73
2026-05-17,Northeast,Electronics,Returning,24,1371.81
2026-05-17,Northeast,Home,Loyalty,25,2462.03
2026-05-17,Northeast,Outdoor,Loyalty,14,406.87
2026-05-17,Northeast,Beauty,Loyalty,14,1252.89
2026-05-17,Southeast,Apparel,New,21,911.45
2026-05-17,Southeast,Electronics,New,15,1516.77
2026-05-17,Southeast,Home,Returning,16,1756.17
2026-05-17,Southeast,Outdoor,New,11,624.58
2026-05-17,Southeast,Beauty,New,19,355.23
2026-05-17,Midwest,Apparel,Returning,17,502.25
2026-05-17,Midwest,Electronics,New,24,2661.83
2026-05-17,Midwest,Home,Returning,22,443.33
2026-05-17,Midwest,Outdoor,Loyalty,15,619.1
2026-05-17,Midwest,Beauty,Returning,25,1693.79
2026-05-17,West,Apparel,New,14,352.27
2026-05-17,West,Electronics,Loyalty,16,1102.2
2026-05-17,West,Home,Returning,5,208.64
2026-05-17,West,Outdoor,New,23,489.55
2026-05-17,West,Beauty,Loyalty,25,516.55
2026-05-18,Northeast,Apparel,New,9,843.32
2026-05-18,Northeast,Electronics,Returning,13,1150.31
2026-05-18,Northeast,Home,Loyalty,6,403.39
2026-05-18,Northeast,Outdoor,Returning,7,367.84
2026-05-18,Northeast,Beauty,Loyalty,14,647.87
2026-05-18,Southeast,Apparel,Loyalty,16,979.53
2026-05-18,Southeast,Electronics,Returning,12,742.6
2026-05-18,Southeast,Home,New,13,678.84
2026-05-18,Southeast,Outdoor,Loyalty,16,1121.01
2026-05-18,Southeast,Beauty,New,7,122.64
2026-05-18,Midwest,Apparel,New,11,783.11
2026-05-18,Midwest,Electronics,Returning,9,786.44
2026-05-18,Midwest,Home,Loyalty,22,2516.91
2026-05-18,Midwest,Outdoor,New,23,435.03
2026-05-18,Midwest,Beauty,Loyalty,22,2480.42
2026-05-18,West,Apparel,Loyalty,5,200.28
2026-05-18,West,Electronics,Loyalty,14,1235.27
2026-05-18,West,Home,Loyalty,20,1605.33
2026-05-18,West,Outdoor,Returning,13,792.03
2026-05-18,West,Beauty,Loyalty,15,1463.54
2026-05-19,Northeast,Apparel,Loyalty,4,338.76
2026-05-19,Northeast,Electronics,Loyalty,5,105.32
2026-05-19,Northeast,Home,Loyalty,7,426.46
2026-05-19,Northeast,Outdoor,New,10,798.49
2026-05-19,Northeast,Beauty,Loyalty,17,726.4
2026-05-19,Southeast,Apparel,New,22,2041.25
2026-05-19,Southeast,Electronics,Loyalty,23,1255.38
2026-05-19,Southeast,Home,New,26,1470.13
2026-05-19,Southeast,Outdoor,Returning,13,379.08
2026-05-19,Southeast,Beauty,New,8,560.53
2026-05-19,Midwest,Apparel,Returning,22,2163.46
2026-05-19,Midwest,Electronics,New,26,1073.39
2026-05-19,Midwest,Home,Loyalty,9,188.67
2026-05-19,Midwest,Outdoor,Returning,7,350.97
2026-05-19,Midwest,Beauty,New,11,560.94
2026-05-19,West,Apparel,Returning,23,1235.87
2026-05-19,West,Electronics,New,24,2348.55
2026-05-19,West,Home,Loyalty,25,426.28
2026-05-19,West,Outdoor,Returning,22,1296.26
2026-05-19,West,Beauty,Returning,11,1195.27
2026-05-20,Northeast,Apparel,New,20,532.63
2026-05-20,Northeast,Electronics,Returning,21,1946.51
2026-05-20,Northeast,Home,Loyalty,4,154.39
2026-05-20,Northeast,Outdoor,Loyalty,4,342.93
2026-05-20,Northeast,Beauty,New,5,462.38
2026-05-20,Southeast,Apparel,New,16,1375.69
2026-05-20,Southeast,Electronics,Returning,8,206.72
2026-05-20,Southeast,Home,Returning,26,2523.21
2026-05-20,Southeast,Outdoor,New,25,763.03
2026-05-20,Southeast,Beauty,New,26,851.53
2026-05-20,Midwest,Apparel,Loyalty,25,2262.72
2026-05-20,Midwest,Electronics,New,4,470.08
2026-05-20,Midwest,Home,New,24,454.32
2026-05-20,Midwest,Outdoor,Returning,8,678.47
2026-05-20,Midwest,Beauty,Loyalty,18,1817.33
2026-05-20,West,Apparel,Loyalty,15,728.47
2026-05-20,West,Electronics,New,4,160.67
2026-05-20,West,Home,Returning,7,277.99
2026-05-20,West,Outdoor,Returning,12,499.84
2026-05-20,West,Beauty,Loyalty,8,667.92
2026-05-21,Northeast,Apparel,Returning,14,895.84
2026-05-21,Northeast,Electronics,Loyalty,16,315.39
2026-05-21,Northeast,Home,Loyalty,23,991.13
2026-05-21,Northeast,Outdoor,New,20,1145.47
2026-05-21,Northeast,Beauty,Loyalty,24,1733.2
2026-05-21,Southeast,Apparel,Returning,14,913.19
2026-05-21,Southeast,Electronics,Returning,9,875.71
2026-05-21,Southeast,Home,New,9,762.37
2026-05-21,Southeast,Outdoor,Returning,7,831.68
2026-05-21,Southeast,Beauty,Loyalty,13,805.67
2026-05-21,Midwest,Apparel,Loyalty,6,706.08
2026-05-21,Midwest,Electronics,Loyalty,4,356.58
2026-05-21,Midwest,Home,Loyalty,15,484.46
2026-05-21,Midwest,Outdoor,Loyalty,4,91.15
2026-05-21,Midwest,Beauty,Loyalty,9,723.73
2026-05-21,West,Apparel,Returning,14,333.69
2026-05-21,West,Electronics,New,20,907.49
2026-05-21,West,Home,Returning,5,548.94
2026-05-21,West,Outdoor,New,13,725.36
2026-05-21,West,Beauty,New,18,358.85
2026-05-22,Northeast,Apparel,New,16,1448.66
2026-05-22,Northeast,Electronics,New,4,182.02
2026-05-22,Northeast,Home,Returning,26,2255.41
2026-05-22,Northeast,Outdoor,Loyalty,23,2092.74
2026-05-22,Northeast,Beauty,New,14,862.14
2026-05-22,Southeast,Apparel,New,25,2015.42
2026-05-22,Southeast,Electronics,Returning,10,271.34
2026-05-22,Southeast,Home,Returning,17,877.75
2026-05-22,Southeast,Outdoor,Loyalty,5,574.45
2026-05-22,Southeast,Beauty,Loyalty,13,971.69
2026-05-22,Midwest,Apparel,Loyalty,19,882.62
2026-05-22,Midwest,Electronics,New,22,2094.82
2026-05-22,Midwest,Home,Loyalty,25,2783.24
2026-05-22,Midwest,Outdoor,Returning,5,111.1
2026-05-22,Midwest,Beauty,New,21,2137.83
2026-05-22,West,Apparel,New,19,1416.55
2026-05-22,West,Electronics,Loyalty,22,1196.11
2026-05-22,West,Home,New,7,540.39
2026-05-22,West,Outdoor,Returning,7,186.31
2026-05-22,West,Beauty,Loyalty,23,1402.78
2026-05-23,Northeast,Apparel,Returning,22,2120.9
2026-05-23,Northeast,Electronics,New,10,1006.18
2026-05-23,Northeast,Home,New,18,1454.2
2026-05-23,Northeast,Outdoor,Returning,16,253.04
2026-05-23,Northeast,Beauty,Loyalty,12,949.75
2026-05-23,Southeast,Apparel,Loyalty,8,280.94
2026-05-23,Southeast,Electronics,Loyalty,21,1336.14
2026-05-23,Southeast,Home,Returning,21,2052.75
2026-05-23,Southeast,Outdoor,Loyalty,26,729.92
2026-05-23,Southeast,Beauty,Loyalty,23,346.79
2026-05-23,Midwest,Apparel,New,19,1293.22
2026-05-23,Midwest,Electronics,Loyalty,5,429.69
2026-05-23,Midwest,Home,Returning,21,1380.82
2026-05-23,Midwest,Outdoor,New,20,1433.79
2026-05-23,Midwest,Beauty,Returning,13,541.93
2026-05-23,West,Apparel,Returning,21,334.6
2026-05-23,West,Electronics,Loyalty,18,1444.24
2026-05-23,West,Home,Returning,14,1099.74
2026-05-23,West,Outdoor,New,25,426.45
2026-05-23,West,Beauty,Loyalty,23,2617.32
2026-05-24,Northeast,Apparel,New,15,1039.95
2026-05-24,Northeast,Electronics,Returning,22,729.27
2026-05-24,Northeast,Home,Loyalty,16,1767.02
2026-05-24,Northeast,Outdoor,Returning,21,1253.15
2026-05-24,Northeast,Beauty,New,23,2318.52
2026-05-24,Southeast,Apparel,New,22,615.14
2026-05-24,Southeast,Electronics,Loyalty,8,183.84
2026-05-24,Southeast,Home,New,5,486.46
2026-05-24,Southeast,Outdoor,Loyalty,23,2014.14
2026-05-24,Southeast,Beauty,New,10,548.16
2026-05-24,Midwest,Apparel,Returning,18,273.52
2026-05-24,Midwest,Electronics,Loyalty,7,153.82
2026-05-24,Midwest,Home,New,16,1054.62
2026-05-24,Midwest,Outdoor,New,15,1445.12
2026-05-24,Midwest,Beauty,Returning,23,842.16
2026-05-24,West,Apparel,Loyalty,24,2638.16
2026-05-24,West,Electronics,Loyalty,16,250.04
2026-05-24,West,Home,Loyalty,6,474.3
2026-05-24,West,Outdoor,Loyalty,11,709.11
2026-05-24,West,Beauty,Loyalty,21,1427.49
2026-05-25,Northeast,Apparel,Loyalty,16,1866.2
2026-05-25,Northeast,Electronics,New,10,842.77
2026-05-25,Northeast,Home,New,8,360.49
2026-05-25,Northeast,Outdoor,New,25,711.46
2026-05-25,Northeast,Beauty,Loyalty,20,314.91
2026-05-25,Southeast,Apparel,New,24,2063.42
2026-05-25,Southeast,Electronics,Loyalty,18,1567.32
2026-05-25,Southeast,Home,Returning,13,1075.26
2026-05-25,Southeast,Outdoor,New,4,190.54
2026-05-25,Southeast,Beauty,Returning,23,685.15
2026-05-25,Midwest,Apparel,Loyalty,6,414.84
2026-05-25,Midwest,Electronics,New,8,802.49
2026-05-25,Midwest,Home,Returning,19,557.61
2026-05-25,Midwest,Outdoor,New,26,2485.41
2026-05-25,Midwest,Beauty,New,11,1263.83
2026-05-25,West,Apparel,New,18,1080.38
2026-05-25,West,Electronics,New,17,762.54
2026-05-25,West,Home,Returning,23,1815.61
2026-05-25,West,Outdoor,New,17,738.92
2026-05-25,West,Beauty,Returning,17,1638.76
2026-05-26,Northeast,Apparel,New,13,1394.02
2026-05-26,Northeast,Electronics,Returning,20,330.88
2026-05-26,Northeast,Home,Loyalty,15,425.8
2026-05-26,Northeast,Outdoor,Returning,6,670.92
2026-05-26,Northeast,Beauty,Loyalty,16,920.13
2026-05-26,Southeast,Apparel,New,8,424.56
2026-05-26,Southeast,Electronics,Returning,4,112.08
2026-05-26,Southeast,Home,Loyalty,13,668.67
2026-05-26,Southeast,Outdoor,Loyalty,21,1087.56
2026-05-26,Southeast,Beauty,New,12,1132.7
2026-05-26,Midwest,Apparel,Returning,24,1086.52
2026-05-26,Midwest,Electronics,Returning,17,1762.87
2026-05-26,Midwest,Home,Returning,23,814.24
2026-05-26,Midwest,Outdoor,Returning,13,1494.34
2026-05-26,Midwest,Beauty,New,24,520.18
2026-05-26,West,Apparel,Returning,18,1694.02
2026-05-26,West,Electronics,Loyalty,17,329.27
2026-05-26,West,Home,Returning,16,1500.7
2026-05-26,West,Outdoor,New,12,749.12
2026-05-26,West,Beauty,Loyalty,20,980.09
2026-05-27,Northeast,Apparel,Loyalty,13,841.25
2026-05-27,Northeast,Electronics,New,26,2122.01
2026-05-27,Northeast,Home,New,16,1800.13
2026-05-27,Northeast,Outdoor,New,26,939.75
2026-05-27,Northeast,Beauty,New,17,937.01
2026-05-27,Southeast,Apparel,Loyalty,16,685.74
2026-05-27,Southeast,Electronics,Returning,7,499.68
2026-05-27,Southeast,Home,Loyalty,26,2352.67
2026-05-27,Southeast,Outdoor,Returning,7,810.34
2026-05-27,Southeast,Beauty,Loyalty,5,314.39
2026-05-27,Midwest,Apparel,Returning,14,1056.59
2026-05-27,Midwest,Electronics,New,21,2016.37
2026-05-27,Midwest,Home,Loyalty,24,1431.77
2026-05-27,Midwest,Outdoor,New,18,939.76
2026-05-27,Midwest,Beauty,New,12,1395.22
2026-05-27,West,Apparel,Loyalty,7,465.47
2026-05-27,West,Electronics,New,7,736.12
2026-05-27,West,Home,Returning,5,107.37
2026-05-27,West,Outdoor,New,17,1135.63
2026-05-27,West,Beauty,Returning,16,1066.28
2026-05-28,Northeast,Apparel,Returning,12,233.04
2026-05-28,Northeast,Electronics,New,12,1418.33
2026-05-28,Northeast,Home,Loyalty,26,468.16
2026-05-28,Northeast,Outdoor,Loyalty,12,1112.77
2026-05-28,Northeast,Beauty,Loyalty,5,412.73
2026-05-28,Southeast,Apparel,New,25,1504.88
2026-05-28,Southeast,Electronics,New,21,2227.12
2026-05-28,Southeast,Home,Loyalty,15,285.28
2026-05-28,Southeast,Outdoor,New,19,1446.23
2026-05-28,Southeast,Beauty,Returning,5,373.39
2026-05-28,Midwest,Apparel,Returning,24,2831.96
2026-05-28,Midwest,Electronics,Loyalty,18,1514.47
2026-05-28,Midwest,Home,Loyalty,13,972.35
2026-05-28,Midwest,Outdoor,New,21,1593.29
2026-05-28,Midwest,Beauty,Loyalty,11,1165.24
2026-05-28,West,Apparel,New,22,465.66
2026-05-28,West,Electronics,Loyalty,11,526.19
2026-05-28,West,Home,Returning,4,368.17
2026-05-28,West,Outdoor,Returning,9,877.29
2026-05-28,West,Beauty,Returning,26,2882.67
2026-05-29,Northeast,Apparel,Returning,21,1582.06
2026-05-29,Northeast,Electronics,Returning,8,852.64
2026-05-29,Northeast,Home,New,20,1331.46
2026-05-29,Northeast,Outdoor,Loyalty,19,629.76
2026-05-29,Northeast,Beauty,Returning,21,1458.14
2026-05-29,Southeast,Apparel,Loyalty,23,1508.8
2026-05-29,Southeast,Electronics,Returning,12,1261.43
2026-05-29,Southeast,Home,New,18,801.64
2026-05-29,Southeast,Outdoor,Returning,15,1000.69
2026-05-29,Southeast,Beauty,Returning,7,607.07
2026-05-29,Midwest,Apparel,Loyalty,10,572.73
2026-05-29,Midwest,Electronics,New,20,1497.7
2026-05-29,Midwest,Home,New,23,1673.02
2026-05-29,Midwest,Outdoor,Loyalty,14,1580.68
2026-05-29,Midwest,Beauty,Loyalty,21,2507.16
2026-05-29,West,Apparel,Loyalty,20,2229.28
2026-05-29,West,Electronics,Returning,20,410.44
2026-05-29,West,Home,Loyalty,11,872.66
2026-05-29,West,Outdoor,New,6,271.99
2026-05-29,West,Beauty,New,5,446.94
2026-05-30,Northeast,Apparel,Loyalty,13,966.75
2026-05-30,Northeast,Electronics,New,21,628.99
2026-05-30,Northeast,Home,Returning,12,819.26
2026-05-30,Northeast,Outdoor,New,26,2560.11
2026-05-30,Northeast,Beauty,Loyalty,6,461.62
2026-05-30,Southeast,Apparel,Returning,22,689.9
2026-05-30,Southeast,Electronics,Loyalty,22,1946.1
2026-05-30,Southeast,Home,New,25,922.99
2026-05-30,Southeast,Outdoor,Loyalty,13,307.19
2026-05-30,Southeast,Beauty,Loyalty,20,2265.17
2026-05-30,Midwest,Apparel,Loyalty,25,796.83
2026-05-30,Midwest,Electronics,Loyalty,13,989.45
2026-05-30,Midwest,Home,Loyalty,10,159.74
2026-05-30,Midwest,Outdoor,Returning,23,917.92
2026-05-30,Midwest,Beauty,Returning,11,1118.26
2026-05-30,West,Apparel,Loyalty,13,742.09
2026-05-30,West,Electronics,New,9,292.88
2026-05-30,West,Home,New,7,607.36
2026-05-30,West,Outdoor,Loyalty,9,150.6
2026-05-30,West,Beauty,New,26,2955.1
2026-05-31,Northeast,Apparel,Loyalty,17,1689.92
2026-05-31,Northeast,Electronics,New,20,1921.88
2026-05-31,Northeast,Home,Loyalty,9,1029.26
2026-05-31,Northeast,Outdoor,Returning,13,1178.6
2026-05-31,Northeast,Beauty,Loyalty,6,368.42
2026-05-31,Southeast,Apparel,New,18,846.45
2026-05-31,Southeast,Electronics,Loyalty,20,661.29
2026-05-31,Southeast,Home,Returning,10,607.89
2026-05-31,Southeast,Outdoor,Returning,10,1197
2026-05-31,Southeast,Beauty,Loyalty,20,521.15
2026-05-31,Midwest,Apparel,Loyalty,16,899.37
2026-05-31,Midwest,Electronics,New,12,1371.05
2026-05-31,Midwest,Home,Returning,18,423.07
2026-05-31,Midwest,Outdoor,New,13,269.45
2026-05-31,Midwest,Beauty,New,10,151.89
2026-05-31,West,Apparel,Returning,8,203.79
2026-05-31,West,Electronics,Returning,4,88.89
2026-05-31,West,Home,Loyalty,22,1944.33
2026-05-31,West,Outdoor,Loyalty,24,2651.88
2026-05-31,West,Beauty,Loyalty,9,1043.61